id_toma,periodo,fecha_lectura,lectura_inicial,lectura_final,consumo_m3,medidor_mudo,tiene_fuga
T62DB418771,2024-04,2024-04-20,987.0,1012.5,25.5,False,False
T516D296A99,2024-04,2024-04-24,700.0,707.5,7.5,False,False
TF6199DECCB,2024-04,2024-04-24,933.0,975.7,42.7,False,False
TBFDD3649BD,2024-04,2024-04-22,1247.0,1263.9,16.9,False,False
T1A8F7C05C9,2024-04,2024-04-22,1202.0,1210.6,8.6,False,False
T6B4FC6C7C6,2024-04,2024-04-25,596.0,618.5,22.5,False,False
T6EE7490E19,2024-04,2024-04-23,1346.0,1362.2,16.2,False,False
T771EC6B537,2024-04,2024-04-21,878.0,883.0,5.0,False,False
TA87CD37475,2024-04,2024-04-22,241.0,273.1,32.1,False,False
T00048F12E2,2024-04,2024-04-22,110.0,122.7,12.7,False,False
TDE3B85E449,2024-04,2024-04-25,943.0,965.1,22.1,False,False
TDFD5EF1E2B,2024-04,2024-04-25,550.0,565.4,15.4,False,False
T6BE1C12D07,2024-04,2024-04-23,1047.0,1229.2,182.2,False,False
TE17C7596F7,2024-04,2024-04-24,141.0,161.5,20.5,False,False
TF0590D064A,2024-04,2024-04-22,438.0,456.6,18.6,False,False
T0201C8273D,2024-04,2024-04-23,354.0,367.2,13.2,False,False
T416D725964,2024-04,2024-04-23,1080.0,1095.2,15.2,False,False
T592985E849,2024-04,2024-04-23,181.0,213.0,32.0,False,False
T8CFD079CB6,2024-04,2024-04-22,1467.0,1483.3,16.3,False,False
TD10A6EDCA0,2024-04,2024-04-21,743.0,771.8,28.8,False,False
T0CE7987E4B,2024-04,2024-04-24,245.0,316.5,71.5,False,False
T0F12629295,2024-04,2024-04-20,370.0,373.4,3.4,False,False
T7833B36159,2024-04,2024-04-20,549.0,564.4,15.4,False,False
T997FF51E88,2024-04,2024-04-22,760.0,772.7,12.7,False,False
TB0AFAFC426,2024-04,2024-04-22,1492.0,1547.1,55.1,False,False
T4B2228F178,2024-04,2024-04-25,504.0,521.9,17.9,False,False
T5D1D63651A,2024-04,2024-04-25,256.0,273.9,17.9,False,False
T005A9CE174,2024-04,2024-04-20,1241.0,1255.0,14.0,False,False
T0E572DDC2C,2024-04,2024-04-21,984.0,996.3,12.3,False,False
T6B4C3EB33E,2024-04,2024-04-25,1300.0,1304.5,4.5,False,False
T98621FD0F2,2024-04,2024-04-22,787.0,787.0,0.0,True,False
TCED7759D69,2024-04,2024-04-21,1181.0,1199.2,18.2,False,False
T148BA00559,2024-04,2024-04-24,1044.0,1071.8,27.8,False,False
T8EF8382AF5,2024-04,2024-04-20,1452.0,1464.9,12.9,False,False
T294140BCEC,2024-04,2024-04-24,195.0,224.4,29.4,False,False
T2B4ECE5F7A,2024-04,2024-04-21,202.0,228.5,26.5,False,False
TFCDB644B38,2024-04,2024-04-24,227.0,250.3,23.3,False,False
TF46C85CB55,2024-04,2024-04-25,612.0,81.57890309049104,6.4,False,False
T635E7348B0,2024-04,2024-04-24,204.0,232.3,28.3,False,False
TD950C1321E,2024-04,2024-04-21,262.0,280.5,18.5,False,False
T79F7CA1313,2024-04,2024-04-24,211.0,219.1,8.1,False,False
T1890D0D69D,2024-04,2024-04-21,741.0,757.2,16.2,False,False
T92ED6C6BBC,2024-04,2024-04-21,419.0,427.0,8.0,False,False
T1A234D637E,2024-04,2024-04-24,1085.0,1101.7,16.7,False,False
T0FA07C2AE6,2024-04,2024-04-23,314.0,322.5,8.5,False,False
T85D9327E38,2024-04,2024-04-20,1270.0,1283.5,13.5,False,False
T9B2220E701,2024-04,2024-04-22,884.0,910.8,26.8,False,False
T75AE25B236,2024-04,2024-04-20,798.0,810.0,12.0,False,False
T85C4B9E9BD,2024-04,2024-04-24,1135.0,1141.5,6.5,False,False
TAAC46C752C,2024-04,2024-04-21,1482.0,1488.0,6.0,False,False
TB5ABA37301,2024-04,2024-04-20,773.0,791.6,18.6,False,False
TDB1931905E,2024-04,2024-04-24,920.0,932.4,12.4,False,False
T8A79BCF725,2024-04,2024-04-21,1256.0,1263.8,7.8,False,False
T1383BC162C,2024-04,2024-04-22,1481.0,1495.0,14.0,False,False
TE3F34F661C,2024-04,2024-04-22,721.0,782.6,61.6,False,False
T945DF5CC73,2024-04,2024-04-20,1018.0,1025.5,7.5,False,False
T89289351AD,2024-04,2024-04-21,1084.0,1084.0,0.0,True,False
T3C6A8E589D,2024-04,2024-04-25,83.0,111.2,28.2,False,False
T9EDB41553F,2024-04,2024-04-24,178.0,187.0,9.0,False,False
T39FECD2D40,2024-04,2024-04-21,645.0,663.9,18.9,False,False
T393F331539,2024-04,2024-04-22,327.0,339.2,12.2,False,False
T44E572D176,2024-04,2024-04-25,288.0,308.6,20.6,False,False
T6A0C9518A5,2024-04,2024-04-23,1159.0,1176.5,17.5,False,False
T6F6C091F32,2024-04,2024-04-24,1287.0,1300.8,13.8,False,False
T0A7DFC3903,2024-04,2024-04-23,1295.0,1318.1,23.1,False,False
T4CA807AAAE,2024-04,2024-04-20,165.0,203.2,38.2,False,False
T292B036CC6,2024-04,2024-04-25,792.0,810.3,18.3,False,False
TF252236170,2024-04,2024-04-21,2.0,26.2,24.2,False,False
T47A88C447A,2024-04,2024-04-23,653.0,661.1,8.1,False,False
T29274E7656,2024-04,2024-04-22,241.0,241.0,0.0,True,False
TF94B3B4CEA,2024-04,2024-04-22,469.0,485.7,16.7,False,False
TD79C86593F,2024-04,2024-04-23,878.0,900.4,22.4,False,False
T042B2178D1,2024-04,2024-04-22,58.0,79.9,21.9,False,False
TE9E2B18053,2024-04,2024-04-25,272.0,323.3,51.3,False,False
T80D9A080BE,2024-04,2024-04-25,1315.0,1356.5,41.5,False,False
T580C1D0E5A,2024-04,2024-04-22,440.0,498.3,58.3,False,False
T262047037E,2024-04,2024-04-20,458.0,475.7,17.7,False,False
T997FBB56CB,2024-04,2024-04-20,1376.0,1393.1,17.1,False,False
T488907BADA,2024-04,2024-04-24,144.0,166.5,22.5,False,False
T959B664297,2024-04,2024-04-20,35.0,48.9,13.9,False,False
TCE4FA87780,2024-04,2024-04-22,1212.0,1223.5,11.5,False,False
T6A6F416B64,2024-04,2024-04-23,931.0,945.5,14.5,False,False
T5C22EC11B8,2024-04,2024-04-21,430.0,478.0,48.0,False,False
T132EB7CE2B,2024-04,2024-04-20,1045.0,1058.1,13.1,False,False
T011F73020E,2024-04,2024-04-25,1048.0,1072.5,24.5,False,False
T0197678D11,2024-04,2024-04-21,585.0,623.1,38.1,False,False
TBA58CFEBC6,2024-04,2024-04-22,1378.0,1400.7,22.7,False,False
T78A401EEAD,2024-04,2024-04-25,178.0,198.7,20.7,False,False
TE33F90B286,2024-04,2024-04-20,306.0,321.8,15.8,False,False
T761C9E26E6,2024-04,2024-04-25,229.0,229.0,0.0,True,False
T65187CE62C,2024-04,2024-04-22,477.0,517.5,40.5,False,False
T6DD4962896,2024-04,2024-04-21,197.0,210.5,13.5,False,False
T57E5EAB9B8,2024-04,2024-04-22,996.0,1007.3,11.3,False,False
T0D1C506545,2024-04,2024-04-24,739.0,751.3,12.3,False,False
T16385BC409,2024-04,2024-04-20,208.0,218.1,10.1,False,False
T703E749B16,2024-04,2024-04-25,656.0,669.2,13.2,False,False
TE03815B898,2024-04,2024-04-21,1369.0,1394.1,25.1,False,False
T5EDC8CD764,2024-04,2024-04-24,1017.0,1029.8,12.8,False,False
T8A0E42EA46,2024-04,2024-04-21,1130.0,1143.6,13.6,False,False
T58E4665FE8,2024-04,2024-04-25,226.0,250.7,24.7,False,False
T45A3829C6C,2024-04,2024-04-23,159.0,175.6,16.6,False,False
T0F2B41D96D,2024-04,2024-04-24,33.0,68.0,35.0,False,False
T45E4DAC832,2024-04,2024-04-22,715.0,729.6,14.6,False,False
TB308B5DC7A,2024-04,2024-04-20,1055.0,1070.2,15.2,False,False
T5A52BDFD5B,2024-04,2024-04-20,1141.0,1148.1,7.1,False,False
T3B6195226D,2024-04,2024-04-21,424.0,446.6,22.6,False,False
TEF3ACC364D,2024-04,2024-04-24,60.0,74.2,14.2,False,False
T0E3944E1C7,2024-04,2024-04-22,1337.0,1356.0,19.0,False,False
TC5E02C2AE1,2024-04,2024-04-23,825.0,830.1,5.1,False,False
T9C181CA6B2,2024-04,2024-04-21,466.0,482.4,16.4,False,False
T46D0D9FE06,2024-04,2024-04-22,885.0,900.8,15.8,False,False
T3763EE0258,2024-04,2024-04-21,250.0,261.2,11.2,False,False
TB6793708AF,2024-04,2024-04-23,718.0,725.5,7.5,False,False
T02BF3919B7,2024-04,2024-04-23,1153.0,1164.3,11.3,False,False
T61903D0C08,2024-04,2024-04-25,352.0,362.6,10.6,False,False
T1540962193,2024-04,2024-04-22,253.0,337.7,84.7,False,False
TE8DF4BFC62,2024-04,2024-04-23,1306.0,1351.8,45.8,False,False
T97A5E4F98E,2024-04,2024-04-25,1113.0,1131.1,18.1,False,False
TB2B631F6DE,2024-04,2024-04-20,48.0,48.0,0.0,True,False
TFD4476DD46,2024-04,2024-04-24,501.0,533.8,32.8,False,False
T63AE43B763,2024-04,2024-04-24,754.0,778.7,24.7,False,False
TF7E0F3ADFA,2024-04,2024-04-20,567.0,567.0,0.0,True,False
T9F3D4A99A8,2024-04,2024-04-20,952.0,956.8,4.8,False,False
T3AF0CA5142,2024-04,2024-04-25,767.0,818.0,51.0,False,False
T525C93E294,2024-04,2024-04-24,227.0,235.9,8.9,False,False
TA60FF3309B,2024-04,2024-04-24,1102.0,1115.6,13.6,False,False
T6230F0F81A,2024-04,2024-04-21,134.0,151.2,17.2,False,False
T486DC7662A,2024-04,2024-04-24,769.0,965.3,196.3,False,False
T0DD0FDF0BD,2024-04,2024-04-20,509.0,531.9,22.9,False,False
T81EEF6FCD3,2024-04,2024-04-21,743.0,758.1,15.1,False,False
T6269371CAA,2024-04,2024-04-20,1309.0,1320.0,11.0,False,False
TF7BDB30AC3,2024-04,2024-04-25,350.0,389.1,39.1,False,False
TC1EBE75CAC,2024-04,2024-04-22,877.0,877.0,0.0,True,False
T0A0805FB46,2024-04,2024-04-22,1470.0,1492.9,22.9,False,False
T7C1EBC3C4C,2024-04,2024-04-20,267.0,290.5,23.5,False,False
TFB5558315C,2024-04,2024-04-24,83.0,,,False,False
T4D34DCD6FE,2024-04,2024-04-20,614.0,628.0,14.0,False,False
T8F2163E1AC,2024-04,2024-04-20,1278.0,1311.0,33.0,False,False
T6D36EEA27E,2024-04,2024-04-21,120.0,137.6,17.6,False,False
TD718599337,2024-04,2024-04-20,700.0,746.4,46.4,False,False
TACFC1D584E,2024-04,2024-04-21,980.0,1002.8,22.8,False,False
TE1CE4D9E5A,2024-04,2024-04-25,230.0,246.9,16.9,False,False
TEEB9050E6F,2024-04,2024-04-23,520.0,552.2,32.2,False,False
T266175A7E1,2024-04,2024-04-24,1281.0,1318.1,37.1,False,False
T188F8436EB,2024-04,2024-04-22,415.0,423.6,8.6,False,False
TBF5EF4019A,2024-04,2024-04-24,767.0,778.4,11.4,False,False
TF8038E3438,2024-04,2024-04-23,628.0,641.5,13.5,False,False
T14A35B501D,2024-04,2024-04-25,858.0,858.0,0.0,True,False
TACA1F6575E,2024-04,2024-04-21,4.0,20.1,16.1,False,False
T425CF74F89,2024-04,2024-04-21,958.0,960.0,2.0,False,False
T7E561E41DF,2024-04,2024-04-22,1441.0,1459.1,18.1,False,False
TAE21909B09,2024-04,2024-04-23,462.0,478.8,16.8,False,False
TA49FD77129,2024-04,2024-04-22,763.0,806.7,43.7,False,False
T83C53CBDE3,2024-04,2024-04-20,648.0,,,False,False
T8989E9F3E0,2024-04,2024-04-25,902.0,930.0,28.0,False,False
T0E868A3F47,2024-04,2024-04-24,1400.0,1425.7,25.7,False,False
TAA4A146A6F,2024-04,2024-04-23,847.0,854.5,7.5,False,False
T929701588B,2024-04,2024-04-23,543.0,551.5,8.5,False,False
TCBA87E8F93,2024-04,2024-04-22,1369.0,1388.6,19.6,False,False
T71B2CE98BC,2024-04,2024-04-21,1340.0,1368.4,28.4,False,False
T3104E606FB,2024-04,2024-04-21,1432.0,1449.0,17.0,False,False
TC9C584B8EF,2024-04,2024-04-22,362.0,407.0,45.0,False,True
T42EAACA5A6,2024-04,2024-04-20,335.0,349.6,14.6,False,False
T27CD292019,2024-04,2024-04-23,1261.0,1282.2,21.2,False,False
T2631941D4D,2024-04,2024-04-21,1396.0,1420.8,24.8,False,False
TD6D0D046B5,2024-04,2024-04-20,334.0,340.4,6.4,False,False
T930BCF26DA,2024-04,2024-04-21,1366.0,1387.2,21.2,False,False
T7A263D97A8,2024-04,2024-04-22,117.0,130.7,13.7,False,False
T84CC232045,2024-04,2024-04-25,948.0,963.4,15.4,False,False
T1F7089E5B3,2024-04,2024-04-24,999.0,1021.3,22.3,False,False
T6DD01C39D7,2024-04,2024-04-22,902.0,931.4,29.4,False,False
TE3814F5946,2024-04,2024-04-25,1044.0,1052.9,8.9,False,False
T260F6D657D,2024-04,2024-04-23,1464.0,1485.0,21.0,False,False
TF9F158A927,2024-04,2024-04-24,604.0,624.5,20.5,False,False
T2A78E596A5,2024-04,2024-04-22,379.0,401.7,22.7,False,False
T48829C6681,2024-04,2024-04-22,585.0,605.5,20.5,False,False
T5446AB5D4F,2024-04,2024-04-25,1327.0,1337.3,10.3,False,False
T6FEE2A0A85,2024-04,2024-04-21,248.0,261.6,13.6,False,False
T37BA3005AD,2024-04,2024-04-25,964.0,995.5,31.5,False,False
T599538981A,2024-04,2024-04-22,761.0,814.1,53.1,False,False
TC1FE3D7E79,2024-04,2024-04-23,981.0,999.2,18.2,False,False
TAB633F4546,2024-04,2024-04-25,154.0,174.3,20.3,False,False
TEF123948C4,2024-04,2024-04-20,563.0,575.6,12.6,False,False
T50EA3E30B0,2024-04,2024-04-25,922.0,939.2,17.2,False,False
T10E8B50E63,2024-04,2024-04-22,993.0,1037.8,44.8,False,False
T75445AB825,2024-04,2024-04-21,1065.0,1079.8,14.8,False,False
T9AEC04CEE6,2024-04,2024-04-24,174.0,174.0,0.0,True,False
TE59C7E0558,2024-04,2024-04-23,346.0,356.1,10.1,False,False
T017F5CC857,2024-04,2024-04-25,1217.0,1243.6,26.6,False,False
T5740214D00,2024-04,2024-04-21,413.0,419.1,6.1,False,False
TA54FDBC969,2024-04,2024-04-25,458.0,508.2,50.2,False,False
T79348D1D8C,2024-04,2024-04-24,93.0,160.5,67.5,False,False
T0C38B9638D,2024-04,2024-04-23,714.0,741.1,27.1,False,False
TF8CD7DEDDA,2024-04,2024-04-25,592.0,,,False,False
TD4AA44C620,2024-04,2024-04-20,579.0,601.6,22.6,False,False
TBA22021045,2024-04,2024-04-23,140.0,210.5,70.5,False,False
TAE4991C39A,2024-04,2024-04-20,1373.0,1390.9,17.9,False,False
T926427EC22,2024-04,2024-04-24,553.0,571.2,18.2,False,False
T03F3726F54,2024-04,2024-04-25,895.0,913.9,18.9,False,False
T9C5C1B51E6,2024-04,2024-04-21,113.0,136.4,23.4,False,False
TAB67F85714,2024-04,2024-04-20,1457.0,1476.2,19.2,False,False
T021E4A2B45,2024-04,2024-04-25,476.0,489.4,13.4,False,False
T9C284C6EDE,2024-04,2024-04-22,1365.0,1385.6,20.6,False,False
TE5AE06739E,2024-04,2024-04-24,105.0,119.5,14.5,False,False
T01F422D988,2024-04,2024-04-22,1483.0,1493.9,10.9,False,False
T812E69DF24,2024-04,2024-04-23,406.0,468.1,62.1,False,False
T1753290875,2024-04,2024-04-20,1313.0,1326.7,13.7,False,False
T6453265506,2024-04,2024-04-20,1122.0,1122.0,0.0,True,False
T3DCE54CBCD,2024-04,2024-04-25,181.0,192.6,11.6,False,False
T25A59C1230,2024-04,2024-04-24,43.0,82.3,39.3,False,False
T7149DBE7E7,2024-04,2024-04-22,686.0,26.400022132797577,34.8,False,False
T17B01CE93D,2024-04,2024-04-21,1278.0,1287.9,9.9,False,False
T2A7B7C0706,2024-04,2024-04-21,1212.0,1229.1,17.1,False,False
TA2A12750E0,2024-04,2024-04-22,385.0,401.2,16.2,False,False
TCDF5CCF9D1,2024-04,2024-04-22,1471.0,1488.9,17.9,False,False
T136877D852,2024-04,2024-04-24,904.0,923.3,19.3,False,False
TD93E7F3525,2024-04,2024-04-22,1157.0,1166.7,9.7,False,False
T9E698DAD97,2024-04,2024-04-22,191.0,210.4,19.4,False,False
TA7CD008CD2,2024-04,2024-04-23,1133.0,1158.4,25.4,False,False
TB5E2F0D295,2024-04,2024-04-20,787.0,801.3,14.3,False,False
T886651EB56,2024-04,2024-04-23,1413.0,1444.7,31.7,False,False
T726E26C014,2024-04,2024-04-25,432.0,442.9,10.9,False,False
T47801013F9,2024-04,2024-04-22,74.0,100.2,26.2,False,False
T7B44E5C01C,2024-04,2024-04-21,1073.0,1079.4,6.4,False,False
T06E1B5C91E,2024-04,2024-04-24,560.0,560.0,0.0,True,False
TBD7AFAA9AB,2024-04,2024-04-25,1054.0,1077.4,23.4,False,False
T3A8AE15DE9,2024-04,2024-04-21,948.0,948.0,0.0,True,False
T90FCBE8560,2024-04,2024-04-23,1182.0,1195.9,13.9,False,False
T6B76BCDCC8,2024-04,2024-04-24,1189.0,1235.7,46.7,False,False
T6B61D786E8,2024-04,2024-04-23,949.0,962.9,13.9,False,False
TD8B8E83F9D,2024-04,2024-04-23,1209.0,1226.7,17.7,False,False
T353F39960E,2024-04,2024-04-21,368.0,,,False,False
TC44518846F,2024-04,2024-04-24,203.0,220.6,17.6,False,False
T3DBD424B8F,2024-04,2024-04-21,492.0,501.5,9.5,False,False
TB8E4E6CA4C,2024-04,2024-04-20,450.0,496.9,46.9,False,False
T54630B6404,2024-04,2024-04-23,145.0,166.8,21.8,False,False
T71623730B1,2024-04,2024-04-25,956.0,82.3171673148917,12.7,False,False
T7436A106AE,2024-04,2024-04-23,350.0,360.4,10.4,False,False
T6191B8FD69,2024-04,2024-04-24,1032.0,1045.9,13.9,False,False
TBA7727A83B,2024-04,2024-04-22,371.0,385.2,14.2,False,False
T66B24DDB8C,2024-04,2024-04-21,1477.0,1496.8,19.8,False,False
T0EAA0EDBAF,2024-04,2024-04-22,511.0,550.6,39.6,False,False
TDCBC842E3A,2024-04,2024-04-24,240.0,271.9,31.9,False,False
T305BACE840,2024-04,2024-04-21,608.0,625.8,17.8,False,False
TAD0E244201,2024-04,2024-04-21,901.0,929.9,28.9,False,False
T824A68B378,2024-04,2024-04-25,1208.0,1214.6,6.6,False,False
T9F72B39B89,2024-04,2024-04-22,569.0,576.8,7.8,False,False
T0380D1AD85,2024-04,2024-04-23,853.0,871.5,18.5,False,False
TD58AFBB420,2024-04,2024-04-20,1338.0,1396.2,58.2,False,False
TB1A6FA6009,2024-04,2024-04-25,265.0,275.2,10.2,False,False
TB95EB354D9,2024-04,2024-04-21,779.0,802.8,23.8,False,False
T6EBEC2B9E3,2024-04,2024-04-21,321.0,335.6,14.6,False,False
TCBAFB86C54,2024-04,2024-04-23,1441.0,1451.8,10.8,False,False
T2D884BEE59,2024-04,2024-04-25,994.0,1011.5,17.5,False,False
T81E3CAC404,2024-04,2024-04-24,1173.0,1180.1,7.1,False,False
TB13246DF04,2024-04,2024-04-20,1303.0,1369.3,66.3,False,False
T38FC29870C,2024-04,2024-04-20,829.0,838.2,9.2,False,False
T0B952300A6,2024-04,2024-04-24,944.0,963.8,19.8,False,False
T592EE5AE5A,2024-04,2024-04-20,357.0,374.8,17.8,False,False
T8AB7B992DC,2024-04,2024-04-24,1409.0,1421.4,12.4,False,False
TE13531501B,2024-04,2024-04-21,129.0,146.5,17.5,False,False
T603C6A7DDF,2024-04,2024-04-24,1193.0,,,False,False
T9B1CF87E17,2024-04,2024-04-23,428.0,446.8,18.8,False,False
T7E47E27FFB,2024-04,2024-04-20,939.0,952.5,13.5,False,False
T2FE3E18EED,2024-04,2024-04-22,874.0,889.5,15.5,False,False
T518FD2CD05,2024-04,2024-04-21,562.0,579.9,17.9,False,False
TCA03B52F53,2024-04,2024-04-21,187.0,203.1,16.1,False,False
TC97F0C81C8,2024-04,2024-04-25,419.0,548.8,129.8,False,False
T5825BB17FC,2024-04,2024-04-20,85.0,129.3,44.3,False,False
TC5E185C6E8,2024-04,2024-04-22,53.0,63.9,10.9,False,False
TEAD9E81003,2024-04,2024-04-22,682.0,701.7,19.7,False,False
TE23D5A574A,2024-04,2024-04-24,752.0,763.5,11.5,False,False
T04048D53A3,2024-04,2024-04-23,602.0,610.3,8.3,False,False
TE1AA9E77A7,2024-04,2024-04-24,889.0,893.4,4.4,False,False
TC54C99BA73,2024-04,2024-04-21,360.0,389.6,29.6,False,False
T013C0F8B57,2024-04,2024-04-21,1198.0,1211.2,13.2,False,False
T3C23C0A42C,2024-04,2024-04-25,756.0,776.7,20.7,False,False
TEDB2598366,2024-04,2024-04-24,1032.0,1044.9,12.9,False,False
T03D524AC98,2024-04,2024-04-25,1281.0,1295.4,14.4,False,False
T9B658694D7,2024-04,2024-04-22,342.0,372.4,30.4,False,False
T827DB403EF,2024-04,2024-04-24,979.0,981.6,2.6,False,False
TD5960FA89C,2024-04,2024-04-23,887.0,904.7,17.7,False,False
TEB9CD6778B,2024-04,2024-04-20,1263.0,1284.2,21.2,False,False
TCFB896C903,2024-04,2024-04-20,528.0,538.9,10.9,False,False
T4EBE5132B6,2024-04,2024-04-24,611.0,629.8,18.8,False,False
TD6D7800440,2024-04,2024-04-23,1255.0,1269.1,14.1,False,False
TB1AE49FA20,2024-04,2024-04-22,420.0,430.1,10.1,False,False
TF4940B0970,2024-04,2024-04-23,969.0,982.7,13.7,False,False
T6492EC951E,2024-04,2024-04-22,66.0,117.8,51.8,False,False
T5B2FD74A85,2024-04,2024-04-22,1125.0,1150.8,25.8,False,False
TCF1A6CDF80,2024-04,2024-04-22,202.0,225.5,23.5,False,False
TBA965CD37E,2024-04,2024-04-23,134.0,147.9,13.9,False,False
T8917AF33E8,2024-04,2024-04-21,39.0,139.7,100.7,False,False
T4F696F6C0E,2024-04,2024-04-25,132.0,151.9,19.9,False,False
TFB9BD0FCA4,2024-04,2024-04-20,1271.0,1305.1,34.1,False,False
T6372E1147F,2024-04,2024-04-21,840.0,858.0,18.0,False,False
T8B4FC280C2,2024-04,2024-04-20,310.0,321.3,11.3,False,False
T0AF0DD2FE5,2024-04,2024-04-21,847.0,861.4,14.4,False,False
T9BABD62590,2024-04,2024-04-20,642.0,688.5,46.5,False,False
TBBD0028CDB,2024-04,2024-04-21,715.0,728.7,13.7,False,False
T30E453AB34,2024-04,2024-04-23,778.0,790.1,12.1,False,False
T7DC59256DC,2024-04,2024-04-20,221.0,259.7,38.7,False,False
TCC371206BC,2024-04,2024-04-21,325.0,338.7,13.7,False,False
TDEF092A4C5,2024-04,2024-04-22,1268.0,1279.6,11.6,False,False
TE13FCEC631,2024-04,2024-04-20,863.0,881.6,18.6,False,False
T7C3F6A8162,2024-04,2024-04-23,1165.0,1165.0,0.0,True,False
T0F4A3A74ED,2024-04,2024-04-21,558.0,558.0,0.0,True,False
T5BEF82BC17,2024-04,2024-04-20,1109.0,1126.7,17.7,False,False
T07AC5856A4,2024-04,2024-04-22,452.0,463.6,11.6,False,False
T0185184B59,2024-04,2024-04-22,992.0,1009.1,17.1,False,False
T79F8E1FAE8,2024-04,2024-04-23,27.0,41.5,14.5,False,False
T4D40D256FE,2024-04,2024-04-23,718.0,748.4,30.4,False,False
TE74495FCDD,2024-04,2024-04-23,1356.0,1369.9,13.9,False,False
TAD9ED625D1,2024-04,2024-04-22,1180.0,1196.0,16.0,False,False
TE7328B9E12,2024-04,2024-04-24,527.0,535.4,8.4,False,False
T5FC1C50126,2024-04,2024-04-22,779.0,809.2,30.2,False,False
T203C71CAC2,2024-04,2024-04-20,1352.0,1369.8,17.8,False,False
T1D1F227112,2024-04,2024-04-22,456.0,478.3,22.3,False,False
TF62BDC6E96,2024-04,2024-04-21,1356.0,197.6546992475881,20.6,False,False
T5D35014BC6,2024-04,2024-04-22,1490.0,1497.9,7.9,False,False
T9C80DA594D,2024-04,2024-04-23,568.0,577.1,9.1,False,False
T575100FEE6,2024-04,2024-04-20,17.0,17.0,0.0,True,False
TFF833858D4,2024-04,2024-04-25,1470.0,1480.7,10.7,False,False
T44C452513D,2024-04,2024-04-23,538.0,558.8,20.8,False,False
TC11C4F89B7,2024-04,2024-04-23,110.0,127.7,17.7,False,False
T519E11C12F,2024-04,2024-04-21,77.0,97.1,20.1,False,False
T1D1C3809AD,2024-04,2024-04-23,535.0,577.8,42.8,False,False
T2F89E8ED6F,2024-04,2024-04-22,1180.0,1201.8,21.8,False,False
TED624C9B29,2024-04,2024-04-22,1140.0,1159.4,19.4,False,False
T80599540B9,2024-04,2024-04-20,4.0,37.5,33.5,False,False
T99F86EAA03,2024-04,2024-04-24,593.0,617.8,24.8,False,False
T48E474E620,2024-04,2024-04-24,1082.0,1107.8,25.8,False,False
T62F138B69F,2024-04,2024-04-25,1112.0,1134.7,22.7,False,False
T0ABCC73F5F,2024-04,2024-04-21,1176.0,1187.7,11.7,False,False
T451A03E5F4,2024-04,2024-04-22,402.0,450.4,48.4,False,False
T28A5C3A212,2024-04,2024-04-21,770.0,779.7,9.7,False,False
T9BF23AC92B,2024-04,2024-04-23,845.0,861.2,16.2,False,False
T8D847ABAD5,2024-04,2024-04-20,763.0,772.8,9.8,False,False
T79AD100612,2024-04,2024-04-23,947.0,979.4,32.4,False,False
T595C48877B,2024-04,2024-04-24,855.0,872.9,17.9,False,False
T7E1F631507,2024-04,2024-04-23,6.0,20.0,14.0,False,False
T7CEE29F570,2024-04,2024-04-23,303.0,316.6,13.6,False,False
TB28F8F08F4,2024-04,2024-04-20,664.0,678.7,14.7,False,False
T741A1119FA,2024-04,2024-04-24,226.0,253.6,27.6,False,False
T26862D1A4A,2024-04,2024-04-23,1368.0,1416.5,48.5,False,False
TCB96D14BFD,2024-04,2024-04-22,521.0,534.8,13.8,False,False
TF07D19AE17,2024-04,2024-04-23,7.0,47.6,40.6,False,False
T7AE1E63696,2024-04,2024-04-24,1306.0,1320.3,14.3,False,False
TEA687BEEC8,2024-04,2024-04-21,292.0,305.3,13.3,False,False
T5C97BD73CE,2024-04,2024-04-22,1318.0,1337.8,19.8,False,False
T64DF103F27,2024-04,2024-04-20,242.0,254.1,12.1,False,False
T962D5133B5,2024-04,2024-04-23,1055.0,1073.0,18.0,False,False
TFAE2AFD636,2024-04,2024-04-24,1306.0,1315.1,9.1,False,False
T8237A9AE83,2024-04,2024-04-22,284.0,298.6,14.6,False,False
T124789ED12,2024-04,2024-04-22,773.0,,,False,False
T77D8F1F07B,2024-04,2024-04-24,566.0,617.3,51.3,False,False
T88E01EE6A9,2024-04,2024-04-24,449.0,470.9,21.9,False,False
TCCA2F0E6D1,2024-04,2024-04-22,354.0,354.0,0.0,True,False
TE7C4074532,2024-04,2024-04-24,118.0,145.5,27.5,False,False
TE08ACE6D71,2024-04,2024-04-22,1293.0,1315.9,22.9,False,False
TF5AB4BC37D,2024-04,2024-04-25,357.0,374.0,17.0,False,False
T31A37C291B,2024-04,2024-04-25,48.0,48.0,0.0,True,False
T85072A41C6,2024-04,2024-04-21,1195.0,1206.3,11.3,False,False
T3DB8E8C91B,2024-04,2024-04-22,892.0,908.9,16.9,False,False
T1F21C0A526,2024-04,2024-04-23,141.0,166.4,25.4,False,False
TC653350390,2024-04,2024-04-22,1299.0,1317.2,18.2,False,False
TF357DF2C85,2024-04,2024-04-22,441.0,462.7,21.7,False,False
TC2B54F643A,2024-04,2024-04-21,251.0,269.0,18.0,False,False
T62A907AFA1,2024-04,2024-04-23,533.0,541.8,8.8,False,False
T9B926E1A60,2024-04,2024-04-21,764.0,764.0,0.0,True,False
T95A557D58C,2024-04,2024-04-22,442.0,442.0,0.0,True,False
T4FD73F8DF8,2024-04,2024-04-24,144.0,153.6,9.6,False,False
TAA9E781779,2024-04,2024-04-25,998.0,1012.9,14.9,False,False
T5AB667FA59,2024-04,2024-04-22,997.0,997.0,0.0,True,False
T2FB8838715,2024-04,2024-04-23,1363.0,1385.4,22.4,False,False
TDC0B728E72,2024-04,2024-04-24,535.0,599.1,64.1,False,False
T500E1E73A5,2024-04,2024-04-24,751.0,765.0,14.0,False,False
T518D652731,2024-04,2024-04-22,434.0,451.5,17.5,False,False
T5F78380FF1,2024-04,2024-04-25,761.0,775.3,14.3,False,False
T2269F4C04A,2024-04,2024-04-20,712.0,750.6,38.6,False,False
T75D0C6EEF9,2024-04,2024-04-24,628.0,769.2,141.2,False,False
T08C84C6180,2024-04,2024-04-25,168.0,187.6,19.6,False,False
TBE3328794F,2024-04,2024-04-23,968.0,978.6,10.6,False,False
T7BF732B1D4,2024-04,2024-04-25,1021.0,1034.9,13.9,False,False
T680C591820,2024-04,2024-04-25,1076.0,1083.1,7.1,False,False
T87B30A11CA,2024-04,2024-04-21,1401.0,1401.0,0.0,True,False
T2C69DDD554,2024-04,2024-04-21,572.0,619.3,47.3,False,False
TB5DCDB3D2B,2024-04,2024-04-22,1311.0,1317.8,6.8,False,False
TF1BF705581,2024-04,2024-04-20,552.0,576.9,24.9,False,False
T7861C2062B,2024-04,2024-04-24,1457.0,1489.8,32.8,False,False
T3E7A117328,2024-04,2024-04-20,278.0,297.3,19.3,False,False
T626DE7D352,2024-04,2024-04-24,763.0,847.1,84.1,False,False
T30CED3EF6B,2024-04,2024-04-25,823.0,842.7,19.7,False,False
T6F621D315F,2024-04,2024-04-21,81.0,104.0,23.0,False,False
T5AEAFABEEB,2024-04,2024-04-20,912.0,927.0,15.0,False,False
T6E1A658692,2024-04,2024-04-21,450.0,476.9,26.9,False,False
TDFD739AFF7,2024-04,2024-04-23,1272.0,1290.5,18.5,False,False
T0E7497BE87,2024-04,2024-04-24,204.0,217.9,13.9,False,False
T63245D9338,2024-04,2024-04-24,170.0,,,False,False
T2FC1A9FEB9,2024-04,2024-04-25,263.0,281.6,18.6,False,False
TE5572E3B77,2024-04,2024-04-20,1431.0,1439.9,8.9,False,False
T93AE74FC8C,2024-04,2024-04-25,762.0,777.0,15.0,False,False
TCE4F3C1854,2024-04,2024-04-24,1467.0,1501.3,34.3,False,False
T623FDA0FEC,2024-04,2024-04-24,322.0,341.8,19.8,False,False
T6FCD9FC327,2024-04,2024-04-21,387.0,393.9,6.9,False,False
T26D49D2B10,2024-04,2024-04-23,771.0,800.1,29.1,False,False
T6B0F45148F,2024-04,2024-04-20,324.0,392.5,68.5,False,False
T5DA6DABC22,2024-04,2024-04-24,484.0,503.7,19.7,False,False
T4C0FAA9237,2024-04,2024-04-23,754.0,775.3,21.3,False,False
T629B85F6AE,2024-04,2024-04-25,1280.0,1295.3,15.3,False,False
TE6221DA147,2024-04,2024-04-25,727.0,740.2,13.2,False,False
T7092CB932F,2024-04,2024-04-20,1186.0,1201.4,15.4,False,False
T38F3AD60D6,2024-04,2024-04-21,236.0,261.6,25.6,False,False
T051D6304AA,2024-04,2024-04-20,958.0,972.0,14.0,False,False
T1677509027,2024-04,2024-04-22,351.0,364.1,13.1,False,False
TCE43CAAFDD,2024-04,2024-04-21,917.0,932.1,15.1,False,False
TD6051C60DD,2024-04,2024-04-25,975.0,1023.6,48.6,False,False
TD81C7B0AC7,2024-04,2024-04-23,1374.0,1394.8,20.8,False,False
TEB9B6A4FBC,2024-04,2024-04-22,764.0,777.2,13.2,False,False
T8E67D26322,2024-04,2024-04-20,1452.0,1473.1,21.1,False,False
T0E8259349E,2024-04,2024-04-24,104.0,124.7,20.7,False,False
TEC586A8374,2024-04,2024-04-21,915.0,929.9,14.9,False,False
T1E40F3A239,2024-04,2024-04-22,959.0,973.0,14.0,False,False
T716C530DED,2024-04,2024-04-21,421.0,438.2,17.2,False,False
T7562476AEF,2024-04,2024-04-24,1380.0,1403.4,23.4,False,False
TB460453C4D,2024-04,2024-04-24,149.0,163.4,14.4,False,False
T4A69C0BA6F,2024-04,2024-04-20,338.0,363.9,25.9,False,False
TB3006B8F03,2024-04,2024-04-21,641.0,652.9,11.9,False,False
TED3E393477,2024-04,2024-04-23,1401.0,1423.8,22.8,False,False
TA014F1FF15,2024-04,2024-04-23,1012.0,1029.2,17.2,False,False
T08D24C843D,2024-04,2024-04-22,156.0,191.9,35.9,False,False
T328C38D103,2024-04,2024-04-25,1438.0,1460.8,22.8,False,False
T5D52776F44,2024-04,2024-04-24,368.0,381.2,13.2,False,False
T350C7F0CAD,2024-04,2024-04-25,423.0,435.2,12.2,False,False
TE4BF83F9A5,2024-04,2024-04-24,1178.0,1200.4,22.4,False,False
T363192FB18,2024-04,2024-04-22,855.0,880.6,25.6,False,False
TE7D390D6E1,2024-04,2024-04-23,790.0,812.8,22.8,False,False
TEAED0D702E,2024-04,2024-04-23,842.0,865.5,23.5,False,False
T76D2631BBE,2024-04,2024-04-25,1117.0,1136.1,19.1,False,False
T41D9DAD65E,2024-04,2024-04-25,532.0,545.1,13.1,False,False
T4FB688BCF2,2024-04,2024-04-24,974.0,997.4,23.4,False,False
T49C247A691,2024-04,2024-04-22,423.0,445.3,22.3,False,False
TAD97E4B580,2024-04,2024-04-25,18.0,38.6,20.6,False,False
TA6D3C701E5,2024-04,2024-04-25,210.0,231.3,21.3,False,False
T1629374829,2024-04,2024-04-23,414.0,454.2,40.2,False,False
TE380DFCDD5,2024-04,2024-04-20,1015.0,1030.6,15.6,False,False
TC71E645A97,2024-04,2024-04-25,712.0,726.0,14.0,False,False
T3B2D063348,2024-04,2024-04-21,313.0,321.1,8.1,False,False
T6B0703F297,2024-04,2024-04-20,917.0,929.5,12.5,False,False
T2442BBD224,2024-04,2024-04-24,612.0,626.8,14.8,False,False
T94AEE9D59A,2024-04,2024-04-24,944.0,954.7,10.7,False,False
TC36C8FB548,2024-04,2024-04-20,1325.0,1335.1,10.1,False,False
TEA6C60108F,2024-04,2024-04-24,1158.0,1200.5,42.5,False,False
T5D0DA4A5A3,2024-04,2024-04-25,843.0,855.8,12.8,False,False
TCE2F3968A5,2024-04,2024-04-25,773.0,793.5,20.5,False,False
T3290CE40ED,2024-04,2024-04-20,1268.0,1295.8,27.8,False,False
TFF800A383C,2024-04,2024-04-25,1006.0,1020.5,14.5,False,False
T43D369AD4F,2024-04,2024-04-21,644.0,657.3,13.3,False,False
T2558B25F4A,2024-04,2024-04-23,56.0,72.4,16.4,False,False
TF2D53B5266,2024-04,2024-04-25,1282.0,1296.9,14.9,False,False
T46E626FB09,2024-04,2024-04-24,64.0,84.8,20.8,False,False
T7E0A59EC74,2024-04,2024-04-21,329.0,336.6,7.6,False,False
TDB77C6E5BA,2024-04,2024-04-23,506.0,506.0,0.0,True,False
TB2420A8657,2024-04,2024-04-20,1087.0,1094.8,7.8,False,False
TB1246EBDB6,2024-04,2024-04-24,601.0,608.2,7.2,False,False
T8C8BD1D187,2024-04,2024-04-23,831.0,855.5,24.5,False,False
T9A87FD75BB,2024-04,2024-04-25,415.0,426.9,11.9,False,False
T7220DB253B,2024-04,2024-04-22,563.0,583.6,20.6,False,False
T024582A041,2024-04,2024-04-25,1178.0,1210.4,32.4,False,False
TA3D7EB0EB6,2024-04,2024-04-22,1382.0,1384.1,2.1,False,False
T980F08905D,2024-04,2024-04-20,1258.0,1271.0,13.0,False,False
T0070991C4A,2024-04,2024-04-20,301.0,314.4,13.4,False,False
TE62F9D24A2,2024-04,2024-04-24,642.0,642.0,0.0,True,False
T660F58D22C,2024-04,2024-04-20,1142.0,1160.2,18.2,False,False
TC9C59FD3C0,2024-04,2024-04-25,1288.0,1301.8,13.8,False,False
TC85BCF4679,2024-04,2024-04-25,529.0,555.4,26.4,False,False
T711A4FB3DC,2024-04,2024-04-21,1209.0,1217.4,8.4,False,False
TDA01857472,2024-04,2024-04-20,621.0,627.6,6.6,False,False
T593C7D2F36,2024-04,2024-04-25,828.0,842.5,14.5,False,False
TAD1B3ECAF6,2024-04,2024-04-20,597.0,619.9,22.9,False,False
T62DB418771,2024-05,2024-05-25,1012.5,1037.7,25.2,False,False
T516D296A99,2024-05,2024-05-20,707.5,717.6,10.1,False,False
TF6199DECCB,2024-05,2024-05-20,975.7,1013.7,38.0,False,False
TBFDD3649BD,2024-05,2024-05-20,1263.9,1283.8,19.9,False,False
T1A8F7C05C9,2024-05,2024-05-25,1210.6,1218.8,8.2,False,False
T6B4FC6C7C6,2024-05,2024-05-25,618.5,639.1,20.6,False,False
T6EE7490E19,2024-05,2024-05-23,1362.2,1382.5,20.3,False,False
T771EC6B537,2024-05,2024-05-21,883.0,888.6,5.6,False,False
TA87CD37475,2024-05,2024-05-25,273.1,302.9,29.8,False,False
T00048F12E2,2024-05,2024-05-23,122.7,133.8,11.1,False,False
TDE3B85E449,2024-05,2024-05-23,965.1,987.8,22.7,False,False
TDFD5EF1E2B,2024-05,2024-05-21,565.4,581.4,16.0,False,False
T6BE1C12D07,2024-05,2024-05-20,1229.2,1336.5,107.3,False,False
TE17C7596F7,2024-05,2024-05-23,161.5,180.2,18.7,False,False
TF0590D064A,2024-05,2024-05-20,456.6,467.2,10.6,False,False
T0201C8273D,2024-05,2024-05-20,367.2,380.0,12.8,False,False
T416D725964,2024-05,2024-05-24,1095.2,1114.4,19.2,False,False
T592985E849,2024-05,2024-05-24,213.0,242.2,29.2,False,False
T8CFD079CB6,2024-05,2024-05-25,1483.3,1501.8,18.5,False,False
TD10A6EDCA0,2024-05,2024-05-23,771.8,798.7,26.9,False,False
T0CE7987E4B,2024-05,2024-05-25,316.5,386.5,70.0,False,False
T0F12629295,2024-05,2024-05-23,373.4,377.8,4.4,False,False
T7833B36159,2024-05,2024-05-24,564.4,583.0,18.6,False,False
T997FF51E88,2024-05,2024-05-22,772.7,786.8,14.1,False,False
TB0AFAFC426,2024-05,2024-05-22,1547.1,1616.8,69.7,False,False
T4B2228F178,2024-05,2024-05-25,521.9,542.2,20.3,False,False
T5D1D63651A,2024-05,2024-05-21,273.9,296.2,22.3,False,False
T005A9CE174,2024-05,2024-05-20,1255.0,1269.3,14.3,False,False
T0E572DDC2C,2024-05,2024-05-20,996.3,1007.2,10.9,False,False
T6B4C3EB33E,2024-05,2024-05-21,1304.5,1311.0,6.5,False,False
T98621FD0F2,2024-05,2024-05-20,787.0,942.1,155.1,False,False
TCED7759D69,2024-05,2024-05-23,1199.2,1222.0,22.8,False,False
T148BA00559,2024-05,2024-05-22,1071.8,1104.9,33.1,False,False
T8EF8382AF5,2024-05,2024-05-21,1464.9,1483.6,18.7,False,False
T294140BCEC,2024-05,2024-05-21,224.4,246.0,21.6,False,False
T2B4ECE5F7A,2024-05,2024-05-22,228.5,251.0,22.5,False,False
TFCDB644B38,2024-05,2024-05-24,250.3,268.8,18.5,False,False
TF46C85CB55,2024-05,2024-05-24,618.4,626.5,8.1,False,False
T635E7348B0,2024-05,2024-05-20,232.3,265.4,33.1,False,False
TD950C1321E,2024-05,2024-05-20,280.5,299.3,18.8,False,False
T79F7CA1313,2024-05,2024-05-23,219.1,230.0,10.9,False,False
T1890D0D69D,2024-05,2024-05-25,757.2,771.0,13.8,False,False
T92ED6C6BBC,2024-05,2024-05-25,427.0,433.9,6.9,False,False
T1A234D637E,2024-05,2024-05-22,1101.7,1117.8,16.1,False,False
T0FA07C2AE6,2024-05,2024-05-22,322.5,334.1,11.6,False,False
T85D9327E38,2024-05,2024-05-25,1283.5,1298.4,14.9,False,False
T9B2220E701,2024-05,2024-05-25,910.8,943.2,32.4,False,False
T75AE25B236,2024-05,2024-05-22,810.0,828.5,18.5,False,False
T85C4B9E9BD,2024-05,2024-05-22,1141.5,1149.8,8.3,False,False
TAAC46C752C,2024-05,2024-05-23,1488.0,1494.6,6.6,False,False
TB5ABA37301,2024-05,2024-05-22,791.6,813.8,22.2,False,False
TDB1931905E,2024-05,2024-05-20,932.4,944.4,12.0,False,False
T8A79BCF725,2024-05,2024-05-20,1263.8,1271.6,7.8,False,False
T1383BC162C,2024-05,2024-05-24,1495.0,1510.7,15.7,False,False
TE3F34F661C,2024-05,2024-05-22,782.6,844.8,62.2,False,False
T945DF5CC73,2024-05,2024-05-23,1025.5,1034.5,9.0,False,False
T89289351AD,2024-05,2024-05-24,1084.0,1101.4,17.4,False,False
T3C6A8E589D,2024-05,2024-05-22,111.2,153.9,42.7,False,False
T9EDB41553F,2024-05,2024-05-22,187.0,195.0,8.0,False,False
T39FECD2D40,2024-05,2024-05-24,663.9,687.3,23.4,False,False
T393F331539,2024-05,2024-05-23,339.2,350.7,11.5,False,False
T44E572D176,2024-05,2024-05-20,308.6,331.0,22.4,False,False
T6A0C9518A5,2024-05,2024-05-21,1176.5,1191.2,14.7,False,False
T6F6C091F32,2024-05,2024-05-21,1300.8,1313.5,12.7,False,False
T0A7DFC3903,2024-05,2024-05-22,1318.1,1340.6,22.5,False,False
T4CA807AAAE,2024-05,2024-05-24,203.2,239.2,36.0,False,False
T292B036CC6,2024-05,2024-05-23,810.3,830.9,20.6,False,False
TF252236170,2024-05,2024-05-23,26.2,45.6,19.4,False,False
T47A88C447A,2024-05,2024-05-21,661.1,670.7,9.6,False,False
T29274E7656,2024-05,2024-05-23,241.0,262.3,21.3,False,False
TF94B3B4CEA,2024-05,2024-05-22,485.7,509.1,23.4,False,False
TD79C86593F,2024-05,2024-05-23,900.4,924.8,24.4,False,False
T042B2178D1,2024-05,2024-05-23,79.9,98.9,19.0,False,False
TE9E2B18053,2024-05,2024-05-25,323.3,391.3,68.0,False,False
T80D9A080BE,2024-05,2024-05-25,1356.5,1421.0,64.5,False,False
T580C1D0E5A,2024-05,2024-05-22,498.3,563.9,65.6,False,False
T262047037E,2024-05,2024-05-20,475.7,488.7,13.0,False,False
T997FBB56CB,2024-05,2024-05-25,1393.1,1410.7,17.6,False,False
T488907BADA,2024-05,2024-05-21,166.5,248.6,82.1,False,True
T959B664297,2024-05,2024-05-21,48.9,62.9,14.0,False,False
TCE4FA87780,2024-05,2024-05-22,1223.5,1234.2,10.7,False,False
T6A6F416B64,2024-05,2024-05-25,945.5,965.0,19.5,False,False
T5C22EC11B8,2024-05,2024-05-23,478.0,538.9,60.9,False,False
T132EB7CE2B,2024-05,2024-05-24,1058.1,1080.2,22.1,False,False
T011F73020E,2024-05,2024-05-23,1072.5,1087.2,14.7,False,False
T0197678D11,2024-05,2024-05-22,623.1,661.2,38.1,False,False
TBA58CFEBC6,2024-05,2024-05-20,1400.7,1429.3,28.6,False,False
T78A401EEAD,2024-05,2024-05-21,198.7,217.7,19.0,False,False
TE33F90B286,2024-05,2024-05-20,321.8,34.99026825050088,0.0,True,False
T761C9E26E6,2024-05,2024-05-22,229.0,240.4,11.4,False,False
T65187CE62C,2024-05,2024-05-25,517.5,570.9,53.4,False,False
T6DD4962896,2024-05,2024-05-23,210.5,224.4,13.9,False,False
T57E5EAB9B8,2024-05,2024-05-24,1007.3,1020.6,13.3,False,False
T0D1C506545,2024-05,2024-05-23,751.3,766.9,15.6,False,False
T16385BC409,2024-05,2024-05-20,218.1,229.1,11.0,False,False
T703E749B16,2024-05,2024-05-23,669.2,677.7,8.5,False,False
TE03815B898,2024-05,2024-05-25,1394.1,1414.8,20.7,False,False
T5EDC8CD764,2024-05,2024-05-24,1029.8,1044.9,15.1,False,False
T8A0E42EA46,2024-05,2024-05-22,1143.6,1159.9,16.3,False,False
T58E4665FE8,2024-05,2024-05-22,250.7,250.7,0.0,True,False
T45A3829C6C,2024-05,2024-05-21,175.6,192.3,16.7,False,False
T0F2B41D96D,2024-05,2024-05-22,68.0,110.2,42.2,False,False
T45E4DAC832,2024-05,2024-05-21,729.6,744.1,14.5,False,False
TB308B5DC7A,2024-05,2024-05-23,1070.2,1089.4,19.2,False,False
T5A52BDFD5B,2024-05,2024-05-20,1148.1,1157.3,9.2,False,False
T3B6195226D,2024-05,2024-05-24,446.6,466.2,19.6,False,False
TEF3ACC364D,2024-05,2024-05-24,74.2,89.8,15.6,False,False
T0E3944E1C7,2024-05,2024-05-21,1356.0,1376.5,20.5,False,False
TC5E02C2AE1,2024-05,2024-05-25,830.1,,,False,False
T9C181CA6B2,2024-05,2024-05-22,482.4,510.5,28.1,False,False
T46D0D9FE06,2024-05,2024-05-25,900.8,914.2,13.4,False,False
T3763EE0258,2024-05,2024-05-25,261.2,272.7,11.5,False,False
TB6793708AF,2024-05,2024-05-22,725.5,740.3,14.8,False,False
T02BF3919B7,2024-05,2024-05-25,1164.3,1173.5,9.2,False,False
T61903D0C08,2024-05,2024-05-20,362.6,377.5,14.9,False,False
T1540962193,2024-05,2024-05-22,337.7,432.8,95.1,False,False
TE8DF4BFC62,2024-05,2024-05-22,1351.8,1410.0,58.2,False,False
T97A5E4F98E,2024-05,2024-05-24,1131.1,1144.3,13.2,False,False
TB2B631F6DE,2024-05,2024-05-25,48.0,67.1,19.1,False,False
TFD4476DD46,2024-05,2024-05-25,533.8,559.7,25.9,False,False
T63AE43B763,2024-05,2024-05-25,778.7,806.6,27.9,False,False
TF7E0F3ADFA,2024-05,2024-05-20,567.0,570.4,3.4,False,False
T9F3D4A99A8,2024-05,2024-05-24,956.8,961.4,4.6,False,False
T3AF0CA5142,2024-05,2024-05-24,818.0,876.1,58.1,False,False
T525C93E294,2024-05,2024-05-24,235.9,246.0,10.1,False,False
TA60FF3309B,2024-05,2024-05-22,1115.6,1132.1,16.5,False,False
T6230F0F81A,2024-05,2024-05-24,151.2,165.6,14.4,False,False
T486DC7662A,2024-05,2024-05-21,965.3,1246.2,280.9,False,False
T0DD0FDF0BD,2024-05,2024-05-22,531.9,552.3,20.4,False,False
T81EEF6FCD3,2024-05,2024-05-24,758.1,778.4,20.3,False,False
T6269371CAA,2024-05,2024-05-25,1320.0,1330.7,10.7,False,False
TF7BDB30AC3,2024-05,2024-05-20,389.1,425.6,36.5,False,False
TC1EBE75CAC,2024-05,2024-05-20,877.0,894.9,17.9,False,False
T0A0805FB46,2024-05,2024-05-22,1492.9,1517.3,24.4,False,False
T7C1EBC3C4C,2024-05,2024-05-20,290.5,305.3,14.8,False,False
TFB5558315C,2024-05,2024-05-22,101.9,126.7,24.8,False,False
T4D34DCD6FE,2024-05,2024-05-25,628.0,645.7,17.7,False,False
T8F2163E1AC,2024-05,2024-05-24,1311.0,1344.7,33.7,False,False
T6D36EEA27E,2024-05,2024-05-21,137.6,163.6,26.0,False,False
TD718599337,2024-05,2024-05-25,746.4,794.9,48.5,False,False
TACFC1D584E,2024-05,2024-05-20,1002.8,1030.6,27.8,False,False
TE1CE4D9E5A,2024-05,2024-05-23,246.9,262.2,15.3,False,False
TEEB9050E6F,2024-05,2024-05-21,552.2,584.6,32.4,False,False
T266175A7E1,2024-05,2024-05-20,1318.1,1347.8,29.7,False,False
T188F8436EB,2024-05,2024-05-25,423.6,433.5,9.9,False,False
TBF5EF4019A,2024-05,2024-05-22,778.4,791.0,12.6,False,False
TF8038E3438,2024-05,2024-05-20,641.5,653.7,12.2,False,False
T14A35B501D,2024-05,2024-05-20,858.0,885.0,27.0,False,False
TACA1F6575E,2024-05,2024-05-25,20.1,33.0,12.9,False,False
T425CF74F89,2024-05,2024-05-22,960.0,962.5,2.5,False,False
T7E561E41DF,2024-05,2024-05-24,1459.1,1475.5,16.4,False,False
TAE21909B09,2024-05,2024-05-20,478.8,492.3,13.5,False,False
TA49FD77129,2024-05,2024-05-24,806.7,852.6,45.9,False,False
T83C53CBDE3,2024-05,2024-05-21,671.4,706.1,34.7,False,False
T8989E9F3E0,2024-05,2024-05-24,930.0,954.5,24.5,False,False
T0E868A3F47,2024-05,2024-05-23,1425.7,1447.5,21.8,False,False
TAA4A146A6F,2024-05,2024-05-21,854.5,865.5,11.0,False,False
T929701588B,2024-05,2024-05-24,551.5,560.4,8.9,False,False
TCBA87E8F93,2024-05,2024-05-21,1388.6,1408.2,19.6,False,False
T71B2CE98BC,2024-05,2024-05-23,1368.4,1368.4,0.0,True,False
T3104E606FB,2024-05,2024-05-24,1449.0,1465.2,16.2,False,False
TC9C584B8EF,2024-05,2024-05-22,407.0,442.4,35.4,False,True
T42EAACA5A6,2024-05,2024-05-22,349.6,365.7,16.1,False,False
T27CD292019,2024-05,2024-05-21,1282.2,1300.8,18.6,False,False
T2631941D4D,2024-05,2024-05-20,1420.8,1444.1,23.3,False,False
TD6D0D046B5,2024-05,2024-05-23,340.4,349.2,8.8,False,False
T930BCF26DA,2024-05,2024-05-25,1387.2,1405.2,18.0,False,False
T7A263D97A8,2024-05,2024-05-23,130.7,155.2,24.5,False,False
T84CC232045,2024-05,2024-05-21,963.4,976.2,12.8,False,False
T1F7089E5B3,2024-05,2024-05-23,1021.3,1051.0,29.7,False,False
T6DD01C39D7,2024-05,2024-05-23,931.4,961.2,29.8,False,False
TE3814F5946,2024-05,2024-05-25,1052.9,1065.8,12.9,False,False
T260F6D657D,2024-05,2024-05-25,1485.0,1509.9,24.9,False,False
TF9F158A927,2024-05,2024-05-24,624.5,647.4,22.9,False,False
T2A78E596A5,2024-05,2024-05-21,401.7,425.9,24.2,False,False
T48829C6681,2024-05,2024-05-20,605.5,623.3,17.8,False,False
T5446AB5D4F,2024-05,2024-05-22,1337.3,1337.3,0.0,True,False
T6FEE2A0A85,2024-05,2024-05-20,261.6,277.1,15.5,False,False
T37BA3005AD,2024-05,2024-05-20,995.5,1020.0,24.5,False,False
T599538981A,2024-05,2024-05-23,814.1,875.4,61.3,False,False
TC1FE3D7E79,2024-05,2024-05-23,999.2,1018.8,19.6,False,False
TAB633F4546,2024-05,2024-05-20,174.3,191.1,16.8,False,False
TEF123948C4,2024-05,2024-05-25,575.6,587.3,11.7,False,False
T50EA3E30B0,2024-05,2024-05-25,939.2,952.8,13.6,False,False
T10E8B50E63,2024-05,2024-05-21,1037.8,1083.5,45.7,False,False
T75445AB825,2024-05,2024-05-24,1079.8,1094.3,14.5,False,False
T9AEC04CEE6,2024-05,2024-05-20,174.0,184.9,10.9,False,False
TE59C7E0558,2024-05,2024-05-25,356.1,367.4,11.3,False,False
T017F5CC857,2024-05,2024-05-20,1243.6,1259.5,15.9,False,False
T5740214D00,2024-05,2024-05-21,419.1,425.0,5.9,False,False
TA54FDBC969,2024-05,2024-05-24,508.2,544.0,35.8,False,False
T79348D1D8C,2024-05,2024-05-21,160.5,236.9,76.4,False,False
T0C38B9638D,2024-05,2024-05-20,741.1,770.2,29.1,False,False
TF8CD7DEDDA,2024-05,2024-05-25,615.9,640.2,24.3,False,False
TD4AA44C620,2024-05,2024-05-23,601.6,619.0,17.4,False,False
TBA22021045,2024-05,2024-05-23,210.5,287.9,77.4,False,False
TAE4991C39A,2024-05,2024-05-22,1390.9,1405.5,14.6,False,False
T926427EC22,2024-05,2024-05-24,571.2,591.7,20.5,False,False
T03F3726F54,2024-05,2024-05-23,913.9,929.9,16.0,False,False
T9C5C1B51E6,2024-05,2024-05-23,136.4,162.8,26.4,False,False
TAB67F85714,2024-05,2024-05-25,1476.2,1499.9,23.7,False,False
T021E4A2B45,2024-05,2024-05-21,489.4,502.1,12.7,False,False
T9C284C6EDE,2024-05,2024-05-20,1385.6,1407.9,22.3,False,False
TE5AE06739E,2024-05,2024-05-23,119.5,134.8,15.3,False,False
T01F422D988,2024-05,2024-05-23,1493.9,1503.4,9.5,False,False
T812E69DF24,2024-05,2024-05-23,468.1,518.0,49.9,False,False
T1753290875,2024-05,2024-05-24,1326.7,1348.1,21.4,False,False
T6453265506,2024-05,2024-05-21,1122.0,1254.9,132.9,False,False
T3DCE54CBCD,2024-05,2024-05-22,192.6,201.5,8.9,False,False
T25A59C1230,2024-05,2024-05-23,82.3,82.3,0.0,True,False
T7149DBE7E7,2024-05,2024-05-23,720.8,760.7,39.9,False,False
T17B01CE93D,2024-05,2024-05-25,1287.9,1305.9,18.0,False,False
T2A7B7C0706,2024-05,2024-05-22,1229.1,1247.6,18.5,False,False
TA2A12750E0,2024-05,2024-05-22,401.2,414.9,13.7,False,False
TCDF5CCF9D1,2024-05,2024-05-21,1488.9,1505.8,16.9,False,False
T136877D852,2024-05,2024-05-25,923.3,948.1,24.8,False,False
TD93E7F3525,2024-05,2024-05-25,1166.7,1174.3,7.6,False,False
T9E698DAD97,2024-05,2024-05-23,210.4,232.9,22.5,False,False
TA7CD008CD2,2024-05,2024-05-20,1158.4,377.8588505226961,29.9,False,False
TB5E2F0D295,2024-05,2024-05-25,801.3,818.1,16.8,False,False
T886651EB56,2024-05,2024-05-22,1444.7,1476.2,31.5,False,False
T726E26C014,2024-05,2024-05-25,442.9,450.9,8.0,False,False
T47801013F9,2024-05,2024-05-25,100.2,122.7,22.5,False,False
T7B44E5C01C,2024-05,2024-05-24,1079.4,1083.8,4.4,False,False
T06E1B5C91E,2024-05,2024-05-22,560.0,,,False,False
TBD7AFAA9AB,2024-05,2024-05-20,1077.4,1098.4,21.0,False,False
T3A8AE15DE9,2024-05,2024-05-22,948.0,964.7,16.7,False,False
T90FCBE8560,2024-05,2024-05-20,1195.9,1209.1,13.2,False,False
T6B76BCDCC8,2024-05,2024-05-22,1235.7,1284.8,49.1,False,False
T6B61D786E8,2024-05,2024-05-23,962.9,977.7,14.8,False,False
TD8B8E83F9D,2024-05,2024-05-20,1226.7,1241.2,14.5,False,False
T353F39960E,2024-05,2024-05-22,378.1,387.0,8.9,False,False
TC44518846F,2024-05,2024-05-24,220.6,248.9,28.3,False,False
T3DBD424B8F,2024-05,2024-05-25,501.5,515.8,14.3,False,False
TB8E4E6CA4C,2024-05,2024-05-21,496.9,496.9,0.0,True,False
T54630B6404,2024-05,2024-05-23,166.8,185.4,18.6,False,False
T71623730B1,2024-05,2024-05-23,968.7,989.4,20.7,False,False
T7436A106AE,2024-05,2024-05-20,360.4,372.7,12.3,False,False
T6191B8FD69,2024-05,2024-05-21,1045.9,1058.0,12.1,False,False
TBA7727A83B,2024-05,2024-05-22,385.2,397.2,12.0,False,False
T66B24DDB8C,2024-05,2024-05-23,1496.8,1515.8,19.0,False,False
T0EAA0EDBAF,2024-05,2024-05-20,550.6,579.9,29.3,False,False
TDCBC842E3A,2024-05,2024-05-23,271.9,299.1,27.2,False,False
T305BACE840,2024-05,2024-05-22,625.8,,,False,False
TAD0E244201,2024-05,2024-05-21,929.9,952.1,22.2,False,False
T824A68B378,2024-05,2024-05-21,1214.6,1221.1,6.5,False,False
T9F72B39B89,2024-05,2024-05-23,576.8,588.5,11.7,False,False
T0380D1AD85,2024-05,2024-05-21,871.5,893.9,22.4,False,False
TD58AFBB420,2024-05,2024-05-21,1396.2,1464.3,68.1,False,False
TB1A6FA6009,2024-05,2024-05-20,275.2,286.9,11.7,False,False
TB95EB354D9,2024-05,2024-05-20,802.8,825.6,22.8,False,False
T6EBEC2B9E3,2024-05,2024-05-20,335.6,373.5,37.9,False,True
TCBAFB86C54,2024-05,2024-05-21,1451.8,1465.2,13.4,False,False
T2D884BEE59,2024-05,2024-05-22,1011.5,1036.2,24.7,False,False
T81E3CAC404,2024-05,2024-05-25,1180.1,,,False,False
TB13246DF04,2024-05,2024-05-23,1369.3,1447.6,78.3,False,False
T38FC29870C,2024-05,2024-05-22,838.2,848.1,9.9,False,False
T0B952300A6,2024-05,2024-05-22,963.8,984.2,20.4,False,False
T592EE5AE5A,2024-05,2024-05-23,374.8,392.8,18.0,False,False
T8AB7B992DC,2024-05,2024-05-24,1421.4,1432.3,10.9,False,False
TE13531501B,2024-05,2024-05-23,146.5,157.7,11.2,False,False
T603C6A7DDF,2024-05,2024-05-24,1246.9,1308.6,61.7,False,False
T9B1CF87E17,2024-05,2024-05-22,446.8,461.6,14.8,False,False
T7E47E27FFB,2024-05,2024-05-21,952.5,968.8,16.3,False,False
T2FE3E18EED,2024-05,2024-05-24,889.5,906.1,16.6,False,False
T518FD2CD05,2024-05,2024-05-22,579.9,599.3,19.4,False,False
TCA03B52F53,2024-05,2024-05-23,203.1,222.0,18.9,False,False
TC97F0C81C8,2024-05,2024-05-20,548.8,696.4,147.6,False,False
T5825BB17FC,2024-05,2024-05-21,129.3,,,False,False
TC5E185C6E8,2024-05,2024-05-20,63.9,83.0,19.1,False,False
TEAD9E81003,2024-05,2024-05-23,701.7,721.2,19.5,False,False
TE23D5A574A,2024-05,2024-05-21,763.5,776.3,12.8,False,False
T04048D53A3,2024-05,2024-05-20,610.3,620.8,10.5,False,False
TE1AA9E77A7,2024-05,2024-05-21,893.4,898.5,5.1,False,False
TC54C99BA73,2024-05,2024-05-24,389.6,432.9,43.3,False,False
T013C0F8B57,2024-05,2024-05-25,1211.2,1228.5,17.3,False,False
T3C23C0A42C,2024-05,2024-05-24,776.7,799.6,22.9,False,False
TEDB2598366,2024-05,2024-05-21,1044.9,1061.2,16.3,False,False
T03D524AC98,2024-05,2024-05-23,1295.4,1307.9,12.5,False,False
T9B658694D7,2024-05,2024-05-25,372.4,372.4,0.0,True,False
T827DB403EF,2024-05,2024-05-20,981.6,985.8,4.2,False,False
TD5960FA89C,2024-05,2024-05-22,904.7,923.8,19.1,False,False
TEB9CD6778B,2024-05,2024-05-24,1284.2,1305.8,21.6,False,False
TCFB896C903,2024-05,2024-05-22,538.9,552.2,13.3,False,False
T4EBE5132B6,2024-05,2024-05-22,629.8,649.8,20.0,False,False
TD6D7800440,2024-05,2024-05-21,1269.1,1286.8,17.7,False,False
TB1AE49FA20,2024-05,2024-05-21,430.1,439.3,9.2,False,False
TF4940B0970,2024-05,2024-05-23,982.7,995.9,13.2,False,False
T6492EC951E,2024-05,2024-05-20,117.8,193.6,75.8,False,False
T5B2FD74A85,2024-05,2024-05-25,1150.8,1170.8,20.0,False,False
TCF1A6CDF80,2024-05,2024-05-21,225.5,249.3,23.8,False,False
TBA965CD37E,2024-05,2024-05-25,147.9,163.7,15.8,False,False
T8917AF33E8,2024-05,2024-05-21,139.7,218.4,78.7,False,False
T4F696F6C0E,2024-05,2024-05-23,151.9,151.9,0.0,True,False
TFB9BD0FCA4,2024-05,2024-05-21,1305.1,1341.4,36.3,False,False
T6372E1147F,2024-05,2024-05-24,858.0,874.4,16.4,False,False
T8B4FC280C2,2024-05,2024-05-23,321.3,339.2,17.9,False,False
T0AF0DD2FE5,2024-05,2024-05-21,861.4,875.1,13.7,False,False
T9BABD62590,2024-05,2024-05-21,688.5,740.2,51.7,False,False
TBBD0028CDB,2024-05,2024-05-23,728.7,743.6,14.9,False,False
T30E453AB34,2024-05,2024-05-23,790.1,803.6,13.5,False,False
T7DC59256DC,2024-05,2024-05-20,259.7,299.2,39.5,False,False
TCC371206BC,2024-05,2024-05-25,338.7,350.7,12.0,False,False
TDEF092A4C5,2024-05,2024-05-21,1279.6,1294.1,14.5,False,False
TE13FCEC631,2024-05,2024-05-23,881.6,899.9,18.3,False,False
T7C3F6A8162,2024-05,2024-05-25,1165.0,1187.7,22.7,False,False
T0F4A3A74ED,2024-05,2024-05-21,558.0,579.9,21.9,False,False
T5BEF82BC17,2024-05,2024-05-24,1126.7,1144.9,18.2,False,False
T07AC5856A4,2024-05,2024-05-22,463.6,476.5,12.9,False,False
T0185184B59,2024-05,2024-05-25,1009.1,1009.1,0.0,True,False
T79F8E1FAE8,2024-05,2024-05-24,41.5,59.5,18.0,False,False
T4D40D256FE,2024-05,2024-05-24,748.4,782.0,33.6,False,False
TE74495FCDD,2024-05,2024-05-23,1369.9,1382.3,12.4,False,False
TAD9ED625D1,2024-05,2024-05-25,1196.0,1221.1,25.1,False,False
TE7328B9E12,2024-05,2024-05-24,535.4,543.0,7.6,False,False
T5FC1C50126,2024-05,2024-05-24,809.2,844.3,35.1,False,False
T203C71CAC2,2024-05,2024-05-20,1369.8,1395.0,25.2,False,False
T1D1F227112,2024-05,2024-05-21,478.3,496.7,18.4,False,False
TF62BDC6E96,2024-05,2024-05-22,1376.6,1399.1,22.5,False,False
T5D35014BC6,2024-05,2024-05-24,1497.9,1505.3,7.4,False,False
T9C80DA594D,2024-05,2024-05-22,577.1,586.2,9.1,False,False
T575100FEE6,2024-05,2024-05-21,17.0,52.0,35.0,False,False
TFF833858D4,2024-05,2024-05-20,1480.7,1491.8,11.1,False,False
T44C452513D,2024-05,2024-05-25,558.8,576.2,17.4,False,False
TC11C4F89B7,2024-05,2024-05-21,127.7,148.5,20.8,False,False
T519E11C12F,2024-05,2024-05-20,97.1,110.0,12.9,False,False
T1D1C3809AD,2024-05,2024-05-20,577.8,630.4,52.6,False,False
T2F89E8ED6F,2024-05,2024-05-24,1201.8,1201.8,0.0,True,False
TED624C9B29,2024-05,2024-05-22,1159.4,1181.5,22.1,False,False
T80599540B9,2024-05,2024-05-25,37.5,68.6,31.1,False,False
T99F86EAA03,2024-05,2024-05-21,617.8,639.5,21.7,False,False
T48E474E620,2024-05,2024-05-25,1107.8,1129.6,21.8,False,False
T62F138B69F,2024-05,2024-05-22,1134.7,1161.1,26.4,False,False
T0ABCC73F5F,2024-05,2024-05-23,1187.7,1200.3,12.6,False,False
T451A03E5F4,2024-05,2024-05-24,450.4,488.8,38.4,False,False
T28A5C3A212,2024-05,2024-05-24,779.7,789.6,9.9,False,False
T9BF23AC92B,2024-05,2024-05-23,861.2,876.2,15.0,False,False
T8D847ABAD5,2024-05,2024-05-21,772.8,782.4,9.6,False,False
T79AD100612,2024-05,2024-05-25,979.4,1000.5,21.1,False,False
T595C48877B,2024-05,2024-05-25,872.9,890.0,17.1,False,False
T7E1F631507,2024-05,2024-05-23,20.0,41.9,21.9,False,False
T7CEE29F570,2024-05,2024-05-25,316.6,331.8,15.2,False,False
TB28F8F08F4,2024-05,2024-05-24,678.7,695.1,16.4,False,False
T741A1119FA,2024-05,2024-05-20,253.6,280.7,27.1,False,False
T26862D1A4A,2024-05,2024-05-25,1416.5,1469.4,52.9,False,False
TCB96D14BFD,2024-05,2024-05-25,534.8,550.1,15.3,False,False
TF07D19AE17,2024-05,2024-05-22,47.6,94.2,46.6,False,False
T7AE1E63696,2024-05,2024-05-25,1320.3,1330.8,10.5,False,False
TEA687BEEC8,2024-05,2024-05-24,305.3,323.3,18.0,False,False
T5C97BD73CE,2024-05,2024-05-21,1337.8,1384.6,46.8,False,True
T64DF103F27,2024-05,2024-05-22,254.1,264.7,10.6,False,False
T962D5133B5,2024-05,2024-05-20,1073.0,1098.4,25.4,False,False
TFAE2AFD636,2024-05,2024-05-25,1315.1,1328.0,12.9,False,False
T8237A9AE83,2024-05,2024-05-25,298.6,317.5,18.9,False,False
T124789ED12,2024-05,2024-05-24,782.9,793.2,10.3,False,False
T77D8F1F07B,2024-05,2024-05-20,617.3,655.3,38.0,False,False
T88E01EE6A9,2024-05,2024-05-25,470.9,494.5,23.6,False,False
TCCA2F0E6D1,2024-05,2024-05-24,354.0,373.9,19.9,False,False
TE7C4074532,2024-05,2024-05-22,145.5,174.0,28.5,False,False
TE08ACE6D71,2024-05,2024-05-25,1315.9,1343.0,27.1,False,False
TF5AB4BC37D,2024-05,2024-05-22,374.0,392.9,18.9,False,False
T31A37C291B,2024-05,2024-05-24,48.0,62.9,14.9,False,False
T85072A41C6,2024-05,2024-05-23,1206.3,1218.0,11.7,False,False
T3DB8E8C91B,2024-05,2024-05-25,908.9,924.1,15.2,False,False
T1F21C0A526,2024-05,2024-05-24,166.4,186.7,20.3,False,False
TC653350390,2024-05,2024-05-20,1317.2,1328.7,11.5,False,False
TF357DF2C85,2024-05,2024-05-20,462.7,484.7,22.0,False,False
TC2B54F643A,2024-05,2024-05-21,269.0,280.6,11.6,False,False
T62A907AFA1,2024-05,2024-05-22,541.8,552.6,10.8,False,False
T9B926E1A60,2024-05,2024-05-24,764.0,764.0,0.0,True,False
T95A557D58C,2024-05,2024-05-23,442.0,644.8,202.8,False,False
T4FD73F8DF8,2024-05,2024-05-23,153.6,164.9,11.3,False,False
TAA9E781779,2024-05,2024-05-22,1012.9,1026.4,13.5,False,False
T5AB667FA59,2024-05,2024-05-20,997.0,1028.2,31.2,False,False
T2FB8838715,2024-05,2024-05-25,1385.4,1408.5,23.1,False,False
TDC0B728E72,2024-05,2024-05-23,599.1,659.9,60.8,False,False
T500E1E73A5,2024-05,2024-05-21,765.0,776.7,11.7,False,False
T518D652731,2024-05,2024-05-25,451.5,480.5,29.0,False,False
T5F78380FF1,2024-05,2024-05-24,775.3,793.2,17.9,False,False
T2269F4C04A,2024-05,2024-05-25,750.6,802.6,52.0,False,False
T75D0C6EEF9,2024-05,2024-05-25,769.2,930.0,160.8,False,False
T08C84C6180,2024-05,2024-05-25,187.6,210.2,22.6,False,False
TBE3328794F,2024-05,2024-05-22,978.6,987.6,9.0,False,False
T7BF732B1D4,2024-05,2024-05-25,1034.9,1050.3,15.4,False,False
T680C591820,2024-05,2024-05-20,1083.1,1087.9,4.8,False,False
T87B30A11CA,2024-05,2024-05-23,1401.0,1423.4,22.4,False,False
T2C69DDD554,2024-05,2024-05-23,619.3,675.6,56.3,False,False
TB5DCDB3D2B,2024-05,2024-05-25,1317.8,1325.2,7.4,False,False
TF1BF705581,2024-05,2024-05-22,576.9,598.8,21.9,False,False
T7861C2062B,2024-05,2024-05-24,1489.8,1535.7,45.9,False,False
T3E7A117328,2024-05,2024-05-23,297.3,297.3,0.0,True,False
T626DE7D352,2024-05,2024-05-20,847.1,905.4,58.3,False,False
T30CED3EF6B,2024-05,2024-05-21,842.7,869.2,26.5,False,False
T6F621D315F,2024-05,2024-05-23,104.0,135.0,31.0,False,False
T5AEAFABEEB,2024-05,2024-05-24,927.0,940.9,13.9,False,False
T6E1A658692,2024-05,2024-05-24,476.9,496.9,20.0,False,False
TDFD739AFF7,2024-05,2024-05-25,1290.5,1305.6,15.1,False,False
T0E7497BE87,2024-05,2024-05-24,217.9,230.2,12.3,False,False
T63245D9338,2024-05,2024-05-24,195.3,222.1,26.8,False,False
T2FC1A9FEB9,2024-05,2024-05-20,281.6,301.7,20.1,False,False
TE5572E3B77,2024-05,2024-05-22,1439.9,1449.5,9.6,False,False
T93AE74FC8C,2024-05,2024-05-24,777.0,795.8,18.8,False,False
TCE4F3C1854,2024-05,2024-05-21,1501.3,1538.1,36.8,False,False
T623FDA0FEC,2024-05,2024-05-23,341.8,366.8,25.0,False,False
T6FCD9FC327,2024-05,2024-05-21,393.9,401.9,8.0,False,False
T26D49D2B10,2024-05,2024-05-23,800.1,831.3,31.2,False,False
T6B0F45148F,2024-05,2024-05-23,392.5,505.7,113.2,False,False
T5DA6DABC22,2024-05,2024-05-20,503.7,522.6,18.9,False,False
T4C0FAA9237,2024-05,2024-05-21,775.3,799.4,24.1,False,False
T629B85F6AE,2024-05,2024-05-25,1295.3,1312.5,17.2,False,False
TE6221DA147,2024-05,2024-05-23,740.2,749.7,9.5,False,False
T7092CB932F,2024-05,2024-05-22,1201.4,1219.7,18.3,False,False
T38F3AD60D6,2024-05,2024-05-23,261.6,290.4,28.8,False,False
T051D6304AA,2024-05,2024-05-23,972.0,984.8,12.8,False,False
T1677509027,2024-05,2024-05-25,364.1,379.3,15.2,False,False
TCE43CAAFDD,2024-05,2024-05-20,932.1,947.5,15.4,False,False
TD6051C60DD,2024-05,2024-05-21,1023.6,1065.2,41.6,False,False
TD81C7B0AC7,2024-05,2024-05-23,1394.8,1412.2,17.4,False,False
TEB9B6A4FBC,2024-05,2024-05-25,777.2,794.2,17.0,False,False
T8E67D26322,2024-05,2024-05-20,1473.1,1473.1,0.0,True,False
T0E8259349E,2024-05,2024-05-20,124.7,140.6,15.9,False,False
TEC586A8374,2024-05,2024-05-23,929.9,947.8,17.9,False,False
T1E40F3A239,2024-05,2024-05-25,973.0,984.0,11.0,False,False
T716C530DED,2024-05,2024-05-21,438.2,456.0,17.8,False,False
T7562476AEF,2024-05,2024-05-25,1403.4,1425.1,21.7,False,False
TB460453C4D,2024-05,2024-05-23,163.4,180.7,17.3,False,False
T4A69C0BA6F,2024-05,2024-05-21,363.9,386.0,22.1,False,False
TB3006B8F03,2024-05,2024-05-20,652.9,665.7,12.8,False,False
TED3E393477,2024-05,2024-05-25,1423.8,1448.4,24.6,False,False
TA014F1FF15,2024-05,2024-05-23,1029.2,1029.2,0.0,True,False
T08D24C843D,2024-05,2024-05-20,191.9,213.4,21.5,False,False
T328C38D103,2024-05,2024-05-21,1460.8,1483.3,22.5,False,False
T5D52776F44,2024-05,2024-05-24,381.2,394.8,13.6,False,False
T350C7F0CAD,2024-05,2024-05-22,435.2,454.4,19.2,False,False
TE4BF83F9A5,2024-05,2024-05-20,1200.4,1231.9,31.5,False,False
T363192FB18,2024-05,2024-05-20,880.6,906.1,25.5,False,False
TE7D390D6E1,2024-05,2024-05-25,812.8,831.0,18.2,False,False
TEAED0D702E,2024-05,2024-05-25,865.5,883.2,17.7,False,False
T76D2631BBE,2024-05,2024-05-22,1136.1,1153.9,17.8,False,False
T41D9DAD65E,2024-05,2024-05-20,545.1,561.3,16.2,False,False
T4FB688BCF2,2024-05,2024-05-20,997.4,1013.9,16.5,False,False
T49C247A691,2024-05,2024-05-23,445.3,468.2,22.9,False,False
TAD97E4B580,2024-05,2024-05-23,38.6,61.9,23.3,False,False
TA6D3C701E5,2024-05,2024-05-24,231.3,255.5,24.2,False,False
T1629374829,2024-05,2024-05-22,454.2,494.7,40.5,False,False
TE380DFCDD5,2024-05,2024-05-25,1030.6,1050.1,19.5,False,False
TC71E645A97,2024-05,2024-05-23,726.0,747.4,21.4,False,False
T3B2D063348,2024-05,2024-05-23,321.1,329.5,8.4,False,False
T6B0703F297,2024-05,2024-05-24,929.5,946.1,16.6,False,False
T2442BBD224,2024-05,2024-05-20,626.8,645.8,19.0,False,False
T94AEE9D59A,2024-05,2024-05-24,954.7,954.7,0.0,True,False
TC36C8FB548,2024-05,2024-05-22,1335.1,1347.3,12.2,False,False
TEA6C60108F,2024-05,2024-05-23,1200.5,1200.5,0.0,True,False
T5D0DA4A5A3,2024-05,2024-05-25,855.8,875.4,19.6,False,False
TCE2F3968A5,2024-05,2024-05-25,793.5,813.5,20.0,False,False
T3290CE40ED,2024-05,2024-05-23,1295.8,1322.6,26.8,False,False
TFF800A383C,2024-05,2024-05-20,1020.5,1035.7,15.2,False,False
T43D369AD4F,2024-05,2024-05-24,657.3,674.0,16.7,False,False
T2558B25F4A,2024-05,2024-05-22,72.4,86.2,13.8,False,False
TF2D53B5266,2024-05,2024-05-22,1296.9,1316.3,19.4,False,False
T46E626FB09,2024-05,2024-05-23,84.8,108.1,23.3,False,False
T7E0A59EC74,2024-05,2024-05-24,336.6,345.5,8.9,False,False
TDB77C6E5BA,2024-05,2024-05-24,506.0,521.2,15.2,False,False
TB2420A8657,2024-05,2024-05-25,1094.8,1094.8,0.0,True,False
TB1246EBDB6,2024-05,2024-05-23,608.2,614.7,6.5,False,False
T8C8BD1D187,2024-05,2024-05-24,855.5,883.7,28.2,False,False
T9A87FD75BB,2024-05,2024-05-22,426.9,441.8,14.9,False,False
T7220DB253B,2024-05,2024-05-24,583.6,604.2,20.6,False,False
T024582A041,2024-05,2024-05-22,1210.4,1252.9,42.5,False,False
TA3D7EB0EB6,2024-05,2024-05-25,1384.1,1387.1,3.0,False,False
T980F08905D,2024-05,2024-05-24,1271.0,1287.3,16.3,False,False
T0070991C4A,2024-05,2024-05-21,314.4,332.3,17.9,False,False
TE62F9D24A2,2024-05,2024-05-20,642.0,670.9,28.9,False,False
T660F58D22C,2024-05,2024-05-22,1160.2,1160.2,0.0,True,False
TC9C59FD3C0,2024-05,2024-05-25,1301.8,1315.4,13.6,False,False
TC85BCF4679,2024-05,2024-05-20,555.4,571.5,16.1,False,False
T711A4FB3DC,2024-05,2024-05-21,1217.4,1225.4,8.0,False,False
TDA01857472,2024-05,2024-05-25,627.6,635.1,7.5,False,False
T593C7D2F36,2024-05,2024-05-23,842.5,857.6,15.1,False,False
TAD1B3ECAF6,2024-05,2024-05-23,619.9,641.6,21.7,False,False
T62DB418771,2024-06,2024-06-23,1037.7,1059.6,21.9,False,False
T516D296A99,2024-06,2024-06-21,717.6,726.0,8.4,False,False
TF6199DECCB,2024-06,2024-06-24,1013.7,1064.4,50.7,False,False
TBFDD3649BD,2024-06,2024-06-22,1283.8,1301.7,17.9,False,False
T1A8F7C05C9,2024-06,2024-06-23,1218.8,1227.9,9.1,False,False
T6B4FC6C7C6,2024-06,2024-06-20,639.1,658.4,19.3,False,False
T6EE7490E19,2024-06,2024-06-22,1382.5,1397.4,14.9,False,False
T771EC6B537,2024-06,2024-06-24,888.6,894.7,6.1,False,False
TA87CD37475,2024-06,2024-06-20,302.9,332.2,29.3,False,False
T00048F12E2,2024-06,2024-06-25,133.8,133.8,0.0,True,False
TDE3B85E449,2024-06,2024-06-24,987.8,1006.0,18.2,False,False
TDFD5EF1E2B,2024-06,2024-06-23,581.4,597.3,15.9,False,False
T6BE1C12D07,2024-06,2024-06-21,1336.5,1471.6,135.1,False,False
TE17C7596F7,2024-06,2024-06-21,180.2,195.2,15.0,False,False
TF0590D064A,2024-06,2024-06-24,467.2,477.3,10.1,False,False
T0201C8273D,2024-06,2024-06-25,380.0,393.8,13.8,False,False
T416D725964,2024-06,2024-06-21,1114.4,1133.8,19.4,False,False
T592985E849,2024-06,2024-06-21,242.2,263.3,21.1,False,False
T8CFD079CB6,2024-06,2024-06-25,1501.8,1518.1,16.3,False,False
TD10A6EDCA0,2024-06,2024-06-20,798.7,817.8,19.1,False,False
T0CE7987E4B,2024-06,2024-06-23,386.5,462.7,76.2,False,False
T0F12629295,2024-06,2024-06-23,377.8,382.8,5.0,False,False
T7833B36159,2024-06,2024-06-20,583.0,599.0,16.0,False,False
T997FF51E88,2024-06,2024-06-20,786.8,,,False,False
TB0AFAFC426,2024-06,2024-06-22,1616.8,1662.9,46.1,False,False
T4B2228F178,2024-06,2024-06-23,542.2,542.2,0.0,True,False
T5D1D63651A,2024-06,2024-06-20,296.2,314.6,18.4,False,False
T005A9CE174,2024-06,2024-06-25,1269.3,1269.3,0.0,True,False
T0E572DDC2C,2024-06,2024-06-25,1007.2,1007.2,0.0,True,False
T6B4C3EB33E,2024-06,2024-06-24,1311.0,1317.0,6.0,False,False
T98621FD0F2,2024-06,2024-06-21,942.1,1060.2,118.1,False,False
TCED7759D69,2024-06,2024-06-22,1222.0,1246.2,24.2,False,False
T148BA00559,2024-06,2024-06-23,1104.9,1128.7,23.8,False,False
T8EF8382AF5,2024-06,2024-06-23,1483.6,1498.1,14.5,False,False
T294140BCEC,2024-06,2024-06-25,246.0,274.8,28.8,False,False
T2B4ECE5F7A,2024-06,2024-06-22,251.0,268.0,17.0,False,False
TFCDB644B38,2024-06,2024-06-20,268.8,287.5,18.7,False,False
TF46C85CB55,2024-06,2024-06-25,626.5,635.3,8.8,False,False
T635E7348B0,2024-06,2024-06-21,265.4,285.0,19.6,False,False
TD950C1321E,2024-06,2024-06-21,299.3,299.3,0.0,True,False
T79F7CA1313,2024-06,2024-06-21,230.0,237.1,7.1,False,False
T1890D0D69D,2024-06,2024-06-25,771.0,787.0,16.0,False,False
T92ED6C6BBC,2024-06,2024-06-21,433.9,442.4,8.5,False,False
T1A234D637E,2024-06,2024-06-25,1117.8,1136.2,18.4,False,False
T0FA07C2AE6,2024-06,2024-06-23,334.1,342.8,8.7,False,False
T85D9327E38,2024-06,2024-06-21,1298.4,1311.6,13.2,False,False
T9B2220E701,2024-06,2024-06-23,943.2,963.1,19.9,False,False
T75AE25B236,2024-06,2024-06-22,828.5,843.5,15.0,False,False
T85C4B9E9BD,2024-06,2024-06-24,1149.8,1157.3,7.5,False,False
TAAC46C752C,2024-06,2024-06-22,1494.6,1499.0,4.4,False,False
TB5ABA37301,2024-06,2024-06-24,813.8,837.6,23.8,False,False
TDB1931905E,2024-06,2024-06-24,944.4,956.9,12.5,False,False
T8A79BCF725,2024-06,2024-06-25,1271.6,1278.2,6.6,False,False
T1383BC162C,2024-06,2024-06-21,1510.7,1524.8,14.1,False,False
TE3F34F661C,2024-06,2024-06-20,844.8,929.0,84.2,False,False
T945DF5CC73,2024-06,2024-06-21,1034.5,1042.1,7.6,False,False
T89289351AD,2024-06,2024-06-24,1101.4,1120.5,19.1,False,False
T3C6A8E589D,2024-06,2024-06-20,153.9,192.7,38.8,False,False
T9EDB41553F,2024-06,2024-06-22,195.0,203.9,8.9,False,False
T39FECD2D40,2024-06,2024-06-23,687.3,708.9,21.6,False,False
T393F331539,2024-06,2024-06-21,350.7,365.2,14.5,False,False
T44E572D176,2024-06,2024-06-21,331.0,351.4,20.4,False,False
T6A0C9518A5,2024-06,2024-06-20,1191.2,1204.4,13.2,False,False
T6F6C091F32,2024-06,2024-06-20,1313.5,1326.5,13.0,False,False
T0A7DFC3903,2024-06,2024-06-25,1340.6,1360.9,20.3,False,False
T4CA807AAAE,2024-06,2024-06-24,239.2,276.6,37.4,False,False
T292B036CC6,2024-06,2024-06-25,830.9,847.6,16.7,False,False
TF252236170,2024-06,2024-06-25,45.6,65.2,19.6,False,False
T47A88C447A,2024-06,2024-06-25,670.7,680.3,9.6,False,False
T29274E7656,2024-06,2024-06-23,262.3,280.2,17.9,False,False
TF94B3B4CEA,2024-06,2024-06-25,509.1,532.9,23.8,False,False
TD79C86593F,2024-06,2024-06-24,924.8,941.4,16.6,False,False
T042B2178D1,2024-06,2024-06-24,98.9,121.6,22.7,False,False
TE9E2B18053,2024-06,2024-06-21,391.3,452.7,61.4,False,False
T80D9A080BE,2024-06,2024-06-20,1421.0,,,False,True
T580C1D0E5A,2024-06,2024-06-25,563.9,624.0,60.1,False,False
T262047037E,2024-06,2024-06-21,488.7,505.1,16.4,False,False
T997FBB56CB,2024-06,2024-06-23,1410.7,1427.2,16.5,False,False
T488907BADA,2024-06,2024-06-22,248.6,330.2,81.6,False,True
T959B664297,2024-06,2024-06-23,62.9,73.7,10.8,False,False
TCE4FA87780,2024-06,2024-06-24,1234.2,1241.9,7.7,False,False
T6A6F416B64,2024-06,2024-06-23,965.0,983.1,18.1,False,False
T5C22EC11B8,2024-06,2024-06-25,538.9,609.0,70.1,False,False
T132EB7CE2B,2024-06,2024-06-22,1080.2,1094.0,13.8,False,False
T011F73020E,2024-06,2024-06-25,1087.2,1107.6,20.4,False,False
T0197678D11,2024-06,2024-06-22,661.2,698.0,36.8,False,False
TBA58CFEBC6,2024-06,2024-06-22,1429.3,1459.4,30.1,False,False
T78A401EEAD,2024-06,2024-06-20,217.7,234.3,16.6,False,False
TE33F90B286,2024-06,2024-06-24,321.8,321.8,0.0,True,False
T761C9E26E6,2024-06,2024-06-22,240.4,254.1,13.7,False,False
T65187CE62C,2024-06,2024-06-25,570.9,620.5,49.6,False,False
T6DD4962896,2024-06,2024-06-25,224.4,237.9,13.5,False,False
T57E5EAB9B8,2024-06,2024-06-24,1020.6,1034.1,13.5,False,False
T0D1C506545,2024-06,2024-06-23,766.9,782.8,15.9,False,False
T16385BC409,2024-06,2024-06-22,229.1,240.4,11.3,False,False
T703E749B16,2024-06,2024-06-25,677.7,150.55002628141145,13.6,False,False
TE03815B898,2024-06,2024-06-24,1414.8,1435.8,21.0,False,False
T5EDC8CD764,2024-06,2024-06-25,1044.9,1056.5,11.6,False,False
T8A0E42EA46,2024-06,2024-06-23,1159.9,1173.4,13.5,False,False
T58E4665FE8,2024-06,2024-06-21,250.7,277.5,26.8,False,False
T45A3829C6C,2024-06,2024-06-24,192.3,211.6,19.3,False,False
T0F2B41D96D,2024-06,2024-06-23,110.2,156.5,46.3,False,False
T45E4DAC832,2024-06,2024-06-20,744.1,761.5,17.4,False,False
TB308B5DC7A,2024-06,2024-06-22,1089.4,1109.3,19.9,False,False
T5A52BDFD5B,2024-06,2024-06-21,1157.3,1164.3,7.0,False,False
T3B6195226D,2024-06,2024-06-23,466.2,466.2,0.0,True,False
TEF3ACC364D,2024-06,2024-06-21,89.8,103.4,13.6,False,False
T0E3944E1C7,2024-06,2024-06-24,1376.5,1392.0,15.5,False,False
TC5E02C2AE1,2024-06,2024-06-23,838.5,846.8,8.3,False,False
T9C181CA6B2,2024-06,2024-06-24,510.5,528.6,18.1,False,False
T46D0D9FE06,2024-06,2024-06-21,914.2,927.8,13.6,False,False
T3763EE0258,2024-06,2024-06-22,272.7,284.3,11.6,False,False
TB6793708AF,2024-06,2024-06-22,740.3,753.5,13.2,False,False
T02BF3919B7,2024-06,2024-06-22,1173.5,1186.5,13.0,False,False
T61903D0C08,2024-06,2024-06-22,377.5,390.7,13.2,False,False
T1540962193,2024-06,2024-06-25,432.8,542.0,109.2,False,False
TE8DF4BFC62,2024-06,2024-06-25,1410.0,1453.3,43.3,False,False
T97A5E4F98E,2024-06,2024-06-20,1144.3,1156.5,12.2,False,False
TB2B631F6DE,2024-06,2024-06-23,67.1,82.4,15.3,False,False
TFD4476DD46,2024-06,2024-06-22,559.7,589.7,30.0,False,False
T63AE43B763,2024-06,2024-06-21,806.6,837.8,31.2,False,False
TF7E0F3ADFA,2024-06,2024-06-25,570.4,573.4,3.0,False,False
T9F3D4A99A8,2024-06,2024-06-23,961.4,967.9,6.5,False,False
T3AF0CA5142,2024-06,2024-06-25,876.1,933.2,57.1,False,False
T525C93E294,2024-06,2024-06-24,246.0,257.8,11.8,False,False
TA60FF3309B,2024-06,2024-06-24,1132.1,1144.9,12.8,False,False
T6230F0F81A,2024-06,2024-06-25,165.6,165.6,0.0,True,False
T486DC7662A,2024-06,2024-06-25,1246.2,1458.8,212.6,False,False
T0DD0FDF0BD,2024-06,2024-06-22,552.3,570.2,17.9,False,False
T81EEF6FCD3,2024-06,2024-06-22,778.4,791.3,12.9,False,False
T6269371CAA,2024-06,2024-06-23,1330.7,1339.1,8.4,False,False
TF7BDB30AC3,2024-06,2024-06-22,425.6,466.4,40.8,False,False
TC1EBE75CAC,2024-06,2024-06-21,894.9,915.7,20.8,False,False
T0A0805FB46,2024-06,2024-06-23,1517.3,1545.9,28.6,False,False
T7C1EBC3C4C,2024-06,2024-06-24,305.3,331.5,26.2,False,False
TFB5558315C,2024-06,2024-06-20,126.7,148.4,21.7,False,False
T4D34DCD6FE,2024-06,2024-06-22,645.7,657.7,12.0,False,False
T8F2163E1AC,2024-06,2024-06-22,1344.7,1373.6,28.9,False,False
T6D36EEA27E,2024-06,2024-06-23,163.6,163.6,0.0,True,False
TD718599337,2024-06,2024-06-22,794.9,836.7,41.8,False,False
TACFC1D584E,2024-06,2024-06-23,1030.6,1059.5,28.9,False,False
TE1CE4D9E5A,2024-06,2024-06-23,262.2,278.9,16.7,False,False
TEEB9050E6F,2024-06,2024-06-23,584.6,616.9,32.3,False,False
T266175A7E1,2024-06,2024-06-22,1347.8,1374.8,27.0,False,False
T188F8436EB,2024-06,2024-06-23,433.5,443.0,9.5,False,False
TBF5EF4019A,2024-06,2024-06-24,791.0,800.5,9.5,False,False
TF8038E3438,2024-06,2024-06-22,653.7,664.1,10.4,False,False
T14A35B501D,2024-06,2024-06-22,885.0,929.0,44.0,False,False
TACA1F6575E,2024-06,2024-06-24,33.0,44.1,11.1,False,False
T425CF74F89,2024-06,2024-06-23,962.5,962.5,0.0,True,False
T7E561E41DF,2024-06,2024-06-25,1475.5,1494.2,18.7,False,False
TAE21909B09,2024-06,2024-06-25,492.3,507.6,15.3,False,False
TA49FD77129,2024-06,2024-06-25,852.6,895.8,43.2,False,False
T83C53CBDE3,2024-06,2024-06-23,706.1,725.7,19.6,False,False
T8989E9F3E0,2024-06,2024-06-24,954.5,989.1,34.6,False,False
T0E868A3F47,2024-06,2024-06-24,1447.5,1471.8,24.3,False,False
TAA4A146A6F,2024-06,2024-06-20,865.5,878.2,12.7,False,False
T929701588B,2024-06,2024-06-25,560.4,571.2,10.8,False,False
TCBA87E8F93,2024-06,2024-06-24,1408.2,1425.1,16.9,False,False
T71B2CE98BC,2024-06,2024-06-23,1368.4,1402.3,33.9,False,False
T3104E606FB,2024-06,2024-06-25,1465.2,1465.2,0.0,True,False
TC9C584B8EF,2024-06,2024-06-24,442.4,483.2,40.8,False,True
T42EAACA5A6,2024-06,2024-06-23,365.7,383.7,18.0,False,False
T27CD292019,2024-06,2024-06-22,1300.8,1327.0,26.2,False,False
T2631941D4D,2024-06,2024-06-21,1444.1,1460.7,16.6,False,False
TD6D0D046B5,2024-06,2024-06-20,349.2,356.9,7.7,False,False
T930BCF26DA,2024-06,2024-06-21,1405.2,1421.7,16.5,False,False
T7A263D97A8,2024-06,2024-06-23,155.2,176.3,21.1,False,False
T84CC232045,2024-06,2024-06-21,976.2,985.5,9.3,False,False
T1F7089E5B3,2024-06,2024-06-24,1051.0,1077.6,26.6,False,False
T6DD01C39D7,2024-06,2024-06-22,961.2,993.8,32.6,False,False
TE3814F5946,2024-06,2024-06-24,1065.8,1076.3,10.5,False,False
T260F6D657D,2024-06,2024-06-21,1509.9,1531.2,21.3,False,False
TF9F158A927,2024-06,2024-06-25,647.4,666.7,19.3,False,False
T2A78E596A5,2024-06,2024-06-24,425.9,452.9,27.0,False,False
T48829C6681,2024-06,2024-06-22,623.3,623.3,0.0,True,False
T5446AB5D4F,2024-06,2024-06-21,1337.3,1347.3,10.0,False,False
T6FEE2A0A85,2024-06,2024-06-23,277.1,289.8,12.7,False,False
T37BA3005AD,2024-06,2024-06-25,1020.0,1039.4,19.4,False,False
T599538981A,2024-06,2024-06-21,875.4,935.4,60.0,False,False
TC1FE3D7E79,2024-06,2024-06-24,1018.8,1039.1,20.3,False,False
TAB633F4546,2024-06,2024-06-25,191.1,211.9,20.8,False,False
TEF123948C4,2024-06,2024-06-22,587.3,598.9,11.6,False,False
T50EA3E30B0,2024-06,2024-06-20,952.8,972.7,19.9,False,False
T10E8B50E63,2024-06,2024-06-21,1083.5,1131.6,48.1,False,False
T75445AB825,2024-06,2024-06-22,1094.3,1108.5,14.2,False,False
T9AEC04CEE6,2024-06,2024-06-21,184.9,194.3,9.4,False,False
TE59C7E0558,2024-06,2024-06-22,367.4,380.4,13.0,False,False
T017F5CC857,2024-06,2024-06-23,1259.5,1278.1,18.6,False,False
T5740214D00,2024-06,2024-06-24,425.0,430.7,5.7,False,False
TA54FDBC969,2024-06,2024-06-25,544.0,584.7,40.7,False,False
T79348D1D8C,2024-06,2024-06-21,236.9,296.7,59.8,False,False
T0C38B9638D,2024-06,2024-06-23,770.2,796.7,26.5,False,False
TF8CD7DEDDA,2024-06,2024-06-24,640.2,662.7,22.5,False,False
TD4AA44C620,2024-06,2024-06-22,619.0,636.1,17.1,False,False
TBA22021045,2024-06,2024-06-23,287.9,360.2,72.3,False,False
TAE4991C39A,2024-06,2024-06-21,1405.5,1421.4,15.9,False,False
T926427EC22,2024-06,2024-06-23,591.7,604.4,12.7,False,False
T03F3726F54,2024-06,2024-06-23,929.9,940.9,11.0,False,False
T9C5C1B51E6,2024-06,2024-06-23,162.8,186.2,23.4,False,False
TAB67F85714,2024-06,2024-06-22,1499.9,1516.6,16.7,False,False
T021E4A2B45,2024-06,2024-06-21,502.1,516.3,14.2,False,False
T9C284C6EDE,2024-06,2024-06-23,1407.9,1426.4,18.5,False,False
TE5AE06739E,2024-06,2024-06-21,134.8,157.2,22.4,False,False
T01F422D988,2024-06,2024-06-22,1503.4,1516.7,13.3,False,False
T812E69DF24,2024-06,2024-06-21,518.0,180.967243583629,56.7,False,False
T1753290875,2024-06,2024-06-24,1348.1,1367.2,19.1,False,False
T6453265506,2024-06,2024-06-21,1254.9,1385.6,130.7,False,False
T3DCE54CBCD,2024-06,2024-06-22,201.5,211.2,9.7,False,False
T25A59C1230,2024-06,2024-06-23,82.3,112.0,29.7,False,False
T7149DBE7E7,2024-06,2024-06-23,760.7,801.0,40.3,False,False
T17B01CE93D,2024-06,2024-06-24,1305.9,1319.9,14.0,False,False
T2A7B7C0706,2024-06,2024-06-23,1247.6,1262.5,14.9,False,False
TA2A12750E0,2024-06,2024-06-22,414.9,426.0,11.1,False,False
TCDF5CCF9D1,2024-06,2024-06-20,1505.8,1523.1,17.3,False,False
T136877D852,2024-06,2024-06-24,948.1,948.1,0.0,True,False
TD93E7F3525,2024-06,2024-06-23,1174.3,1180.3,6.0,False,False
T9E698DAD97,2024-06,2024-06-23,232.9,249.7,16.8,False,False
TA7CD008CD2,2024-06,2024-06-21,1188.3,1215.0,26.7,False,False
TB5E2F0D295,2024-06,2024-06-23,818.1,830.3,12.2,False,False
T886651EB56,2024-06,2024-06-25,1476.2,1502.1,25.9,False,False
T726E26C014,2024-06,2024-06-22,450.9,457.4,6.5,False,False
T47801013F9,2024-06,2024-06-24,122.7,143.5,20.8,False,False
T7B44E5C01C,2024-06,2024-06-24,1083.8,1088.6,4.8,False,False
T06E1B5C91E,2024-06,2024-06-25,572.4,585.4,13.0,False,False
TBD7AFAA9AB,2024-06,2024-06-25,1098.4,1113.7,15.3,False,False
T3A8AE15DE9,2024-06,2024-06-21,964.7,977.3,12.6,False,False
T90FCBE8560,2024-06,2024-06-20,1209.1,1222.0,12.9,False,False
T6B76BCDCC8,2024-06,2024-06-20,1284.8,1340.1,55.3,False,False
T6B61D786E8,2024-06,2024-06-21,977.7,991.3,13.6,False,False
TD8B8E83F9D,2024-06,2024-06-22,1241.2,1256.0,14.8,False,False
T353F39960E,2024-06,2024-06-21,387.0,395.7,8.7,False,False
TC44518846F,2024-06,2024-06-20,248.9,266.4,17.5,False,False
T3DBD424B8F,2024-06,2024-06-25,515.8,528.9,13.1,False,False
TB8E4E6CA4C,2024-06,2024-06-20,496.9,531.0,34.1,False,False
T54630B6404,2024-06,2024-06-22,185.4,205.0,19.6,False,False
T71623730B1,2024-06,2024-06-24,989.4,1004.1,14.7,False,False
T7436A106AE,2024-06,2024-06-20,372.7,381.9,9.2,False,False
T6191B8FD69,2024-06,2024-06-20,1058.0,1071.6,13.6,False,False
TBA7727A83B,2024-06,2024-06-22,397.2,408.0,10.8,False,False
T66B24DDB8C,2024-06,2024-06-25,1515.8,1530.1,14.3,False,False
T0EAA0EDBAF,2024-06,2024-06-21,579.9,609.6,29.7,False,False
TDCBC842E3A,2024-06,2024-06-22,299.1,331.2,32.1,False,False
T305BACE840,2024-06,2024-06-22,649.6,672.3,22.7,False,False
TAD0E244201,2024-06,2024-06-23,952.1,973.4,21.3,False,False
T824A68B378,2024-06,2024-06-25,1221.1,1226.7,5.6,False,False
T9F72B39B89,2024-06,2024-06-23,588.5,600.0,11.5,False,False
T0380D1AD85,2024-06,2024-06-22,893.9,913.7,19.8,False,False
TD58AFBB420,2024-06,2024-06-23,1464.3,1524.1,59.8,False,False
TB1A6FA6009,2024-06,2024-06-22,286.9,,,False,False
TB95EB354D9,2024-06,2024-06-23,825.6,850.1,24.5,False,False
T6EBEC2B9E3,2024-06,2024-06-23,373.5,427.1,53.6,False,True
TCBAFB86C54,2024-06,2024-06-21,1465.2,1478.1,12.9,False,False
T2D884BEE59,2024-06,2024-06-25,1036.2,1055.4,19.2,False,False
T81E3CAC404,2024-06,2024-06-25,1191.1,1201.2,10.1,False,False
TB13246DF04,2024-06,2024-06-25,1447.6,1491.9,44.3,False,False
T38FC29870C,2024-06,2024-06-22,848.1,857.5,9.4,False,False
T0B952300A6,2024-06,2024-06-25,984.2,1003.0,18.8,False,False
T592EE5AE5A,2024-06,2024-06-23,392.8,407.7,14.9,False,False
T8AB7B992DC,2024-06,2024-06-22,1432.3,1447.0,14.7,False,False
TE13531501B,2024-06,2024-06-23,157.7,169.9,12.2,False,False
T603C6A7DDF,2024-06,2024-06-23,1308.6,1356.7,48.1,False,False
T9B1CF87E17,2024-06,2024-06-25,461.6,478.2,16.6,False,False
T7E47E27FFB,2024-06,2024-06-22,968.8,983.7,14.9,False,False
T2FE3E18EED,2024-06,2024-06-24,906.1,922.8,16.7,False,False
T518FD2CD05,2024-06,2024-06-24,599.3,620.4,21.1,False,False
TCA03B52F53,2024-06,2024-06-21,222.0,237.2,15.2,False,False
TC97F0C81C8,2024-06,2024-06-24,696.4,816.0,119.6,False,False
T5825BB17FC,2024-06,2024-06-23,176.9,250.0,73.1,False,False
TC5E185C6E8,2024-06,2024-06-23,83.0,99.5,16.5,False,False
TEAD9E81003,2024-06,2024-06-23,721.2,739.3,18.1,False,False
TE23D5A574A,2024-06,2024-06-23,776.3,790.3,14.0,False,False
T04048D53A3,2024-06,2024-06-22,620.8,628.2,7.4,False,False
TE1AA9E77A7,2024-06,2024-06-22,898.5,904.7,6.2,False,False
TC54C99BA73,2024-06,2024-06-25,432.9,468.9,36.0,False,False
T013C0F8B57,2024-06,2024-06-22,1228.5,1244.0,15.5,False,False
T3C23C0A42C,2024-06,2024-06-21,799.6,821.7,22.1,False,False
TEDB2598366,2024-06,2024-06-22,1061.2,1074.9,13.7,False,False
T03D524AC98,2024-06,2024-06-21,1307.9,1324.9,17.0,False,False
T9B658694D7,2024-06,2024-06-23,372.4,429.5,57.1,False,True
T827DB403EF,2024-06,2024-06-20,985.8,989.5,3.7,False,False
TD5960FA89C,2024-06,2024-06-21,923.8,937.4,13.6,False,False
TEB9CD6778B,2024-06,2024-06-25,1305.8,1321.8,16.0,False,False
TCFB896C903,2024-06,2024-06-22,552.2,565.0,12.8,False,False
T4EBE5132B6,2024-06,2024-06-21,649.8,667.4,17.6,False,False
TD6D7800440,2024-06,2024-06-23,1286.8,1296.4,9.6,False,False
TB1AE49FA20,2024-06,2024-06-22,439.3,447.7,8.4,False,False
TF4940B0970,2024-06,2024-06-21,995.9,1007.3,11.4,False,False
T6492EC951E,2024-06,2024-06-23,193.6,254.5,60.9,False,False
T5B2FD74A85,2024-06,2024-06-23,1170.8,1190.1,19.3,False,False
TCF1A6CDF80,2024-06,2024-06-23,249.3,249.3,0.0,True,False
TBA965CD37E,2024-06,2024-06-24,163.7,177.9,14.2,False,False
T8917AF33E8,2024-06,2024-06-24,218.4,315.1,96.7,False,False
T4F696F6C0E,2024-06,2024-06-23,151.9,170.3,18.4,False,False
TFB9BD0FCA4,2024-06,2024-06-25,1341.4,1375.2,33.8,False,False
T6372E1147F,2024-06,2024-06-20,874.4,898.4,24.0,False,False
T8B4FC280C2,2024-06,2024-06-23,339.2,339.2,0.0,True,False
T0AF0DD2FE5,2024-06,2024-06-25,875.1,887.7,12.6,False,False
T9BABD62590,2024-06,2024-06-23,740.2,793.1,52.9,False,False
TBBD0028CDB,2024-06,2024-06-22,743.6,756.9,13.3,False,False
T30E453AB34,2024-06,2024-06-22,803.6,818.2,14.6,False,False
T7DC59256DC,2024-06,2024-06-24,299.2,337.0,37.8,False,False
TCC371206BC,2024-06,2024-06-23,350.7,360.6,9.9,False,False
TDEF092A4C5,2024-06,2024-06-20,1294.1,1302.0,7.9,False,False
TE13FCEC631,2024-06,2024-06-24,899.9,916.7,16.8,False,False
T7C3F6A8162,2024-06,2024-06-25,1187.7,1210.3,22.6,False,False
T0F4A3A74ED,2024-06,2024-06-24,579.9,602.9,23.0,False,False
T5BEF82BC17,2024-06,2024-06-25,1144.9,1162.8,17.9,False,False
T07AC5856A4,2024-06,2024-06-20,476.5,490.9,14.4,False,False
T0185184B59,2024-06,2024-06-24,1009.1,1022.3,13.2,False,False
T79F8E1FAE8,2024-06,2024-06-21,59.5,72.6,13.1,False,False
T4D40D256FE,2024-06,2024-06-20,782.0,782.0,0.0,True,False
TE74495FCDD,2024-06,2024-06-24,1382.3,1392.9,10.6,False,False
TAD9ED625D1,2024-06,2024-06-21,1221.1,1240.5,19.4,False,False
TE7328B9E12,2024-06,2024-06-23,543.0,551.0,8.0,False,False
T5FC1C50126,2024-06,2024-06-21,844.3,874.9,30.6,False,False
T203C71CAC2,2024-06,2024-06-25,1395.0,1395.0,0.0,True,False
T1D1F227112,2024-06,2024-06-23,496.7,512.0,15.3,False,False
TF62BDC6E96,2024-06,2024-06-25,1399.1,1418.9,19.8,False,False
T5D35014BC6,2024-06,2024-06-22,1505.3,1511.5,6.2,False,False
T9C80DA594D,2024-06,2024-06-23,586.2,597.9,11.7,False,False
T575100FEE6,2024-06,2024-06-23,52.0,85.2,33.2,False,False
TFF833858D4,2024-06,2024-06-20,1491.8,1504.9,13.1,False,False
T44C452513D,2024-06,2024-06-25,576.2,596.0,19.8,False,False
TC11C4F89B7,2024-06,2024-06-21,148.5,171.1,22.6,False,False
T519E11C12F,2024-06,2024-06-23,110.0,123.7,13.7,False,False
T1D1C3809AD,2024-06,2024-06-20,630.4,676.9,46.5,False,False
T2F89E8ED6F,2024-06,2024-06-25,1201.8,1223.1,21.3,False,False
TED624C9B29,2024-06,2024-06-22,1181.5,1204.7,23.2,False,False
T80599540B9,2024-06,2024-06-22,68.6,99.0,30.4,False,False
T99F86EAA03,2024-06,2024-06-24,639.5,149.24211230673333,23.9,False,False
T48E474E620,2024-06,2024-06-25,1129.6,1152.1,22.5,False,False
T62F138B69F,2024-06,2024-06-23,1161.1,1179.4,18.3,False,False
T0ABCC73F5F,2024-06,2024-06-24,1200.3,1211.6,11.3,False,False
T451A03E5F4,2024-06,2024-06-23,488.8,530.4,41.6,False,False
T28A5C3A212,2024-06,2024-06-20,789.6,802.9,13.3,False,False
T9BF23AC92B,2024-06,2024-06-23,876.2,890.7,14.5,False,False
T8D847ABAD5,2024-06,2024-06-24,782.4,790.2,7.8,False,False
T79AD100612,2024-06,2024-06-20,1000.5,1028.0,27.5,False,False
T595C48877B,2024-06,2024-06-25,890.0,918.1,28.1,False,False
T7E1F631507,2024-06,2024-06-21,41.9,54.6,12.7,False,False
T7CEE29F570,2024-06,2024-06-23,331.8,341.2,9.4,False,False
TB28F8F08F4,2024-06,2024-06-21,695.1,710.0,14.9,False,False
T741A1119FA,2024-06,2024-06-24,280.7,300.5,19.8,False,False
T26862D1A4A,2024-06,2024-06-22,1469.4,1505.5,36.1,False,False
TCB96D14BFD,2024-06,2024-06-25,550.1,565.9,15.8,False,False
TF07D19AE17,2024-06,2024-06-25,94.2,125.0,30.8,False,False
T7AE1E63696,2024-06,2024-06-20,1330.8,1344.1,13.3,False,False
TEA687BEEC8,2024-06,2024-06-24,323.3,338.3,15.0,False,False
T5C97BD73CE,2024-06,2024-06-24,1384.6,1402.3,17.7,False,False
T64DF103F27,2024-06,2024-06-24,264.7,275.9,11.2,False,False
T962D5133B5,2024-06,2024-06-20,1098.4,1120.3,21.9,False,False
TFAE2AFD636,2024-06,2024-06-22,1328.0,1336.3,8.3,False,False
T8237A9AE83,2024-06,2024-06-21,317.5,338.7,21.2,False,False
T124789ED12,2024-06,2024-06-24,793.2,801.3,8.1,False,False
T77D8F1F07B,2024-06,2024-06-21,655.3,703.7,48.4,False,False
T88E01EE6A9,2024-06,2024-06-21,494.5,522.4,27.9,False,False
TCCA2F0E6D1,2024-06,2024-06-20,373.9,389.8,15.9,False,False
TE7C4074532,2024-06,2024-06-21,174.0,206.8,32.8,False,False
TE08ACE6D71,2024-06,2024-06-21,1343.0,1362.6,19.6,False,False
TF5AB4BC37D,2024-06,2024-06-25,392.9,412.9,20.0,False,False
T31A37C291B,2024-06,2024-06-21,62.9,74.6,11.7,False,False
T85072A41C6,2024-06,2024-06-20,1218.0,1229.5,11.5,False,False
T3DB8E8C91B,2024-06,2024-06-23,924.1,936.0,11.9,False,False
T1F21C0A526,2024-06,2024-06-22,186.7,203.5,16.8,False,False
TC653350390,2024-06,2024-06-24,1328.7,1342.3,13.6,False,False
TF357DF2C85,2024-06,2024-06-21,484.7,508.2,23.5,False,False
TC2B54F643A,2024-06,2024-06-25,280.6,295.7,15.1,False,False
T62A907AFA1,2024-06,2024-06-25,552.6,565.5,12.9,False,False
T9B926E1A60,2024-06,2024-06-20,764.0,774.2,10.2,False,False
T95A557D58C,2024-06,2024-06-21,644.8,800.4,155.6,False,False
T4FD73F8DF8,2024-06,2024-06-24,164.9,176.1,11.2,False,False
TAA9E781779,2024-06,2024-06-25,1026.4,1037.8,11.4,False,False
T5AB667FA59,2024-06,2024-06-24,1028.2,1056.7,28.5,False,False
T2FB8838715,2024-06,2024-06-24,1408.5,1408.5,0.0,True,False
TDC0B728E72,2024-06,2024-06-23,659.9,719.6,59.7,False,False
T500E1E73A5,2024-06,2024-06-21,776.7,787.5,10.8,False,False
T518D652731,2024-06,2024-06-25,480.5,507.5,27.0,False,False
T5F78380FF1,2024-06,2024-06-22,793.2,805.0,11.8,False,False
T2269F4C04A,2024-06,2024-06-24,802.6,850.7,48.1,False,False
T75D0C6EEF9,2024-06,2024-06-24,930.0,1037.1,107.1,False,False
T08C84C6180,2024-06,2024-06-20,210.2,227.7,17.5,False,False
TBE3328794F,2024-06,2024-06-24,987.6,987.6,0.0,True,False
T7BF732B1D4,2024-06,2024-06-21,1050.3,1061.1,10.8,False,False
T680C591820,2024-06,2024-06-21,1087.9,1094.4,6.5,False,False
T87B30A11CA,2024-06,2024-06-22,1423.4,1438.3,14.9,False,False
T2C69DDD554,2024-06,2024-06-23,675.6,734.5,58.9,False,False
TB5DCDB3D2B,2024-06,2024-06-23,1325.2,1325.2,0.0,True,False
TF1BF705581,2024-06,2024-06-24,598.8,623.0,24.2,False,False
T7861C2062B,2024-06,2024-06-23,1535.7,1584.2,48.5,False,False
T3E7A117328,2024-06,2024-06-22,297.3,310.6,13.3,False,False
T626DE7D352,2024-06,2024-06-23,905.4,978.2,72.8,False,False
T30CED3EF6B,2024-06,2024-06-25,869.2,894.2,25.0,False,False
T6F621D315F,2024-06,2024-06-22,135.0,168.4,33.4,False,False
T5AEAFABEEB,2024-06,2024-06-23,940.9,952.6,11.7,False,False
T6E1A658692,2024-06,2024-06-23,496.9,519.6,22.7,False,False
TDFD739AFF7,2024-06,2024-06-22,1305.6,1321.0,15.4,False,False
T0E7497BE87,2024-06,2024-06-20,230.2,241.8,11.6,False,False
T63245D9338,2024-06,2024-06-24,222.1,243.9,21.8,False,False
T2FC1A9FEB9,2024-06,2024-06-22,301.7,301.7,0.0,True,False
TE5572E3B77,2024-06,2024-06-22,1449.5,1457.3,7.8,False,False
T93AE74FC8C,2024-06,2024-06-23,795.8,813.6,17.8,False,False
TCE4F3C1854,2024-06,2024-06-23,1538.1,1567.6,29.5,False,False
T623FDA0FEC,2024-06,2024-06-25,366.8,386.5,19.7,False,False
T6FCD9FC327,2024-06,2024-06-21,401.9,410.2,8.3,False,False
T26D49D2B10,2024-06,2024-06-22,831.3,860.6,29.3,False,False
T6B0F45148F,2024-06,2024-06-22,505.7,595.0,89.3,False,False
T5DA6DABC22,2024-06,2024-06-20,522.6,539.5,16.9,False,False
T4C0FAA9237,2024-06,2024-06-21,799.4,821.2,21.8,False,False
T629B85F6AE,2024-06,2024-06-22,1312.5,1329.0,16.5,False,False
TE6221DA147,2024-06,2024-06-22,749.7,762.4,12.7,False,False
T7092CB932F,2024-06,2024-06-21,1219.7,1238.3,18.6,False,False
T38F3AD60D6,2024-06,2024-06-23,290.4,314.9,24.5,False,False
T051D6304AA,2024-06,2024-06-25,984.8,994.6,9.8,False,False
T1677509027,2024-06,2024-06-25,379.3,395.4,16.1,False,False
TCE43CAAFDD,2024-06,2024-06-25,947.5,960.8,13.3,False,False
TD6051C60DD,2024-06,2024-06-24,1065.2,1107.9,42.7,False,False
TD81C7B0AC7,2024-06,2024-06-21,1412.2,1423.3,11.1,False,False
TEB9B6A4FBC,2024-06,2024-06-21,794.2,810.6,16.4,False,False
T8E67D26322,2024-06,2024-06-22,1473.1,1498.4,25.3,False,False
T0E8259349E,2024-06,2024-06-24,140.6,161.1,20.5,False,False
TEC586A8374,2024-06,2024-06-21,947.8,966.6,18.8,False,False
T1E40F3A239,2024-06,2024-06-20,984.0,998.9,14.9,False,False
T716C530DED,2024-06,2024-06-21,456.0,476.2,20.2,False,False
T7562476AEF,2024-06,2024-06-20,1425.1,1451.6,26.5,False,False
TB460453C4D,2024-06,2024-06-20,180.7,199.7,19.0,False,False
T4A69C0BA6F,2024-06,2024-06-25,386.0,408.9,22.9,False,False
TB3006B8F03,2024-06,2024-06-25,665.7,683.5,17.8,False,False
TED3E393477,2024-06,2024-06-20,1448.4,1448.4,0.0,True,False
TA014F1FF15,2024-06,2024-06-25,1029.2,1048.9,19.7,False,False
T08D24C843D,2024-06,2024-06-21,213.4,246.0,32.6,False,False
T328C38D103,2024-06,2024-06-20,1483.3,1503.6,20.3,False,False
T5D52776F44,2024-06,2024-06-25,394.8,405.3,10.5,False,False
T350C7F0CAD,2024-06,2024-06-23,454.4,469.4,15.0,False,False
TE4BF83F9A5,2024-06,2024-06-25,1231.9,1256.6,24.7,False,False
T363192FB18,2024-06,2024-06-22,906.1,926.7,20.6,False,False
TE7D390D6E1,2024-06,2024-06-25,831.0,850.0,19.0,False,False
TEAED0D702E,2024-06,2024-06-24,883.2,898.0,14.8,False,False
T76D2631BBE,2024-06,2024-06-23,1153.9,1171.8,17.9,False,False
T41D9DAD65E,2024-06,2024-06-24,561.3,574.6,13.3,False,False
T4FB688BCF2,2024-06,2024-06-21,1013.9,1033.8,19.9,False,False
T49C247A691,2024-06,2024-06-21,468.2,492.2,24.0,False,False
TAD97E4B580,2024-06,2024-06-23,61.9,83.4,21.5,False,False
TA6D3C701E5,2024-06,2024-06-22,255.5,270.2,14.7,False,False
T1629374829,2024-06,2024-06-20,494.7,531.1,36.4,False,False
TE380DFCDD5,2024-06,2024-06-24,1050.1,1065.6,15.5,False,False
TC71E645A97,2024-06,2024-06-24,747.4,747.4,0.0,True,False
T3B2D063348,2024-06,2024-06-24,329.5,337.5,8.0,False,False
T6B0703F297,2024-06,2024-06-25,946.1,958.2,12.1,False,False
T2442BBD224,2024-06,2024-06-23,645.8,645.8,0.0,True,False
T94AEE9D59A,2024-06,2024-06-24,954.7,967.1,12.4,False,False
TC36C8FB548,2024-06,2024-06-20,1347.3,1359.5,12.2,False,False
TEA6C60108F,2024-06,2024-06-25,1200.5,1250.7,50.2,False,False
T5D0DA4A5A3,2024-06,2024-06-23,875.4,888.0,12.6,False,False
TCE2F3968A5,2024-06,2024-06-22,813.5,834.8,21.3,False,False
T3290CE40ED,2024-06,2024-06-22,1322.6,1345.9,23.3,False,False
TFF800A383C,2024-06,2024-06-23,1035.7,1047.9,12.2,False,False
T43D369AD4F,2024-06,2024-06-25,674.0,686.9,12.9,False,False
T2558B25F4A,2024-06,2024-06-21,86.2,86.2,0.0,True,False
TF2D53B5266,2024-06,2024-06-23,1316.3,1336.2,19.9,False,False
T46E626FB09,2024-06,2024-06-23,108.1,129.5,21.4,False,False
T7E0A59EC74,2024-06,2024-06-24,345.5,352.2,6.7,False,False
TDB77C6E5BA,2024-06,2024-06-25,521.2,534.0,12.8,False,False
TB2420A8657,2024-06,2024-06-20,1094.8,1104.3,9.5,False,False
TB1246EBDB6,2024-06,2024-06-22,614.7,619.5,4.8,False,False
T8C8BD1D187,2024-06,2024-06-22,883.7,883.7,0.0,True,False
T9A87FD75BB,2024-06,2024-06-22,441.8,460.4,18.6,False,False
T7220DB253B,2024-06,2024-06-21,604.2,604.2,0.0,True,False
T024582A041,2024-06,2024-06-23,1252.9,1285.2,32.3,False,False
TA3D7EB0EB6,2024-06,2024-06-21,1387.1,1390.1,3.0,False,False
T980F08905D,2024-06,2024-06-22,1287.3,1299.5,12.2,False,False
T0070991C4A,2024-06,2024-06-20,332.3,344.3,12.0,False,False
TE62F9D24A2,2024-06,2024-06-22,670.9,687.6,16.7,False,False
T660F58D22C,2024-06,2024-06-25,1160.2,1181.6,21.4,False,False
TC9C59FD3C0,2024-06,2024-06-21,1315.4,1328.6,13.2,False,False
TC85BCF4679,2024-06,2024-06-21,571.5,596.6,25.1,False,False
T711A4FB3DC,2024-06,2024-06-23,1225.4,1235.7,10.3,False,False
TDA01857472,2024-06,2024-06-25,635.1,641.6,6.5,False,False
T593C7D2F36,2024-06,2024-06-25,857.6,867.5,9.9,False,False
TAD1B3ECAF6,2024-06,2024-06-25,641.6,660.1,18.5,False,False
T62DB418771,2024-07,2024-07-20,1059.6,1081.3,21.7,False,False
T516D296A99,2024-07,2024-07-23,726.0,734.6,8.6,False,False
TF6199DECCB,2024-07,2024-07-20,1064.4,1094.1,29.7,False,False
TBFDD3649BD,2024-07,2024-07-25,1301.7,210.9627120814673,11.1,False,False
T1A8F7C05C9,2024-07,2024-07-22,1227.9,1233.8,5.9,False,False
T6B4FC6C7C6,2024-07,2024-07-22,658.4,,,False,False
T6EE7490E19,2024-07,2024-07-25,1397.4,1414.8,17.4,False,False
T771EC6B537,2024-07,2024-07-25,894.7,900.1,5.4,False,False
TA87CD37475,2024-07,2024-07-25,332.2,349.7,17.5,False,False
T00048F12E2,2024-07,2024-07-24,133.8,143.1,9.3,False,False
TDE3B85E449,2024-07,2024-07-21,1006.0,1006.0,0.0,True,False
TDFD5EF1E2B,2024-07,2024-07-20,597.3,612.2,14.9,False,False
T6BE1C12D07,2024-07,2024-07-24,1471.6,1564.1,92.5,False,False
TE17C7596F7,2024-07,2024-07-25,195.2,206.4,11.2,False,False
TF0590D064A,2024-07,2024-07-20,477.3,486.7,9.4,False,False
T0201C8273D,2024-07,2024-07-24,393.8,401.3,7.5,False,False
T416D725964,2024-07,2024-07-25,1133.8,1149.3,15.5,False,False
T592985E849,2024-07,2024-07-24,263.3,285.1,21.8,False,False
T8CFD079CB6,2024-07,2024-07-25,1518.1,1530.7,12.6,False,False
TD10A6EDCA0,2024-07,2024-07-21,817.8,842.4,24.6,False,False
T0CE7987E4B,2024-07,2024-07-25,462.7,555.4,92.7,False,False
T0F12629295,2024-07,2024-07-23,382.8,382.8,0.0,True,False
T7833B36159,2024-07,2024-07-21,599.0,616.3,17.3,False,False
T997FF51E88,2024-07,2024-07-20,799.8,806.8,7.0,False,False
TB0AFAFC426,2024-07,2024-07-21,1662.9,1705.5,42.6,False,False
T4B2228F178,2024-07,2024-07-23,542.2,563.2,21.0,False,False
T5D1D63651A,2024-07,2024-07-21,314.6,334.0,19.4,False,False
T005A9CE174,2024-07,2024-07-23,1269.3,1278.0,8.7,False,False
T0E572DDC2C,2024-07,2024-07-20,1007.2,1019.3,12.1,False,False
T6B4C3EB33E,2024-07,2024-07-20,1317.0,1321.9,4.9,False,False
T98621FD0F2,2024-07,2024-07-20,1060.2,1222.3,162.1,False,False
TCED7759D69,2024-07,2024-07-24,1246.2,1262.5,16.3,False,False
T148BA00559,2024-07,2024-07-22,1128.7,1152.1,23.4,False,False
T8EF8382AF5,2024-07,2024-07-25,1498.1,1509.5,11.4,False,False
T294140BCEC,2024-07,2024-07-22,274.8,293.5,18.7,False,False
T2B4ECE5F7A,2024-07,2024-07-21,268.0,290.0,22.0,False,False
TFCDB644B38,2024-07,2024-07-25,287.5,305.2,17.7,False,False
TF46C85CB55,2024-07,2024-07-20,635.3,640.0,4.7,False,False
T635E7348B0,2024-07,2024-07-21,285.0,303.1,18.1,False,False
TD950C1321E,2024-07,2024-07-21,299.3,315.6,16.3,False,False
T79F7CA1313,2024-07,2024-07-20,237.1,243.0,5.9,False,False
T1890D0D69D,2024-07,2024-07-22,787.0,800.0,13.0,False,False
T92ED6C6BBC,2024-07,2024-07-21,442.4,442.4,0.0,True,False
T1A234D637E,2024-07,2024-07-23,1136.2,1153.8,17.6,False,False
T0FA07C2AE6,2024-07,2024-07-21,342.8,349.1,6.3,False,False
T85D9327E38,2024-07,2024-07-24,1311.6,1320.7,9.1,False,False
T9B2220E701,2024-07,2024-07-25,963.1,982.0,18.9,False,False
T75AE25B236,2024-07,2024-07-22,843.5,855.5,12.0,False,False
T85C4B9E9BD,2024-07,2024-07-21,1157.3,1164.8,7.5,False,False
TAAC46C752C,2024-07,2024-07-24,1499.0,1505.3,6.3,False,False
TB5ABA37301,2024-07,2024-07-22,837.6,853.6,16.0,False,False
TDB1931905E,2024-07,2024-07-23,956.9,968.0,11.1,False,False
T8A79BCF725,2024-07,2024-07-25,1278.2,1283.5,5.3,False,False
T1383BC162C,2024-07,2024-07-21,1524.8,1537.6,12.8,False,False
TE3F34F661C,2024-07,2024-07-23,929.0,996.2,67.2,False,False
T945DF5CC73,2024-07,2024-07-25,1042.1,1050.2,8.1,False,False
T89289351AD,2024-07,2024-07-25,1120.5,1132.2,11.7,False,False
T3C6A8E589D,2024-07,2024-07-20,192.7,217.7,25.0,False,False
T9EDB41553F,2024-07,2024-07-21,203.9,211.1,7.2,False,False
T39FECD2D40,2024-07,2024-07-25,708.9,730.1,21.2,False,False
T393F331539,2024-07,2024-07-25,365.2,377.8,12.6,False,False
T44E572D176,2024-07,2024-07-22,351.4,351.4,0.0,True,False
T6A0C9518A5,2024-07,2024-07-25,1204.4,1215.9,11.5,False,False
T6F6C091F32,2024-07,2024-07-23,1326.5,1338.6,12.1,False,False
T0A7DFC3903,2024-07,2024-07-21,1360.9,1377.9,17.0,False,False
T4CA807AAAE,2024-07,2024-07-20,276.6,315.8,39.2,False,False
T292B036CC6,2024-07,2024-07-23,847.6,864.0,16.4,False,False
TF252236170,2024-07,2024-07-24,65.2,91.7,26.5,False,False
T47A88C447A,2024-07,2024-07-24,680.3,687.1,6.8,False,False
T29274E7656,2024-07,2024-07-25,280.2,73.65833591672894,14.6,False,False
TF94B3B4CEA,2024-07,2024-07-24,532.9,545.9,13.0,False,False
TD79C86593F,2024-07,2024-07-20,941.4,964.1,22.7,False,False
T042B2178D1,2024-07,2024-07-25,121.6,138.2,16.6,False,False
TE9E2B18053,2024-07,2024-07-23,452.7,506.1,53.4,False,False
T80D9A080BE,2024-07,2024-07-23,1560.5,1695.2,134.7,False,True
T580C1D0E5A,2024-07,2024-07-25,624.0,90.85052194860889,45.3,False,False
T262047037E,2024-07,2024-07-25,505.1,516.8,11.7,False,False
T997FBB56CB,2024-07,2024-07-24,1427.2,,,True,False
T488907BADA,2024-07,2024-07-21,330.2,394.0,63.8,False,True
T959B664297,2024-07,2024-07-25,73.7,86.1,12.4,False,False
TCE4FA87780,2024-07,2024-07-22,1241.9,1251.5,9.6,False,False
T6A6F416B64,2024-07,2024-07-24,983.1,998.0,14.9,False,False
T5C22EC11B8,2024-07,2024-07-25,609.0,672.6,63.6,False,False
T132EB7CE2B,2024-07,2024-07-20,1094.0,1108.9,14.9,False,False
T011F73020E,2024-07,2024-07-20,1107.6,1124.9,17.3,False,False
T0197678D11,2024-07,2024-07-23,698.0,731.8,33.8,False,False
TBA58CFEBC6,2024-07,2024-07-20,1459.4,1476.6,17.2,False,False
T78A401EEAD,2024-07,2024-07-21,234.3,248.2,13.9,False,False
TE33F90B286,2024-07,2024-07-22,321.8,335.0,13.2,False,False
T761C9E26E6,2024-07,2024-07-25,254.1,265.0,10.9,False,False
T65187CE62C,2024-07,2024-07-22,620.5,661.8,41.3,False,False
T6DD4962896,2024-07,2024-07-21,237.9,247.6,9.7,False,False
T57E5EAB9B8,2024-07,2024-07-25,1034.1,1045.3,11.2,False,False
T0D1C506545,2024-07,2024-07-20,782.8,794.7,11.9,False,False
T16385BC409,2024-07,2024-07-23,240.4,249.1,8.7,False,False
T703E749B16,2024-07,2024-07-24,691.3,705.4,14.1,False,False
TE03815B898,2024-07,2024-07-22,1435.8,1454.1,18.3,False,False
T5EDC8CD764,2024-07,2024-07-22,1056.5,1067.5,11.0,False,False
T8A0E42EA46,2024-07,2024-07-25,1173.4,1183.9,10.5,False,False
T58E4665FE8,2024-07,2024-07-24,277.5,297.7,20.2,False,False
T45A3829C6C,2024-07,2024-07-23,211.6,227.5,15.9,False,False
T0F2B41D96D,2024-07,2024-07-25,156.5,181.7,25.2,False,False
T45E4DAC832,2024-07,2024-07-25,761.5,773.8,12.3,False,False
TB308B5DC7A,2024-07,2024-07-24,1109.3,1122.4,13.1,False,False
T5A52BDFD5B,2024-07,2024-07-21,1164.3,1170.1,5.8,False,False
T3B6195226D,2024-07,2024-07-25,466.2,484.6,18.4,False,False
TEF3ACC364D,2024-07,2024-07-24,103.4,113.4,10.0,False,False
T0E3944E1C7,2024-07,2024-07-21,1392.0,1407.9,15.9,False,False
TC5E02C2AE1,2024-07,2024-07-20,846.8,854.6,7.8,False,False
T9C181CA6B2,2024-07,2024-07-25,528.6,540.8,12.2,False,False
T46D0D9FE06,2024-07,2024-07-23,927.8,939.5,11.7,False,False
T3763EE0258,2024-07,2024-07-24,284.3,292.7,8.4,False,False
TB6793708AF,2024-07,2024-07-22,753.5,767.0,13.5,False,False
T02BF3919B7,2024-07,2024-07-25,1186.5,1196.5,10.0,False,False
T61903D0C08,2024-07,2024-07-22,390.7,402.3,11.6,False,False
T1540962193,2024-07,2024-07-22,542.0,542.0,0.0,True,False
TE8DF4BFC62,2024-07,2024-07-25,1453.3,,,False,False
T97A5E4F98E,2024-07,2024-07-25,1156.5,1172.2,15.7,False,False
TB2B631F6DE,2024-07,2024-07-25,82.4,94.9,12.5,False,False
TFD4476DD46,2024-07,2024-07-22,589.7,607.6,17.9,False,False
T63AE43B763,2024-07,2024-07-23,837.8,861.0,23.2,False,False
TF7E0F3ADFA,2024-07,2024-07-24,573.4,576.6,3.2,False,False
T9F3D4A99A8,2024-07,2024-07-22,967.9,973.2,5.3,False,False
T3AF0CA5142,2024-07,2024-07-22,933.2,986.8,53.6,False,False
T525C93E294,2024-07,2024-07-22,257.8,267.6,9.8,False,False
TA60FF3309B,2024-07,2024-07-22,1144.9,1155.0,10.1,False,False
T6230F0F81A,2024-07,2024-07-21,165.6,175.8,10.2,False,False
T486DC7662A,2024-07,2024-07-24,1458.8,1599.8,141.0,False,False
T0DD0FDF0BD,2024-07,2024-07-21,570.2,599.0,28.8,False,False
T81EEF6FCD3,2024-07,2024-07-20,791.3,791.3,0.0,True,False
T6269371CAA,2024-07,2024-07-22,1339.1,1347.9,8.8,False,False
TF7BDB30AC3,2024-07,2024-07-21,466.4,498.9,32.5,False,False
TC1EBE75CAC,2024-07,2024-07-20,915.7,938.0,22.3,False,False
T0A0805FB46,2024-07,2024-07-21,1545.9,1562.0,16.1,False,False
T7C1EBC3C4C,2024-07,2024-07-22,331.5,352.1,20.6,False,False
TFB5558315C,2024-07,2024-07-24,148.4,161.5,13.1,False,False
T4D34DCD6FE,2024-07,2024-07-23,657.7,669.5,11.8,False,False
T8F2163E1AC,2024-07,2024-07-25,1373.6,1396.3,22.7,False,False
T6D36EEA27E,2024-07,2024-07-23,163.6,178.7,15.1,False,False
TD718599337,2024-07,2024-07-23,836.7,881.5,44.8,False,False
TACFC1D584E,2024-07,2024-07-20,1059.5,1075.9,16.4,False,False
TE1CE4D9E5A,2024-07,2024-07-25,278.9,291.6,12.7,False,False
TEEB9050E6F,2024-07,2024-07-22,616.9,644.5,27.6,False,False
T266175A7E1,2024-07,2024-07-22,1374.8,1392.8,18.0,False,False
T188F8436EB,2024-07,2024-07-22,443.0,452.1,9.1,False,False
TBF5EF4019A,2024-07,2024-07-23,800.5,809.5,9.0,False,False
TF8038E3438,2024-07,2024-07-25,664.1,674.7,10.6,False,False
T14A35B501D,2024-07,2024-07-25,929.0,960.0,31.0,False,False
TACA1F6575E,2024-07,2024-07-20,44.1,53.9,9.8,False,False
T425CF74F89,2024-07,2024-07-20,962.5,964.3,1.8,False,False
T7E561E41DF,2024-07,2024-07-24,1494.2,1506.3,12.1,False,False
TAE21909B09,2024-07,2024-07-20,507.6,507.6,0.0,True,False
TA49FD77129,2024-07,2024-07-22,895.8,924.3,28.5,False,False
T83C53CBDE3,2024-07,2024-07-22,725.7,742.1,16.4,False,False
T8989E9F3E0,2024-07,2024-07-24,989.1,1010.8,21.7,False,False
T0E868A3F47,2024-07,2024-07-23,1471.8,,,False,False
TAA4A146A6F,2024-07,2024-07-20,878.2,890.3,12.1,False,False
T929701588B,2024-07,2024-07-23,571.2,578.8,7.6,False,False
TCBA87E8F93,2024-07,2024-07-20,1425.1,1440.5,15.4,False,False
T71B2CE98BC,2024-07,2024-07-23,1402.3,1424.3,22.0,False,False
T3104E606FB,2024-07,2024-07-22,1465.2,1479.1,13.9,False,False
TC9C584B8EF,2024-07,2024-07-21,483.2,514.7,31.5,False,True
T42EAACA5A6,2024-07,2024-07-20,383.7,399.6,15.9,False,False
T27CD292019,2024-07,2024-07-23,1327.0,1346.3,19.3,False,False
T2631941D4D,2024-07,2024-07-22,1460.7,1483.1,22.4,False,False
TD6D0D046B5,2024-07,2024-07-23,356.9,363.9,7.0,False,False
T930BCF26DA,2024-07,2024-07-24,1421.7,1438.9,17.2,False,False
T7A263D97A8,2024-07,2024-07-21,176.3,192.0,15.7,False,False
T84CC232045,2024-07,2024-07-21,985.5,995.2,9.7,False,False
T1F7089E5B3,2024-07,2024-07-21,1077.6,1102.1,24.5,False,False
T6DD01C39D7,2024-07,2024-07-21,993.8,1023.7,29.9,False,False
TE3814F5946,2024-07,2024-07-25,1076.3,1084.1,7.8,False,False
T260F6D657D,2024-07,2024-07-22,1531.2,1547.9,16.7,False,False
TF9F158A927,2024-07,2024-07-22,666.7,680.7,14.0,False,False
T2A78E596A5,2024-07,2024-07-20,452.9,475.1,22.2,False,False
T48829C6681,2024-07,2024-07-25,623.3,639.8,16.5,False,False
T5446AB5D4F,2024-07,2024-07-24,1347.3,1347.3,0.0,True,False
T6FEE2A0A85,2024-07,2024-07-24,289.8,298.7,8.9,False,False
T37BA3005AD,2024-07,2024-07-22,1039.4,1054.0,14.6,False,False
T599538981A,2024-07,2024-07-20,935.4,987.3,51.9,False,False
TC1FE3D7E79,2024-07,2024-07-23,1039.1,1054.9,15.8,False,False
TAB633F4546,2024-07,2024-07-21,211.9,230.0,18.1,False,False
TEF123948C4,2024-07,2024-07-25,598.9,607.9,9.0,False,False
T50EA3E30B0,2024-07,2024-07-22,972.7,984.5,11.8,False,False
T10E8B50E63,2024-07,2024-07-24,1131.6,1160.9,29.3,False,False
T75445AB825,2024-07,2024-07-23,1108.5,1119.4,10.9,False,False
T9AEC04CEE6,2024-07,2024-07-21,194.3,204.0,9.7,False,False
TE59C7E0558,2024-07,2024-07-21,380.4,390.4,10.0,False,False
T017F5CC857,2024-07,2024-07-24,1278.1,1305.4,27.3,False,False
T5740214D00,2024-07,2024-07-22,430.7,435.8,5.1,False,False
TA54FDBC969,2024-07,2024-07-24,584.7,621.7,37.0,False,False
T79348D1D8C,2024-07,2024-07-21,296.7,337.4,40.7,False,False
T0C38B9638D,2024-07,2024-07-23,796.7,819.9,23.2,False,False
TF8CD7DEDDA,2024-07,2024-07-22,662.7,101.69283136479723,17.0,False,False
TD4AA44C620,2024-07,2024-07-23,636.1,650.4,14.3,False,False
TBA22021045,2024-07,2024-07-23,360.2,408.7,48.5,False,False
TAE4991C39A,2024-07,2024-07-20,1421.4,1437.0,15.6,False,False
T926427EC22,2024-07,2024-07-20,604.4,616.7,12.3,False,False
T03F3726F54,2024-07,2024-07-20,940.9,940.9,0.0,True,False
T9C5C1B51E6,2024-07,2024-07-24,186.2,205.7,19.5,False,False
TAB67F85714,2024-07,2024-07-20,1516.6,1531.3,14.7,False,False
T021E4A2B45,2024-07,2024-07-23,516.3,528.6,12.3,False,False
T9C284C6EDE,2024-07,2024-07-24,1426.4,1444.0,17.6,False,False
TE5AE06739E,2024-07,2024-07-20,157.2,171.2,14.0,False,False
T01F422D988,2024-07,2024-07-23,1516.7,1525.3,8.6,False,False
T812E69DF24,2024-07,2024-07-24,574.7,627.5,52.8,False,False
T1753290875,2024-07,2024-07-24,1367.2,1382.5,15.3,False,False
T6453265506,2024-07,2024-07-25,1385.6,1506.3,120.7,False,False
T3DCE54CBCD,2024-07,2024-07-25,211.2,219.2,8.0,False,False
T25A59C1230,2024-07,2024-07-23,112.0,137.4,25.4,False,False
T7149DBE7E7,2024-07,2024-07-24,801.0,832.9,31.9,False,False
T17B01CE93D,2024-07,2024-07-21,1319.9,1319.9,0.0,True,False
T2A7B7C0706,2024-07,2024-07-21,1262.5,1279.4,16.9,False,False
TA2A12750E0,2024-07,2024-07-25,426.0,438.5,12.5,False,False
TCDF5CCF9D1,2024-07,2024-07-21,1523.1,1537.0,13.9,False,False
T136877D852,2024-07,2024-07-21,948.1,965.2,17.1,False,False
TD93E7F3525,2024-07,2024-07-25,1180.3,1187.5,7.2,False,False
T9E698DAD97,2024-07,2024-07-21,249.7,267.4,17.7,False,False
TA7CD008CD2,2024-07,2024-07-25,1215.0,1242.2,27.2,False,False
TB5E2F0D295,2024-07,2024-07-21,830.3,842.9,12.6,False,False
T886651EB56,2024-07,2024-07-24,1502.1,1522.2,20.1,False,False
T726E26C014,2024-07,2024-07-24,457.4,463.8,6.4,False,False
T47801013F9,2024-07,2024-07-22,143.5,160.7,17.2,False,False
T7B44E5C01C,2024-07,2024-07-25,1088.6,1093.8,5.2,False,False
T06E1B5C91E,2024-07,2024-07-24,585.4,595.1,9.7,False,False
TBD7AFAA9AB,2024-07,2024-07-22,1113.7,1113.7,0.0,True,False
T3A8AE15DE9,2024-07,2024-07-24,977.3,986.7,9.4,False,False
T90FCBE8560,2024-07,2024-07-22,1222.0,1233.4,11.4,False,False
T6B76BCDCC8,2024-07,2024-07-24,1340.1,1379.5,39.4,False,False
T6B61D786E8,2024-07,2024-07-25,991.3,1002.6,11.3,False,False
TD8B8E83F9D,2024-07,2024-07-23,1256.0,1269.3,13.3,False,False
T353F39960E,2024-07,2024-07-22,395.7,402.1,6.4,False,False
TC44518846F,2024-07,2024-07-25,266.4,285.1,18.7,False,False
T3DBD424B8F,2024-07,2024-07-22,528.9,543.8,14.9,False,False
TB8E4E6CA4C,2024-07,2024-07-20,531.0,568.9,37.9,False,False
T54630B6404,2024-07,2024-07-22,205.0,221.2,16.2,False,False
T71623730B1,2024-07,2024-07-20,1004.1,1018.8,14.7,False,False
T7436A106AE,2024-07,2024-07-21,381.9,390.7,8.8,False,False
T6191B8FD69,2024-07,2024-07-22,1071.6,1080.7,9.1,False,False
TBA7727A83B,2024-07,2024-07-24,408.0,420.1,12.1,False,False
T66B24DDB8C,2024-07,2024-07-21,1530.1,1544.1,14.0,False,False
T0EAA0EDBAF,2024-07,2024-07-23,609.6,609.6,0.0,True,False
TDCBC842E3A,2024-07,2024-07-23,331.2,357.3,26.1,False,False
T305BACE840,2024-07,2024-07-25,672.3,672.3,0.0,True,False
TAD0E244201,2024-07,2024-07-22,973.4,990.7,17.3,False,False
T824A68B378,2024-07,2024-07-21,1226.7,1232.0,5.3,False,False
T9F72B39B89,2024-07,2024-07-21,600.0,611.5,11.5,False,False
T0380D1AD85,2024-07,2024-07-20,913.7,933.6,19.9,False,False
TD58AFBB420,2024-07,2024-07-21,1524.1,1560.2,36.1,False,False
TB1A6FA6009,2024-07,2024-07-25,297.0,307.8,10.8,False,False
TB95EB354D9,2024-07,2024-07-20,850.1,871.8,21.7,False,False
T6EBEC2B9E3,2024-07,2024-07-20,427.1,449.9,22.8,False,True
TCBAFB86C54,2024-07,2024-07-21,1478.1,1490.4,12.3,False,False
T2D884BEE59,2024-07,2024-07-21,1055.4,1074.2,18.8,False,False
T81E3CAC404,2024-07,2024-07-20,1201.2,1210.5,9.3,False,False
TB13246DF04,2024-07,2024-07-20,1491.9,1546.2,54.3,False,False
T38FC29870C,2024-07,2024-07-25,857.5,864.3,6.8,False,False
T0B952300A6,2024-07,2024-07-22,1003.0,1016.5,13.5,False,False
T592EE5AE5A,2024-07,2024-07-20,407.7,419.9,12.2,False,False
T8AB7B992DC,2024-07,2024-07-23,1447.0,1456.6,9.6,False,False
TE13531501B,2024-07,2024-07-23,169.9,181.0,11.1,False,False
T603C6A7DDF,2024-07,2024-07-20,1356.7,1401.2,44.5,False,False
T9B1CF87E17,2024-07,2024-07-25,478.2,492.7,14.5,False,False
T7E47E27FFB,2024-07,2024-07-25,983.7,995.5,11.8,False,False
T2FE3E18EED,2024-07,2024-07-20,922.8,931.7,8.9,False,False
T518FD2CD05,2024-07,2024-07-24,620.4,635.1,14.7,False,False
TCA03B52F53,2024-07,2024-07-21,237.2,247.9,10.7,False,False
TC97F0C81C8,2024-07,2024-07-22,816.0,919.0,103.0,False,False
T5825BB17FC,2024-07,2024-07-20,250.0,285.3,35.3,False,False
TC5E185C6E8,2024-07,2024-07-20,99.5,110.3,10.8,False,False
TEAD9E81003,2024-07,2024-07-21,739.3,752.1,12.8,False,False
TE23D5A574A,2024-07,2024-07-22,790.3,41.58239422692534,9.0,False,False
T04048D53A3,2024-07,2024-07-21,628.2,628.2,0.0,True,False
TE1AA9E77A7,2024-07,2024-07-25,904.7,909.9,5.2,False,False
TC54C99BA73,2024-07,2024-07-20,468.9,503.8,34.9,False,False
T013C0F8B57,2024-07,2024-07-23,1244.0,1258.4,14.4,False,False
T3C23C0A42C,2024-07,2024-07-20,821.7,821.7,0.0,True,False
TEDB2598366,2024-07,2024-07-21,1074.9,1087.7,12.8,False,False
T03D524AC98,2024-07,2024-07-25,1324.9,,,False,False
T9B658694D7,2024-07,2024-07-22,429.5,494.8,65.3,False,True
T827DB403EF,2024-07,2024-07-23,989.5,992.2,2.7,False,False
TD5960FA89C,2024-07,2024-07-25,937.4,956.0,18.6,False,False
TEB9CD6778B,2024-07,2024-07-25,1321.8,1336.5,14.7,False,False
TCFB896C903,2024-07,2024-07-25,565.0,575.9,10.9,False,False
T4EBE5132B6,2024-07,2024-07-25,667.4,681.8,14.4,False,False
TD6D7800440,2024-07,2024-07-23,1296.4,1311.0,14.6,False,False
TB1AE49FA20,2024-07,2024-07-23,447.7,458.0,10.3,False,False
TF4940B0970,2024-07,2024-07-24,1007.3,1016.3,9.0,False,False
T6492EC951E,2024-07,2024-07-25,254.5,296.0,41.5,False,False
T5B2FD74A85,2024-07,2024-07-24,1190.1,1208.4,18.3,False,False
TCF1A6CDF80,2024-07,2024-07-24,249.3,268.1,18.8,False,False
TBA965CD37E,2024-07,2024-07-25,177.9,188.8,10.9,False,False
T8917AF33E8,2024-07,2024-07-24,315.1,379.4,64.3,False,False
T4F696F6C0E,2024-07,2024-07-21,170.3,190.8,20.5,False,False
TFB9BD0FCA4,2024-07,2024-07-25,1375.2,1407.0,31.8,False,False
T6372E1147F,2024-07,2024-07-25,898.4,909.9,11.5,False,False
T8B4FC280C2,2024-07,2024-07-25,339.2,353.9,14.7,False,False
T0AF0DD2FE5,2024-07,2024-07-22,887.7,887.7,0.0,True,False
T9BABD62590,2024-07,2024-07-22,793.1,834.4,41.3,False,False
TBBD0028CDB,2024-07,2024-07-22,756.9,,,False,False
T30E453AB34,2024-07,2024-07-23,818.2,828.8,10.6,False,False
T7DC59256DC,2024-07,2024-07-20,337.0,367.5,30.5,False,False
TCC371206BC,2024-07,2024-07-22,360.6,360.6,0.0,True,False
TDEF092A4C5,2024-07,2024-07-20,1302.0,1311.5,9.5,False,False
TE13FCEC631,2024-07,2024-07-23,916.7,928.4,11.7,False,False
T7C3F6A8162,2024-07,2024-07-21,1210.3,1226.6,16.3,False,False
T0F4A3A74ED,2024-07,2024-07-21,602.9,627.7,24.8,False,False
T5BEF82BC17,2024-07,2024-07-20,1162.8,1175.6,12.8,False,False
T07AC5856A4,2024-07,2024-07-23,490.9,503.8,12.9,False,False
T0185184B59,2024-07,2024-07-24,1022.3,1035.2,12.9,False,False
T79F8E1FAE8,2024-07,2024-07-23,72.6,88.3,15.7,False,False
T4D40D256FE,2024-07,2024-07-24,782.0,810.6,28.6,False,False
TE74495FCDD,2024-07,2024-07-20,1392.9,1403.0,10.1,False,False
TAD9ED625D1,2024-07,2024-07-21,1240.5,1240.5,0.0,True,False
TE7328B9E12,2024-07,2024-07-23,551.0,555.7,4.7,False,False
T5FC1C50126,2024-07,2024-07-22,874.9,895.4,20.5,False,False
T203C71CAC2,2024-07,2024-07-22,1395.0,1412.6,17.6,False,False
T1D1F227112,2024-07,2024-07-24,512.0,527.0,15.0,False,False
TF62BDC6E96,2024-07,2024-07-25,1418.9,1433.7,14.8,False,False
T5D35014BC6,2024-07,2024-07-25,1511.5,1517.4,5.9,False,False
T9C80DA594D,2024-07,2024-07-23,597.9,604.7,6.8,False,False
T575100FEE6,2024-07,2024-07-23,85.2,118.8,33.6,False,False
TFF833858D4,2024-07,2024-07-20,1504.9,1504.9,0.0,True,False
T44C452513D,2024-07,2024-07-23,596.0,611.9,15.9,False,False
TC11C4F89B7,2024-07,2024-07-23,171.1,196.5,25.4,False,False
T519E11C12F,2024-07,2024-07-25,123.7,138.4,14.7,False,False
T1D1C3809AD,2024-07,2024-07-22,676.9,712.9,36.0,False,False
T2F89E8ED6F,2024-07,2024-07-25,1223.1,1237.1,14.0,False,False
TED624C9B29,2024-07,2024-07-25,1204.7,1224.2,19.5,False,False
T80599540B9,2024-07,2024-07-20,99.0,127.7,28.7,False,False
T99F86EAA03,2024-07,2024-07-20,663.4,686.6,23.2,False,False
T48E474E620,2024-07,2024-07-25,1152.1,1166.5,14.4,False,False
T62F138B69F,2024-07,2024-07-24,1179.4,1193.6,14.2,False,False
T0ABCC73F5F,2024-07,2024-07-25,1211.6,1220.6,9.0,False,False
T451A03E5F4,2024-07,2024-07-24,530.4,556.5,26.1,False,False
T28A5C3A212,2024-07,2024-07-21,802.9,810.7,7.8,False,False
T9BF23AC92B,2024-07,2024-07-22,890.7,905.5,14.8,False,False
T8D847ABAD5,2024-07,2024-07-23,790.2,797.0,6.8,False,False
T79AD100612,2024-07,2024-07-24,1028.0,1045.3,17.3,False,False
T595C48877B,2024-07,2024-07-20,918.1,931.8,13.7,False,False
T7E1F631507,2024-07,2024-07-25,54.6,72.0,17.4,False,False
T7CEE29F570,2024-07,2024-07-22,341.2,351.7,10.5,False,False
TB28F8F08F4,2024-07,2024-07-25,710.0,722.3,12.3,False,False
T741A1119FA,2024-07,2024-07-23,300.5,320.2,19.7,False,False
T26862D1A4A,2024-07,2024-07-22,1505.5,1542.8,37.3,False,False
TCB96D14BFD,2024-07,2024-07-24,565.9,577.2,11.3,False,False
TF07D19AE17,2024-07,2024-07-24,125.0,158.2,33.2,False,False
T7AE1E63696,2024-07,2024-07-21,1344.1,1356.1,12.0,False,False
TEA687BEEC8,2024-07,2024-07-22,338.3,347.9,9.6,False,False
T5C97BD73CE,2024-07,2024-07-24,1402.3,1418.6,16.3,False,False
T64DF103F27,2024-07,2024-07-23,275.9,286.1,10.2,False,False
T962D5133B5,2024-07,2024-07-20,1120.3,1120.3,0.0,True,False
TFAE2AFD636,2024-07,2024-07-23,1336.3,1343.6,7.3,False,False
T8237A9AE83,2024-07,2024-07-23,338.7,352.1,13.4,False,False
T124789ED12,2024-07,2024-07-24,801.3,810.2,8.9,False,False
T77D8F1F07B,2024-07,2024-07-24,703.7,753.8,50.1,False,False
T88E01EE6A9,2024-07,2024-07-22,522.4,543.4,21.0,False,False
TCCA2F0E6D1,2024-07,2024-07-25,389.8,403.6,13.8,False,False
TE7C4074532,2024-07,2024-07-25,206.8,236.6,29.8,False,False
TE08ACE6D71,2024-07,2024-07-24,1362.6,1379.7,17.1,False,False
TF5AB4BC37D,2024-07,2024-07-21,412.9,426.1,13.2,False,False
T31A37C291B,2024-07,2024-07-22,74.6,87.3,12.7,False,False
T85072A41C6,2024-07,2024-07-23,1229.5,1239.0,9.5,False,False
T3DB8E8C91B,2024-07,2024-07-25,936.0,948.8,12.8,False,False
T1F21C0A526,2024-07,2024-07-22,203.5,225.7,22.2,False,False
TC653350390,2024-07,2024-07-21,1342.3,1352.0,9.7,False,False
TF357DF2C85,2024-07,2024-07-21,508.2,527.8,19.6,False,False
TC2B54F643A,2024-07,2024-07-25,295.7,307.5,11.8,False,False
T62A907AFA1,2024-07,2024-07-23,565.5,577.6,12.1,False,False
T9B926E1A60,2024-07,2024-07-24,774.2,781.4,7.2,False,False
T95A557D58C,2024-07,2024-07-23,800.4,934.6,134.2,False,False
T4FD73F8DF8,2024-07,2024-07-21,176.1,184.1,8.0,False,False
TAA9E781779,2024-07,2024-07-20,1037.8,1046.5,8.7,False,False
T5AB667FA59,2024-07,2024-07-24,1056.7,1077.4,20.7,False,False
T2FB8838715,2024-07,2024-07-23,1408.5,1426.6,18.1,False,False
TDC0B728E72,2024-07,2024-07-21,719.6,777.1,57.5,False,False
T500E1E73A5,2024-07,2024-07-25,787.5,799.9,12.4,False,False
T518D652731,2024-07,2024-07-23,507.5,525.7,18.2,False,False
T5F78380FF1,2024-07,2024-07-25,805.0,815.3,10.3,False,False
T2269F4C04A,2024-07,2024-07-23,850.7,896.4,45.7,False,False
T75D0C6EEF9,2024-07,2024-07-22,1037.1,1150.3,113.2,False,False
T08C84C6180,2024-07,2024-07-23,227.7,248.0,20.3,False,False
TBE3328794F,2024-07,2024-07-25,987.6,996.5,8.9,False,False
T7BF732B1D4,2024-07,2024-07-24,1061.1,1075.7,14.6,False,False
T680C591820,2024-07,2024-07-21,1094.4,1098.6,4.2,False,False
T87B30A11CA,2024-07,2024-07-21,1438.3,1450.1,11.8,False,False
T2C69DDD554,2024-07,2024-07-24,734.5,781.4,46.9,False,False
TB5DCDB3D2B,2024-07,2024-07-23,1325.2,1331.4,6.2,False,False
TF1BF705581,2024-07,2024-07-25,623.0,645.7,22.7,False,False
T7861C2062B,2024-07,2024-07-23,1584.2,1612.7,28.5,False,False
T3E7A117328,2024-07,2024-07-25,310.6,325.3,14.7,False,False
T626DE7D352,2024-07,2024-07-21,978.2,1031.5,53.3,False,False
T30CED3EF6B,2024-07,2024-07-24,894.2,894.2,0.0,True,False
T6F621D315F,2024-07,2024-07-21,168.4,193.8,25.4,False,False
T5AEAFABEEB,2024-07,2024-07-21,952.6,964.0,11.4,False,False
T6E1A658692,2024-07,2024-07-25,519.6,535.5,15.9,False,False
TDFD739AFF7,2024-07,2024-07-25,1321.0,1336.7,15.7,False,False
T0E7497BE87,2024-07,2024-07-24,241.8,251.4,9.6,False,False
T63245D9338,2024-07,2024-07-21,243.9,262.6,18.7,False,False
T2FC1A9FEB9,2024-07,2024-07-25,301.7,314.0,12.3,False,False
TE5572E3B77,2024-07,2024-07-20,1457.3,1466.8,9.5,False,False
T93AE74FC8C,2024-07,2024-07-20,813.6,832.7,19.1,False,False
TCE4F3C1854,2024-07,2024-07-23,1567.6,1604.9,37.3,False,False
T623FDA0FEC,2024-07,2024-07-24,386.5,430.9,44.4,False,True
T6FCD9FC327,2024-07,2024-07-25,410.2,410.2,0.0,True,False
T26D49D2B10,2024-07,2024-07-21,860.6,885.7,25.1,False,False
T6B0F45148F,2024-07,2024-07-21,595.0,668.7,73.7,False,False
T5DA6DABC22,2024-07,2024-07-23,539.5,553.0,13.5,False,False
T4C0FAA9237,2024-07,2024-07-24,821.2,839.2,18.0,False,False
T629B85F6AE,2024-07,2024-07-23,1329.0,1346.2,17.2,False,False
TE6221DA147,2024-07,2024-07-20,762.4,772.2,9.8,False,False
T7092CB932F,2024-07,2024-07-25,1238.3,1253.8,15.5,False,False
T38F3AD60D6,2024-07,2024-07-21,314.9,332.5,17.6,False,False
T051D6304AA,2024-07,2024-07-20,994.6,1004.7,10.1,False,False
T1677509027,2024-07,2024-07-20,395.4,407.5,12.1,False,False
TCE43CAAFDD,2024-07,2024-07-21,960.8,971.6,10.8,False,False
TD6051C60DD,2024-07,2024-07-25,1107.9,1146.4,38.5,False,False
TD81C7B0AC7,2024-07,2024-07-21,1423.3,1437.4,14.1,False,False
TEB9B6A4FBC,2024-07,2024-07-24,810.6,819.9,9.3,False,False
T8E67D26322,2024-07,2024-07-22,1498.4,1517.4,19.0,False,False
T0E8259349E,2024-07,2024-07-25,161.1,180.4,19.3,False,False
TEC586A8374,2024-07,2024-07-23,966.6,217.31566648732579,0.0,True,False
T1E40F3A239,2024-07,2024-07-23,998.9,1008.7,9.8,False,False
T716C530DED,2024-07,2024-07-23,476.2,491.4,15.2,False,False
T7562476AEF,2024-07,2024-07-22,1451.6,1475.6,24.0,False,False
TB460453C4D,2024-07,2024-07-23,199.7,211.9,12.2,False,False
T4A69C0BA6F,2024-07,2024-07-22,408.9,429.1,20.2,False,False
TB3006B8F03,2024-07,2024-07-22,683.5,698.1,14.6,False,False
TED3E393477,2024-07,2024-07-23,1448.4,1468.2,19.8,False,False
TA014F1FF15,2024-07,2024-07-20,1048.9,1064.6,15.7,False,False
T08D24C843D,2024-07,2024-07-23,246.0,246.0,0.0,True,False
T328C38D103,2024-07,2024-07-22,1503.6,1530.3,26.7,False,False
T5D52776F44,2024-07,2024-07-24,405.3,414.1,8.8,False,False
T350C7F0CAD,2024-07,2024-07-24,469.4,481.3,11.9,False,False
TE4BF83F9A5,2024-07,2024-07-23,1256.6,1285.0,28.4,False,False
T363192FB18,2024-07,2024-07-23,926.7,948.3,21.6,False,False
TE7D390D6E1,2024-07,2024-07-23,850.0,876.7,26.7,False,False
TEAED0D702E,2024-07,2024-07-25,898.0,913.3,15.3,False,False
T76D2631BBE,2024-07,2024-07-23,1171.8,1184.3,12.5,False,False
T41D9DAD65E,2024-07,2024-07-23,574.6,585.0,10.4,False,False
T4FB688BCF2,2024-07,2024-07-21,1033.8,1060.6,26.8,False,False
T49C247A691,2024-07,2024-07-22,492.2,508.2,16.0,False,False
TAD97E4B580,2024-07,2024-07-20,83.4,102.0,18.6,False,False
TA6D3C701E5,2024-07,2024-07-24,270.2,284.1,13.9,False,False
T1629374829,2024-07,2024-07-25,531.1,578.5,47.4,False,False
TE380DFCDD5,2024-07,2024-07-20,1065.6,1083.4,17.8,False,False
TC71E645A97,2024-07,2024-07-24,747.4,764.3,16.9,False,False
T3B2D063348,2024-07,2024-07-22,337.5,348.7,11.2,False,False
T6B0703F297,2024-07,2024-07-24,958.2,970.4,12.2,False,False
T2442BBD224,2024-07,2024-07-25,645.8,661.9,16.1,False,False
T94AEE9D59A,2024-07,2024-07-20,967.1,975.7,8.6,False,False
TC36C8FB548,2024-07,2024-07-21,1359.5,1359.5,0.0,True,False
TEA6C60108F,2024-07,2024-07-25,1250.7,1291.2,40.5,False,False
T5D0DA4A5A3,2024-07,2024-07-21,888.0,888.0,0.0,True,False
TCE2F3968A5,2024-07,2024-07-22,834.8,850.9,16.1,False,False
T3290CE40ED,2024-07,2024-07-22,1345.9,1368.2,22.3,False,False
TFF800A383C,2024-07,2024-07-24,1047.9,1064.3,16.4,False,False
T43D369AD4F,2024-07,2024-07-21,686.9,703.8,16.9,False,False
T2558B25F4A,2024-07,2024-07-21,86.2,96.5,10.3,False,False
TF2D53B5266,2024-07,2024-07-20,1336.2,1357.1,20.9,False,False
T46E626FB09,2024-07,2024-07-21,129.5,152.2,22.7,False,False
T7E0A59EC74,2024-07,2024-07-20,352.2,357.7,5.5,False,False
TDB77C6E5BA,2024-07,2024-07-21,534.0,534.0,0.0,True,False
TB2420A8657,2024-07,2024-07-23,1104.3,1104.3,0.0,True,False
TB1246EBDB6,2024-07,2024-07-23,619.5,625.0,5.5,False,False
T8C8BD1D187,2024-07,2024-07-25,883.7,957.1,73.4,False,True
T9A87FD75BB,2024-07,2024-07-24,460.4,471.4,11.0,False,False
T7220DB253B,2024-07,2024-07-23,604.2,620.0,15.8,False,False
T024582A041,2024-07,2024-07-23,1285.2,1311.1,25.9,False,False
TA3D7EB0EB6,2024-07,2024-07-20,1390.1,1392.3,2.2,False,False
T980F08905D,2024-07,2024-07-20,1299.5,1307.7,8.2,False,False
T0070991C4A,2024-07,2024-07-22,344.3,354.7,10.4,False,False
TE62F9D24A2,2024-07,2024-07-24,687.6,706.3,18.7,False,False
T660F58D22C,2024-07,2024-07-23,1181.6,1197.6,16.0,False,False
TC9C59FD3C0,2024-07,2024-07-22,1328.6,1340.4,11.8,False,False
TC85BCF4679,2024-07,2024-07-24,596.6,612.8,16.2,False,False
T711A4FB3DC,2024-07,2024-07-20,1235.7,1244.8,9.1,False,False
TDA01857472,2024-07,2024-07-23,641.6,645.7,4.1,False,False
T593C7D2F36,2024-07,2024-07-25,867.5,879.8,12.3,False,False
TAD1B3ECAF6,2024-07,2024-07-25,660.1,685.0,24.9,False,False
T62DB418771,2024-08,2024-08-23,1081.3,1102.9,21.6,False,False
T516D296A99,2024-08,2024-08-25,734.6,743.3,8.7,False,False
TF6199DECCB,2024-08,2024-08-24,1094.1,1123.4,29.3,False,False
TBFDD3649BD,2024-08,2024-08-22,1312.8,1326.3,13.5,False,False
T1A8F7C05C9,2024-08,2024-08-25,1233.8,1244.6,10.8,False,False
T6B4FC6C7C6,2024-08,2024-08-23,677.8,694.3,16.5,False,False
T6EE7490E19,2024-08,2024-08-21,1414.8,1426.2,11.4,False,False
T771EC6B537,2024-08,2024-08-24,900.1,904.9,4.8,False,False
TA87CD37475,2024-08,2024-08-25,349.7,371.1,21.4,False,False
T00048F12E2,2024-08,2024-08-23,143.1,151.7,8.6,False,False
TDE3B85E449,2024-08,2024-08-22,1006.0,1023.3,17.3,False,False
TDFD5EF1E2B,2024-08,2024-08-22,612.2,627.9,15.7,False,False
T6BE1C12D07,2024-08,2024-08-24,1564.1,1681.3,117.2,False,False
TE17C7596F7,2024-08,2024-08-25,206.4,220.0,13.6,False,False
TF0590D064A,2024-08,2024-08-21,486.7,496.3,9.6,False,False
T0201C8273D,2024-08,2024-08-25,401.3,408.5,7.2,False,False
T416D725964,2024-08,2024-08-23,1149.3,1162.4,13.1,False,False
T592985E849,2024-08,2024-08-23,285.1,309.8,24.7,False,False
T8CFD079CB6,2024-08,2024-08-20,1530.7,1547.9,17.2,False,False
TD10A6EDCA0,2024-08,2024-08-23,842.4,860.4,18.0,False,False
T0CE7987E4B,2024-08,2024-08-21,555.4,618.2,62.8,False,False
T0F12629295,2024-08,2024-08-23,382.8,386.5,3.7,False,False
T7833B36159,2024-08,2024-08-25,616.3,634.3,18.0,False,False
T997FF51E88,2024-08,2024-08-22,806.8,814.5,7.7,False,False
TB0AFAFC426,2024-08,2024-08-22,1705.5,1750.7,45.2,False,False
T4B2228F178,2024-08,2024-08-22,563.2,575.9,12.7,False,False
T5D1D63651A,2024-08,2024-08-21,334.0,347.7,13.7,False,False
T005A9CE174,2024-08,2024-08-25,1278.0,1290.3,12.3,False,False
T0E572DDC2C,2024-08,2024-08-22,1019.3,1026.1,6.8,False,False
T6B4C3EB33E,2024-08,2024-08-20,1321.9,1326.9,5.0,False,False
T98621FD0F2,2024-08,2024-08-25,1222.3,1222.3,0.0,True,False
TCED7759D69,2024-08,2024-08-21,1262.5,1262.5,0.0,True,False
T148BA00559,2024-08,2024-08-24,1152.1,1174.2,22.1,False,False
T8EF8382AF5,2024-08,2024-08-20,1509.5,1509.5,0.0,True,False
T294140BCEC,2024-08,2024-08-24,293.5,6.032648274153573,21.0,False,False
T2B4ECE5F7A,2024-08,2024-08-25,290.0,305.9,15.9,False,False
TFCDB644B38,2024-08,2024-08-24,305.2,322.1,16.9,False,False
TF46C85CB55,2024-08,2024-08-24,640.0,646.2,6.2,False,False
T635E7348B0,2024-08,2024-08-25,303.1,329.2,26.1,False,False
TD950C1321E,2024-08,2024-08-21,315.6,334.1,18.5,False,False
T79F7CA1313,2024-08,2024-08-24,243.0,248.3,5.3,False,False
T1890D0D69D,2024-08,2024-08-24,800.0,810.2,10.2,False,False
T92ED6C6BBC,2024-08,2024-08-20,442.4,447.5,5.1,False,False
T1A234D637E,2024-08,2024-08-20,1153.8,1166.6,12.8,False,False
T0FA07C2AE6,2024-08,2024-08-25,349.1,357.1,8.0,False,False
T85D9327E38,2024-08,2024-08-20,1320.7,1332.8,12.1,False,False
T9B2220E701,2024-08,2024-08-23,982.0,1006.5,24.5,False,False
T75AE25B236,2024-08,2024-08-24,855.5,866.5,11.0,False,False
T85C4B9E9BD,2024-08,2024-08-22,1164.8,1170.5,5.7,False,False
TAAC46C752C,2024-08,2024-08-22,1505.3,1511.0,5.7,False,False
TB5ABA37301,2024-08,2024-08-23,853.6,868.8,15.2,False,False
TDB1931905E,2024-08,2024-08-25,968.0,978.6,10.6,False,False
T8A79BCF725,2024-08,2024-08-25,1283.5,1287.9,4.4,False,False
T1383BC162C,2024-08,2024-08-21,1537.6,1552.0,14.4,False,False
TE3F34F661C,2024-08,2024-08-22,996.2,1063.7,67.5,False,False
T945DF5CC73,2024-08,2024-08-22,1050.2,1057.5,7.3,False,False
T89289351AD,2024-08,2024-08-23,1132.2,1147.5,15.3,False,False
T3C6A8E589D,2024-08,2024-08-24,217.7,244.8,27.1,False,False
T9EDB41553F,2024-08,2024-08-22,211.1,217.0,5.9,False,False
T39FECD2D40,2024-08,2024-08-20,730.1,744.0,13.9,False,False
T393F331539,2024-08,2024-08-24,377.8,386.6,8.8,False,False
T44E572D176,2024-08,2024-08-21,351.4,372.5,21.1,False,False
T6A0C9518A5,2024-08,2024-08-23,1215.9,1227.6,11.7,False,False
T6F6C091F32,2024-08,2024-08-24,1338.6,1354.9,16.3,False,False
T0A7DFC3903,2024-08,2024-08-20,1377.9,1398.1,20.2,False,False
T4CA807AAAE,2024-08,2024-08-23,315.8,345.6,29.8,False,False
T292B036CC6,2024-08,2024-08-25,864.0,878.7,14.7,False,False
TF252236170,2024-08,2024-08-22,91.7,108.3,16.6,False,False
T47A88C447A,2024-08,2024-08-21,687.1,687.1,0.0,True,False
T29274E7656,2024-08,2024-08-20,294.8,310.3,15.5,False,False
TF94B3B4CEA,2024-08,2024-08-23,545.9,558.2,12.3,False,False
TD79C86593F,2024-08,2024-08-25,964.1,987.0,22.9,False,False
T042B2178D1,2024-08,2024-08-20,138.2,157.4,19.2,False,False
TE9E2B18053,2024-08,2024-08-23,506.1,569.0,62.9,False,False
T80D9A080BE,2024-08,2024-08-24,1695.2,1740.1,44.9,False,False
T580C1D0E5A,2024-08,2024-08-20,669.3,714.3,45.0,False,False
T262047037E,2024-08,2024-08-25,516.8,530.7,13.9,False,False
T997FBB56CB,2024-08,2024-08-23,1427.2,1440.9,13.7,False,False
T488907BADA,2024-08,2024-08-21,394.0,417.4,23.4,False,False
T959B664297,2024-08,2024-08-23,86.1,95.2,9.1,False,False
TCE4FA87780,2024-08,2024-08-20,1251.5,1263.8,12.3,False,False
T6A6F416B64,2024-08,2024-08-20,998.0,1011.6,13.6,False,False
T5C22EC11B8,2024-08,2024-08-25,672.6,724.1,51.5,False,False
T132EB7CE2B,2024-08,2024-08-20,1108.9,1124.0,15.1,False,False
T011F73020E,2024-08,2024-08-23,1124.9,1138.9,14.0,False,False
T0197678D11,2024-08,2024-08-24,731.8,761.6,29.8,False,False
TBA58CFEBC6,2024-08,2024-08-20,1476.6,1505.3,28.7,False,False
T78A401EEAD,2024-08,2024-08-24,248.2,265.5,17.3,False,False
TE33F90B286,2024-08,2024-08-20,335.0,335.0,0.0,True,False
T761C9E26E6,2024-08,2024-08-20,265.0,275.2,10.2,False,False
T65187CE62C,2024-08,2024-08-24,661.8,702.0,40.2,False,False
T6DD4962896,2024-08,2024-08-25,247.6,260.9,13.3,False,False
T57E5EAB9B8,2024-08,2024-08-23,1045.3,1058.8,13.5,False,False
T0D1C506545,2024-08,2024-08-22,794.7,810.8,16.1,False,False
T16385BC409,2024-08,2024-08-24,249.1,255.5,6.4,False,False
T703E749B16,2024-08,2024-08-21,705.4,717.1,11.7,False,False
TE03815B898,2024-08,2024-08-23,1454.1,1471.5,17.4,False,False
T5EDC8CD764,2024-08,2024-08-25,1067.5,1080.4,12.9,False,False
T8A0E42EA46,2024-08,2024-08-24,1183.9,1195.9,12.0,False,False
T58E4665FE8,2024-08,2024-08-25,297.7,316.6,18.9,False,False
T45A3829C6C,2024-08,2024-08-24,227.5,241.5,14.0,False,False
T0F2B41D96D,2024-08,2024-08-22,181.7,212.2,30.5,False,False
T45E4DAC832,2024-08,2024-08-23,773.8,792.0,18.2,False,False
TB308B5DC7A,2024-08,2024-08-25,1122.4,1136.5,14.1,False,False
T5A52BDFD5B,2024-08,2024-08-22,1170.1,1176.6,6.5,False,False
T3B6195226D,2024-08,2024-08-22,484.6,504.7,20.1,False,False
TEF3ACC364D,2024-08,2024-08-23,113.4,125.1,11.7,False,False
T0E3944E1C7,2024-08,2024-08-22,1407.9,1420.6,12.7,False,False
TC5E02C2AE1,2024-08,2024-08-23,854.6,860.3,5.7,False,False
T9C181CA6B2,2024-08,2024-08-25,540.8,583.3,42.5,False,True
T46D0D9FE06,2024-08,2024-08-22,939.5,951.3,11.8,False,False
T3763EE0258,2024-08,2024-08-23,292.7,301.8,9.1,False,False
TB6793708AF,2024-08,2024-08-25,767.0,777.3,10.3,False,False
T02BF3919B7,2024-08,2024-08-22,1196.5,1205.1,8.6,False,False
T61903D0C08,2024-08,2024-08-22,402.3,411.6,9.3,False,False
T1540962193,2024-08,2024-08-20,542.0,614.5,72.5,False,False
TE8DF4BFC62,2024-08,2024-08-23,1482.1,1513.3,31.2,False,False
T97A5E4F98E,2024-08,2024-08-20,1172.2,1188.0,15.8,False,False
TB2B631F6DE,2024-08,2024-08-21,94.9,105.8,10.9,False,False
TFD4476DD46,2024-08,2024-08-21,607.6,634.8,27.2,False,False
T63AE43B763,2024-08,2024-08-25,861.0,886.2,25.2,False,False
TF7E0F3ADFA,2024-08,2024-08-20,576.6,579.5,2.9,False,False
T9F3D4A99A8,2024-08,2024-08-20,973.2,978.8,5.6,False,False
T3AF0CA5142,2024-08,2024-08-21,986.8,1033.9,47.1,False,False
T525C93E294,2024-08,2024-08-23,267.6,276.8,9.2,False,False
TA60FF3309B,2024-08,2024-08-25,1155.0,1164.7,9.7,False,False
T6230F0F81A,2024-08,2024-08-22,175.8,188.2,12.4,False,False
T486DC7662A,2024-08,2024-08-22,1599.8,1774.6,174.8,False,False
T0DD0FDF0BD,2024-08,2024-08-21,599.0,621.4,22.4,False,False
T81EEF6FCD3,2024-08,2024-08-20,791.3,791.3,0.0,True,False
T6269371CAA,2024-08,2024-08-22,1347.9,1357.6,9.7,False,False
TF7BDB30AC3,2024-08,2024-08-24,498.9,526.4,27.5,False,False
TC1EBE75CAC,2024-08,2024-08-21,938.0,955.1,17.1,False,False
T0A0805FB46,2024-08,2024-08-24,1562.0,1578.3,16.3,False,False
T7C1EBC3C4C,2024-08,2024-08-23,352.1,367.5,15.4,False,False
TFB5558315C,2024-08,2024-08-20,161.5,177.4,15.9,False,False
T4D34DCD6FE,2024-08,2024-08-23,669.5,683.9,14.4,False,False
T8F2163E1AC,2024-08,2024-08-25,1396.3,1419.1,22.8,False,False
T6D36EEA27E,2024-08,2024-08-25,178.7,190.8,12.1,False,False
TD718599337,2024-08,2024-08-22,881.5,925.8,44.3,False,False
TACFC1D584E,2024-08,2024-08-22,1075.9,1075.9,0.0,True,False
TE1CE4D9E5A,2024-08,2024-08-23,291.6,305.6,14.0,False,False
TEEB9050E6F,2024-08,2024-08-22,644.5,662.5,18.0,False,False
T266175A7E1,2024-08,2024-08-23,1392.8,1410.9,18.1,False,False
T188F8436EB,2024-08,2024-08-20,452.1,460.8,8.7,False,False
TBF5EF4019A,2024-08,2024-08-25,809.5,818.3,8.8,False,False
TF8038E3438,2024-08,2024-08-24,674.7,683.9,9.2,False,False
T14A35B501D,2024-08,2024-08-25,960.0,984.0,24.0,False,False
TACA1F6575E,2024-08,2024-08-21,53.9,63.4,9.5,False,False
T425CF74F89,2024-08,2024-08-25,964.3,966.4,2.1,False,False
T7E561E41DF,2024-08,2024-08-24,1506.3,1520.4,14.1,False,False
TAE21909B09,2024-08,2024-08-21,507.6,519.7,12.1,False,False
TA49FD77129,2024-08,2024-08-24,924.3,959.0,34.7,False,False
T83C53CBDE3,2024-08,2024-08-22,742.1,760.3,18.2,False,False
T8989E9F3E0,2024-08,2024-08-20,1010.8,1032.4,21.6,False,False
T0E868A3F47,2024-08,2024-08-22,1488.1,1505.7,17.6,False,False
TAA4A146A6F,2024-08,2024-08-24,890.3,890.3,0.0,True,False
T929701588B,2024-08,2024-08-21,578.8,584.8,6.0,False,False
TCBA87E8F93,2024-08,2024-08-21,1440.5,1455.9,15.4,False,False
T71B2CE98BC,2024-08,2024-08-23,1424.3,1446.1,21.8,False,False
T3104E606FB,2024-08,2024-08-25,1479.1,1488.4,9.3,False,False
TC9C584B8EF,2024-08,2024-08-20,514.7,537.5,22.8,False,True
T42EAACA5A6,2024-08,2024-08-21,399.6,414.4,14.8,False,False
T27CD292019,2024-08,2024-08-23,1346.3,1366.9,20.6,False,False
T2631941D4D,2024-08,2024-08-25,1483.1,1501.5,18.4,False,False
TD6D0D046B5,2024-08,2024-08-22,363.9,371.8,7.9,False,False
T930BCF26DA,2024-08,2024-08-25,1438.9,1451.2,12.3,False,False
T7A263D97A8,2024-08,2024-08-25,192.0,211.2,19.2,False,False
T84CC232045,2024-08,2024-08-25,995.2,1003.1,7.9,False,False
T1F7089E5B3,2024-08,2024-08-25,1102.1,1121.0,18.9,False,False
T6DD01C39D7,2024-08,2024-08-22,1023.7,1054.3,30.6,False,False
TE3814F5946,2024-08,2024-08-21,1084.1,1092.6,8.5,False,False
T260F6D657D,2024-08,2024-08-21,1547.9,1559.4,11.5,False,False
TF9F158A927,2024-08,2024-08-25,680.7,698.3,17.6,False,False
T2A78E596A5,2024-08,2024-08-22,475.1,495.1,20.0,False,False
T48829C6681,2024-08,2024-08-21,639.8,655.5,15.7,False,False
T5446AB5D4F,2024-08,2024-08-21,1347.3,1355.2,7.9,False,False
T6FEE2A0A85,2024-08,2024-08-24,298.7,310.6,11.9,False,False
T37BA3005AD,2024-08,2024-08-21,1054.0,1075.2,21.2,False,False
T599538981A,2024-08,2024-08-21,987.3,1031.9,44.6,False,False
TC1FE3D7E79,2024-08,2024-08-21,1054.9,1069.4,14.5,False,False
TAB633F4546,2024-08,2024-08-21,230.0,243.0,13.0,False,False
TEF123948C4,2024-08,2024-08-22,607.9,607.9,0.0,True,False
T50EA3E30B0,2024-08,2024-08-23,984.5,996.5,12.0,False,False
T10E8B50E63,2024-08,2024-08-21,1160.9,1191.2,30.3,False,False
T75445AB825,2024-08,2024-08-21,1119.4,1129.8,10.4,False,False
T9AEC04CEE6,2024-08,2024-08-24,204.0,212.8,8.8,False,False
TE59C7E0558,2024-08,2024-08-25,390.4,400.0,9.6,False,False
T017F5CC857,2024-08,2024-08-21,1305.4,1331.8,26.4,False,False
T5740214D00,2024-08,2024-08-23,435.8,440.9,5.1,False,False
TA54FDBC969,2024-08,2024-08-25,621.7,672.0,50.3,False,False
T79348D1D8C,2024-08,2024-08-23,337.4,387.6,50.2,False,False
T0C38B9638D,2024-08,2024-08-23,819.9,845.1,25.2,False,False
TF8CD7DEDDA,2024-08,2024-08-23,679.7,698.3,18.6,False,False
TD4AA44C620,2024-08,2024-08-23,650.4,669.0,18.6,False,False
TBA22021045,2024-08,2024-08-24,408.7,452.2,43.5,False,False
TAE4991C39A,2024-08,2024-08-22,1437.0,1448.3,11.3,False,False
T926427EC22,2024-08,2024-08-21,616.7,628.4,11.7,False,False
T03F3726F54,2024-08,2024-08-23,940.9,952.0,11.1,False,False
T9C5C1B51E6,2024-08,2024-08-22,205.7,205.7,0.0,True,False
TAB67F85714,2024-08,2024-08-20,1531.3,1545.2,13.9,False,False
T021E4A2B45,2024-08,2024-08-24,528.6,539.4,10.8,False,False
T9C284C6EDE,2024-08,2024-08-25,1444.0,1463.4,19.4,False,False
TE5AE06739E,2024-08,2024-08-25,171.2,182.8,11.6,False,False
T01F422D988,2024-08,2024-08-22,1525.3,1534.9,9.6,False,False
T812E69DF24,2024-08,2024-08-20,627.5,679.9,52.4,False,False
T1753290875,2024-08,2024-08-20,1382.5,1382.5,0.0,True,False
T6453265506,2024-08,2024-08-22,1506.3,1609.1,102.8,False,False
T3DCE54CBCD,2024-08,2024-08-25,219.2,230.2,11.0,False,False
T25A59C1230,2024-08,2024-08-20,137.4,159.7,22.3,False,False
T7149DBE7E7,2024-08,2024-08-23,832.9,863.9,31.0,False,False
T17B01CE93D,2024-08,2024-08-23,1319.9,1329.9,10.0,False,False
T2A7B7C0706,2024-08,2024-08-20,1279.4,1292.3,12.9,False,False
TA2A12750E0,2024-08,2024-08-20,438.5,450.5,12.0,False,False
TCDF5CCF9D1,2024-08,2024-08-21,1537.0,1553.8,16.8,False,False
T136877D852,2024-08,2024-08-20,965.2,985.3,20.1,False,False
TD93E7F3525,2024-08,2024-08-25,1187.5,1193.2,5.7,False,False
T9E698DAD97,2024-08,2024-08-22,267.4,289.0,21.6,False,False
TA7CD008CD2,2024-08,2024-08-20,1242.2,1266.5,24.3,False,False
TB5E2F0D295,2024-08,2024-08-23,842.9,853.8,10.9,False,False
T886651EB56,2024-08,2024-08-20,1522.2,1546.4,24.2,False,False
T726E26C014,2024-08,2024-08-25,463.8,468.3,4.5,False,False
T47801013F9,2024-08,2024-08-20,160.7,177.1,16.4,False,False
T7B44E5C01C,2024-08,2024-08-24,1093.8,1098.1,4.3,False,False
T06E1B5C91E,2024-08,2024-08-23,595.1,607.7,12.6,False,False
TBD7AFAA9AB,2024-08,2024-08-22,1113.7,1128.3,14.6,False,False
T3A8AE15DE9,2024-08,2024-08-25,986.7,996.6,9.9,False,False
T90FCBE8560,2024-08,2024-08-25,1233.4,1244.0,10.6,False,False
T6B76BCDCC8,2024-08,2024-08-24,1379.5,1431.5,52.0,False,False
T6B61D786E8,2024-08,2024-08-20,1002.6,1013.6,11.0,False,False
TD8B8E83F9D,2024-08,2024-08-24,1269.3,1284.0,14.7,False,False
T353F39960E,2024-08,2024-08-23,402.1,408.9,6.8,False,False
TC44518846F,2024-08,2024-08-22,285.1,300.2,15.1,False,False
T3DBD424B8F,2024-08,2024-08-20,543.8,543.8,0.0,True,False
TB8E4E6CA4C,2024-08,2024-08-23,568.9,613.9,45.0,False,False
T54630B6404,2024-08,2024-08-22,221.2,244.9,23.7,False,False
T71623730B1,2024-08,2024-08-21,1018.8,1031.5,12.7,False,False
T7436A106AE,2024-08,2024-08-22,390.7,399.3,8.6,False,False
T6191B8FD69,2024-08,2024-08-20,1080.7,1091.8,11.1,False,False
TBA7727A83B,2024-08,2024-08-24,420.1,429.1,9.0,False,False
T66B24DDB8C,2024-08,2024-08-21,1544.1,1554.5,10.4,False,False
T0EAA0EDBAF,2024-08,2024-08-22,609.6,637.4,27.8,False,False
TDCBC842E3A,2024-08,2024-08-23,357.3,378.3,21.0,False,False
T305BACE840,2024-08,2024-08-24,672.3,686.1,13.8,False,False
TAD0E244201,2024-08,2024-08-24,990.7,1005.6,14.9,False,False
T824A68B378,2024-08,2024-08-24,1232.0,1237.2,5.2,False,False
T9F72B39B89,2024-08,2024-08-22,611.5,621.3,9.8,False,False
T0380D1AD85,2024-08,2024-08-25,933.6,952.0,18.4,False,False
TD58AFBB420,2024-08,2024-08-25,1560.2,1611.2,51.0,False,False
TB1A6FA6009,2024-08,2024-08-21,307.8,316.3,8.5,False,False
TB95EB354D9,2024-08,2024-08-25,871.8,892.5,20.7,False,False
T6EBEC2B9E3,2024-08,2024-08-25,449.9,472.9,23.0,False,True
TCBAFB86C54,2024-08,2024-08-23,1490.4,1504.9,14.5,False,False
T2D884BEE59,2024-08,2024-08-24,1074.2,1096.3,22.1,False,False
T81E3CAC404,2024-08,2024-08-24,1210.5,1218.0,7.5,False,False
TB13246DF04,2024-08,2024-08-21,1546.2,1607.4,61.2,False,False
T38FC29870C,2024-08,2024-08-20,864.3,870.8,6.5,False,False
T0B952300A6,2024-08,2024-08-21,1016.5,1029.2,12.7,False,False
T592EE5AE5A,2024-08,2024-08-20,419.9,432.3,12.4,False,False
T8AB7B992DC,2024-08,2024-08-20,1456.6,1469.3,12.7,False,False
TE13531501B,2024-08,2024-08-24,181.0,189.4,8.4,False,False
T603C6A7DDF,2024-08,2024-08-21,1401.2,1451.7,50.5,False,False
T9B1CF87E17,2024-08,2024-08-23,492.7,511.8,19.1,False,False
T7E47E27FFB,2024-08,2024-08-20,995.5,1005.8,10.3,False,False
T2FE3E18EED,2024-08,2024-08-25,931.7,947.0,15.3,False,False
T518FD2CD05,2024-08,2024-08-21,635.1,652.1,17.0,False,False
TCA03B52F53,2024-08,2024-08-20,247.9,259.2,11.3,False,False
TC97F0C81C8,2024-08,2024-08-23,919.0,1038.6,119.6,False,False
T5825BB17FC,2024-08,2024-08-23,285.3,322.7,37.4,False,False
TC5E185C6E8,2024-08,2024-08-23,110.3,110.3,0.0,True,False
TEAD9E81003,2024-08,2024-08-24,752.1,752.1,0.0,True,False
TE23D5A574A,2024-08,2024-08-20,799.3,809.6,10.3,False,False
T04048D53A3,2024-08,2024-08-22,628.2,632.1,3.9,False,False
TE1AA9E77A7,2024-08,2024-08-25,909.9,914.5,4.6,False,False
TC54C99BA73,2024-08,2024-08-21,503.8,535.4,31.6,False,False
T013C0F8B57,2024-08,2024-08-21,1258.4,1274.6,16.2,False,False
T3C23C0A42C,2024-08,2024-08-24,821.7,840.7,19.0,False,False
TEDB2598366,2024-08,2024-08-21,1087.7,1100.4,12.7,False,False
T03D524AC98,2024-08,2024-08-25,1337.8,1351.5,13.7,False,False
T9B658694D7,2024-08,2024-08-22,494.8,513.0,18.2,False,False
T827DB403EF,2024-08,2024-08-25,992.2,995.0,2.8,False,False
TD5960FA89C,2024-08,2024-08-24,956.0,974.0,18.0,False,False
TEB9CD6778B,2024-08,2024-08-21,1336.5,1350.6,14.1,False,False
TCFB896C903,2024-08,2024-08-22,575.9,585.4,9.5,False,False
T4EBE5132B6,2024-08,2024-08-21,681.8,695.4,13.6,False,False
TD6D7800440,2024-08,2024-08-20,1311.0,1323.7,12.7,False,False
TB1AE49FA20,2024-08,2024-08-21,458.0,467.9,9.9,False,False
TF4940B0970,2024-08,2024-08-22,1016.3,1026.9,10.6,False,False
T6492EC951E,2024-08,2024-08-22,296.0,337.6,41.6,False,False
T5B2FD74A85,2024-08,2024-08-25,1208.4,1227.6,19.2,False,False
TCF1A6CDF80,2024-08,2024-08-24,268.1,285.5,17.4,False,False
TBA965CD37E,2024-08,2024-08-20,188.8,200.5,11.7,False,False
T8917AF33E8,2024-08,2024-08-23,379.4,453.1,73.7,False,False
T4F696F6C0E,2024-08,2024-08-24,190.8,206.6,15.8,False,False
TFB9BD0FCA4,2024-08,2024-08-24,1407.0,1407.0,0.0,True,False
T6372E1147F,2024-08,2024-08-25,909.9,926.2,16.3,False,False
T8B4FC280C2,2024-08,2024-08-25,353.9,363.9,10.0,False,False
T0AF0DD2FE5,2024-08,2024-08-24,887.7,899.8,12.1,False,False
T9BABD62590,2024-08,2024-08-25,834.4,874.2,39.8,False,False
TBBD0028CDB,2024-08,2024-08-24,770.1,782.4,12.3,False,False
T30E453AB34,2024-08,2024-08-20,828.8,840.4,11.6,False,False
T7DC59256DC,2024-08,2024-08-25,367.5,396.5,29.0,False,False
TCC371206BC,2024-08,2024-08-25,360.6,371.3,10.7,False,False
TDEF092A4C5,2024-08,2024-08-22,1311.5,1321.1,9.6,False,False
TE13FCEC631,2024-08,2024-08-24,928.4,943.6,15.2,False,False
T7C3F6A8162,2024-08,2024-08-25,1226.6,1246.8,20.2,False,False
T0F4A3A74ED,2024-08,2024-08-24,627.7,647.1,19.4,False,False
T5BEF82BC17,2024-08,2024-08-22,1175.6,1187.8,12.2,False,False
T07AC5856A4,2024-08,2024-08-22,503.8,513.5,9.7,False,False
T0185184B59,2024-08,2024-08-24,1035.2,1045.0,9.8,False,False
T79F8E1FAE8,2024-08,2024-08-24,88.3,98.8,10.5,False,False
T4D40D256FE,2024-08,2024-08-24,810.6,828.8,18.2,False,False
TE74495FCDD,2024-08,2024-08-20,1403.0,1415.2,12.2,False,False
TAD9ED625D1,2024-08,2024-08-24,1240.5,1255.7,15.2,False,False
TE7328B9E12,2024-08,2024-08-22,555.7,561.8,6.1,False,False
T5FC1C50126,2024-08,2024-08-24,895.4,924.3,28.9,False,False
T203C71CAC2,2024-08,2024-08-22,1412.6,1434.1,21.5,False,False
T1D1F227112,2024-08,2024-08-24,527.0,542.9,15.9,False,False
TF62BDC6E96,2024-08,2024-08-21,1433.7,1433.7,0.0,True,False
T5D35014BC6,2024-08,2024-08-20,1517.4,1525.9,8.5,False,False
T9C80DA594D,2024-08,2024-08-22,604.7,604.7,0.0,True,False
T575100FEE6,2024-08,2024-08-24,118.8,147.7,28.9,False,False
TFF833858D4,2024-08,2024-08-21,1504.9,1514.8,9.9,False,False
T44C452513D,2024-08,2024-08-25,611.9,630.7,18.8,False,False
TC11C4F89B7,2024-08,2024-08-23,196.5,215.3,18.8,False,False
T519E11C12F,2024-08,2024-08-23,138.4,146.2,7.8,False,False
T1D1C3809AD,2024-08,2024-08-21,712.9,756.6,43.7,False,False
T2F89E8ED6F,2024-08,2024-08-23,1237.1,1254.1,17.0,False,False
TED624C9B29,2024-08,2024-08-22,1224.2,1235.3,11.1,False,False
T80599540B9,2024-08,2024-08-24,127.7,155.2,27.5,False,False
T99F86EAA03,2024-08,2024-08-23,686.6,705.7,19.1,False,False
T48E474E620,2024-08,2024-08-20,1166.5,1185.7,19.2,False,False
T62F138B69F,2024-08,2024-08-20,1193.6,1208.3,14.7,False,False
T0ABCC73F5F,2024-08,2024-08-21,1220.6,1229.4,8.8,False,False
T451A03E5F4,2024-08,2024-08-21,556.5,586.1,29.6,False,False
T28A5C3A212,2024-08,2024-08-25,810.7,818.2,7.5,False,False
T9BF23AC92B,2024-08,2024-08-25,905.5,919.6,14.1,False,False
T8D847ABAD5,2024-08,2024-08-23,797.0,805.1,8.1,False,False
T79AD100612,2024-08,2024-08-23,1045.3,1063.3,18.0,False,False
T595C48877B,2024-08,2024-08-24,931.8,948.0,16.2,False,False
T7E1F631507,2024-08,2024-08-21,72.0,89.7,17.7,False,False
T7CEE29F570,2024-08,2024-08-23,351.7,363.0,11.3,False,False
TB28F8F08F4,2024-08,2024-08-24,722.3,730.9,8.6,False,False
T741A1119FA,2024-08,2024-08-20,320.2,337.2,17.0,False,False
T26862D1A4A,2024-08,2024-08-22,1542.8,1586.4,43.6,False,False
TCB96D14BFD,2024-08,2024-08-22,577.2,588.5,11.3,False,False
TF07D19AE17,2024-08,2024-08-22,158.2,197.7,39.5,False,False
T7AE1E63696,2024-08,2024-08-20,1356.1,1366.1,10.0,False,False
TEA687BEEC8,2024-08,2024-08-21,347.9,360.8,12.9,False,False
T5C97BD73CE,2024-08,2024-08-21,1418.6,1435.2,16.6,False,False
T64DF103F27,2024-08,2024-08-25,286.1,299.2,13.1,False,False
T962D5133B5,2024-08,2024-08-21,1120.3,1145.8,25.5,False,False
TFAE2AFD636,2024-08,2024-08-24,1343.6,1351.3,7.7,False,False
T8237A9AE83,2024-08,2024-08-21,352.1,,,False,False
T124789ED12,2024-08,2024-08-25,810.2,819.2,9.0,False,False
T77D8F1F07B,2024-08,2024-08-24,753.8,802.7,48.9,False,False
T88E01EE6A9,2024-08,2024-08-21,543.4,561.1,17.7,False,False
TCCA2F0E6D1,2024-08,2024-08-21,403.6,416.5,12.9,False,False
TE7C4074532,2024-08,2024-08-23,236.6,258.6,22.0,False,False
TE08ACE6D71,2024-08,2024-08-21,1379.7,1399.9,20.2,False,False
TF5AB4BC37D,2024-08,2024-08-25,426.1,438.4,12.3,False,False
T31A37C291B,2024-08,2024-08-21,87.3,98.5,11.2,False,False
T85072A41C6,2024-08,2024-08-20,1239.0,1251.2,12.2,False,False
T3DB8E8C91B,2024-08,2024-08-20,948.8,958.3,9.5,False,False
T1F21C0A526,2024-08,2024-08-23,225.7,245.1,19.4,False,False
TC653350390,2024-08,2024-08-20,1352.0,1360.8,8.8,False,False
TF357DF2C85,2024-08,2024-08-24,527.8,546.6,18.8,False,False
TC2B54F643A,2024-08,2024-08-20,307.5,317.4,9.9,False,False
T62A907AFA1,2024-08,2024-08-21,577.6,586.8,9.2,False,False
T9B926E1A60,2024-08,2024-08-22,781.4,791.4,10.0,False,False
T95A557D58C,2024-08,2024-08-23,934.6,1091.8,157.2,False,False
T4FD73F8DF8,2024-08,2024-08-22,184.1,191.9,7.8,False,False
TAA9E781779,2024-08,2024-08-23,1046.5,1058.6,12.1,False,False
T5AB667FA59,2024-08,2024-08-20,1077.4,1099.8,22.4,False,False
T2FB8838715,2024-08,2024-08-24,1426.6,1445.5,18.9,False,False
TDC0B728E72,2024-08,2024-08-24,777.1,842.2,65.1,False,False
T500E1E73A5,2024-08,2024-08-22,799.9,799.9,0.0,True,False
T518D652731,2024-08,2024-08-22,525.7,537.7,12.0,False,False
T5F78380FF1,2024-08,2024-08-22,815.3,825.2,9.9,False,False
T2269F4C04A,2024-08,2024-08-25,896.4,935.3,38.9,False,False
T75D0C6EEF9,2024-08,2024-08-23,1150.3,1268.8,118.5,False,False
T08C84C6180,2024-08,2024-08-22,248.0,264.4,16.4,False,False
TBE3328794F,2024-08,2024-08-20,996.5,1003.3,6.8,False,False
T7BF732B1D4,2024-08,2024-08-21,1075.7,1088.5,12.8,False,False
T680C591820,2024-08,2024-08-24,1098.6,1103.1,4.5,False,False
T87B30A11CA,2024-08,2024-08-20,1450.1,1461.5,11.4,False,False
T2C69DDD554,2024-08,2024-08-24,781.4,818.3,36.9,False,False
TB5DCDB3D2B,2024-08,2024-08-25,1331.4,1331.4,0.0,True,False
TF1BF705581,2024-08,2024-08-25,645.7,671.0,25.3,False,False
T7861C2062B,2024-08,2024-08-23,1612.7,1642.3,29.6,False,False
T3E7A117328,2024-08,2024-08-20,325.3,345.4,20.1,False,False
T626DE7D352,2024-08,2024-08-25,1031.5,1075.5,44.0,False,False
T30CED3EF6B,2024-08,2024-08-25,894.2,914.5,20.3,False,False
T6F621D315F,2024-08,2024-08-25,193.8,215.5,21.7,False,False
T5AEAFABEEB,2024-08,2024-08-25,964.0,975.1,11.1,False,False
T6E1A658692,2024-08,2024-08-21,535.5,548.2,12.7,False,False
TDFD739AFF7,2024-08,2024-08-24,1336.7,1348.9,12.2,False,False
T0E7497BE87,2024-08,2024-08-24,251.4,264.3,12.9,False,False
T63245D9338,2024-08,2024-08-21,262.6,280.5,17.9,False,False
T2FC1A9FEB9,2024-08,2024-08-24,314.0,328.7,14.7,False,False
TE5572E3B77,2024-08,2024-08-20,1466.8,1471.8,5.0,False,False
T93AE74FC8C,2024-08,2024-08-22,832.7,849.2,16.5,False,False
TCE4F3C1854,2024-08,2024-08-23,1604.9,1638.5,33.6,False,False
T623FDA0FEC,2024-08,2024-08-20,430.9,482.1,51.2,False,True
T6FCD9FC327,2024-08,2024-08-25,410.2,417.9,7.7,False,False
T26D49D2B10,2024-08,2024-08-24,885.7,907.4,21.7,False,False
T6B0F45148F,2024-08,2024-08-25,668.7,750.6,81.9,False,False
T5DA6DABC22,2024-08,2024-08-20,553.0,565.0,12.0,False,False
T4C0FAA9237,2024-08,2024-08-21,839.2,853.3,14.1,False,False
T629B85F6AE,2024-08,2024-08-24,1346.2,1365.4,19.2,False,False
TE6221DA147,2024-08,2024-08-20,772.2,784.9,12.7,False,False
T7092CB932F,2024-08,2024-08-24,1253.8,1271.7,17.9,False,False
T38F3AD60D6,2024-08,2024-08-22,332.5,357.6,25.1,False,False
T051D6304AA,2024-08,2024-08-22,1004.7,1015.4,10.7,False,False
T1677509027,2024-08,2024-08-20,407.5,423.1,15.6,False,False
TCE43CAAFDD,2024-08,2024-08-25,971.6,982.5,10.9,False,False
TD6051C60DD,2024-08,2024-08-24,1146.4,1179.5,33.1,False,False
TD81C7B0AC7,2024-08,2024-08-22,1437.4,1453.9,16.5,False,False
TEB9B6A4FBC,2024-08,2024-08-24,819.9,819.9,0.0,True,False
T8E67D26322,2024-08,2024-08-24,1517.4,1532.0,14.6,False,False
T0E8259349E,2024-08,2024-08-22,180.4,199.5,19.1,False,False
TEC586A8374,2024-08,2024-08-22,966.6,976.1,9.5,False,False
T1E40F3A239,2024-08,2024-08-22,1008.7,1021.5,12.8,False,False
T716C530DED,2024-08,2024-08-20,491.4,505.1,13.7,False,False
T7562476AEF,2024-08,2024-08-21,1475.6,1503.4,27.8,False,False
TB460453C4D,2024-08,2024-08-21,211.9,231.0,19.1,False,False
T4A69C0BA6F,2024-08,2024-08-25,429.1,446.3,17.2,False,False
TB3006B8F03,2024-08,2024-08-21,698.1,707.9,9.8,False,False
TED3E393477,2024-08,2024-08-25,1468.2,1485.3,17.1,False,False
TA014F1FF15,2024-08,2024-08-22,1064.6,1076.9,12.3,False,False
T08D24C843D,2024-08,2024-08-21,246.0,269.6,23.6,False,False
T328C38D103,2024-08,2024-08-21,1530.3,1547.9,17.6,False,False
T5D52776F44,2024-08,2024-08-23,414.1,420.8,6.7,False,False
T350C7F0CAD,2024-08,2024-08-23,481.3,491.0,9.7,False,False
TE4BF83F9A5,2024-08,2024-08-22,1285.0,1310.5,25.5,False,False
T363192FB18,2024-08,2024-08-20,948.3,967.8,19.5,False,False
TE7D390D6E1,2024-08,2024-08-24,876.7,895.4,18.7,False,False
TEAED0D702E,2024-08,2024-08-22,913.3,932.3,19.0,False,False
T76D2631BBE,2024-08,2024-08-24,1184.3,1197.4,13.1,False,False
T41D9DAD65E,2024-08,2024-08-20,585.0,594.2,9.2,False,False
T4FB688BCF2,2024-08,2024-08-20,1060.6,1078.7,18.1,False,False
T49C247A691,2024-08,2024-08-25,508.2,522.3,14.1,False,False
TAD97E4B580,2024-08,2024-08-22,102.0,125.3,23.3,False,False
TA6D3C701E5,2024-08,2024-08-22,284.1,301.7,17.6,False,False
T1629374829,2024-08,2024-08-20,578.5,615.7,37.2,False,False
TE380DFCDD5,2024-08,2024-08-24,1083.4,1098.0,14.6,False,False
TC71E645A97,2024-08,2024-08-24,764.3,775.5,11.2,False,False
T3B2D063348,2024-08,2024-08-25,348.7,355.5,6.8,False,False
T6B0703F297,2024-08,2024-08-23,970.4,980.1,9.7,False,False
T2442BBD224,2024-08,2024-08-20,661.9,677.4,15.5,False,False
T94AEE9D59A,2024-08,2024-08-21,975.7,983.7,8.0,False,False
TC36C8FB548,2024-08,2024-08-23,1359.5,1368.4,8.9,False,False
TEA6C60108F,2024-08,2024-08-21,1291.2,1341.4,50.2,False,False
T5D0DA4A5A3,2024-08,2024-08-25,888.0,900.1,12.1,False,False
TCE2F3968A5,2024-08,2024-08-25,850.9,870.8,19.9,False,False
T3290CE40ED,2024-08,2024-08-22,1368.2,1368.2,0.0,True,False
TFF800A383C,2024-08,2024-08-20,1064.3,1074.5,10.2,False,False
T43D369AD4F,2024-08,2024-08-20,703.8,718.9,15.1,False,False
T2558B25F4A,2024-08,2024-08-24,96.5,105.7,9.2,False,False
TF2D53B5266,2024-08,2024-08-23,1357.1,1368.1,11.0,False,False
T46E626FB09,2024-08,2024-08-20,152.2,171.0,18.8,False,False
T7E0A59EC74,2024-08,2024-08-23,357.7,363.7,6.0,False,False
TDB77C6E5BA,2024-08,2024-08-22,534.0,544.7,10.7,False,False
TB2420A8657,2024-08,2024-08-21,1104.3,1111.5,7.2,False,False
TB1246EBDB6,2024-08,2024-08-20,625.0,629.2,4.2,False,False
T8C8BD1D187,2024-08,2024-08-22,957.1,1010.2,53.1,False,True
T9A87FD75BB,2024-08,2024-08-24,471.4,487.1,15.7,False,False
T7220DB253B,2024-08,2024-08-22,620.0,635.3,15.3,False,False
T024582A041,2024-08,2024-08-22,1311.1,1346.6,35.5,False,False
TA3D7EB0EB6,2024-08,2024-08-21,1392.3,1394.0,1.7,False,False
T980F08905D,2024-08,2024-08-20,1307.7,1321.3,13.6,False,False
T0070991C4A,2024-08,2024-08-22,354.7,368.0,13.3,False,False
TE62F9D24A2,2024-08,2024-08-25,706.3,727.7,21.4,False,False
T660F58D22C,2024-08,2024-08-21,1197.6,1197.6,0.0,True,False
TC9C59FD3C0,2024-08,2024-08-20,1340.4,1348.9,8.5,False,False
TC85BCF4679,2024-08,2024-08-21,612.8,625.6,12.8,False,False
T711A4FB3DC,2024-08,2024-08-24,1244.8,1251.2,6.4,False,False
TDA01857472,2024-08,2024-08-24,645.7,114.30976118392641,6.3,False,False
T593C7D2F36,2024-08,2024-08-23,879.8,891.0,11.2,False,False
TAD1B3ECAF6,2024-08,2024-08-21,685.0,706.1,21.1,False,False
T62DB418771,2024-09,2024-09-21,1102.9,1119.9,17.0,False,False
T516D296A99,2024-09,2024-09-21,743.3,752.9,9.6,False,False
TF6199DECCB,2024-09,2024-09-21,1123.4,1157.9,34.5,False,False
TBFDD3649BD,2024-09,2024-09-22,1326.3,1337.5,11.2,False,False
T1A8F7C05C9,2024-09,2024-09-21,1244.6,1250.6,6.0,False,False
T6B4FC6C7C6,2024-09,2024-09-23,694.3,711.4,17.1,False,False
T6EE7490E19,2024-09,2024-09-20,1426.2,1439.1,12.9,False,False
T771EC6B537,2024-09,2024-09-20,904.9,909.4,4.5,False,False
TA87CD37475,2024-09,2024-09-20,371.1,394.6,23.5,False,False
T00048F12E2,2024-09,2024-09-22,151.7,158.6,6.9,False,False
TDE3B85E449,2024-09,2024-09-20,1023.3,1041.0,17.7,False,False
TDFD5EF1E2B,2024-09,2024-09-20,627.9,627.9,0.0,True,False
T6BE1C12D07,2024-09,2024-09-23,1681.3,1810.6,129.3,False,False
TE17C7596F7,2024-09,2024-09-20,220.0,238.0,18.0,False,False
TF0590D064A,2024-09,2024-09-20,496.3,506.8,10.5,False,False
T0201C8273D,2024-09,2024-09-25,408.5,417.9,9.4,False,False
T416D725964,2024-09,2024-09-20,1162.4,1177.0,14.6,False,False
T592985E849,2024-09,2024-09-23,309.8,335.4,25.6,False,False
T8CFD079CB6,2024-09,2024-09-23,1547.9,1559.5,11.6,False,False
TD10A6EDCA0,2024-09,2024-09-22,860.4,885.0,24.6,False,False
T0CE7987E4B,2024-09,2024-09-24,618.2,691.1,72.9,False,False
T0F12629295,2024-09,2024-09-20,386.5,389.6,3.1,False,False
T7833B36159,2024-09,2024-09-25,634.3,646.4,12.1,False,False
T997FF51E88,2024-09,2024-09-23,814.5,822.4,7.9,False,False
TB0AFAFC426,2024-09,2024-09-23,1750.7,1796.0,45.3,False,False
T4B2228F178,2024-09,2024-09-22,575.9,590.7,14.8,False,False
T5D1D63651A,2024-09,2024-09-22,347.7,363.4,15.7,False,False
T005A9CE174,2024-09,2024-09-20,1290.3,1290.3,0.0,True,False
T0E572DDC2C,2024-09,2024-09-22,1026.1,1035.5,9.4,False,False
T6B4C3EB33E,2024-09,2024-09-23,1326.9,1331.7,4.8,False,False
T98621FD0F2,2024-09,2024-09-23,1222.3,1353.5,131.2,False,False
TCED7759D69,2024-09,2024-09-22,1262.5,1274.8,12.3,False,False
T148BA00559,2024-09,2024-09-22,1174.2,1198.2,24.0,False,False
T8EF8382AF5,2024-09,2024-09-25,1509.5,1518.4,8.9,False,False
T294140BCEC,2024-09,2024-09-20,314.5,333.2,18.7,False,False
T2B4ECE5F7A,2024-09,2024-09-25,305.9,369.2,63.3,False,True
TFCDB644B38,2024-09,2024-09-23,322.1,322.1,0.0,True,False
TF46C85CB55,2024-09,2024-09-25,646.2,653.1,6.9,False,False
T635E7348B0,2024-09,2024-09-25,329.2,354.3,25.1,False,False
TD950C1321E,2024-09,2024-09-20,334.1,347.4,13.3,False,False
T79F7CA1313,2024-09,2024-09-20,248.3,255.3,7.0,False,False
T1890D0D69D,2024-09,2024-09-20,810.2,821.4,11.2,False,False
T92ED6C6BBC,2024-09,2024-09-25,447.5,451.6,4.1,False,False
T1A234D637E,2024-09,2024-09-22,1166.6,1180.2,13.6,False,False
T0FA07C2AE6,2024-09,2024-09-24,357.1,364.0,6.9,False,False
T85D9327E38,2024-09,2024-09-20,1332.8,1343.7,10.9,False,False
T9B2220E701,2024-09,2024-09-22,1006.5,1026.0,19.5,False,False
T75AE25B236,2024-09,2024-09-23,866.5,878.5,12.0,False,False
T85C4B9E9BD,2024-09,2024-09-24,1170.5,1176.0,5.5,False,False
TAAC46C752C,2024-09,2024-09-22,1511.0,1515.2,4.2,False,False
TB5ABA37301,2024-09,2024-09-25,868.8,868.8,0.0,True,False
TDB1931905E,2024-09,2024-09-23,978.6,989.3,10.7,False,False
T8A79BCF725,2024-09,2024-09-22,1287.9,1291.9,4.0,False,False
T1383BC162C,2024-09,2024-09-25,1552.0,1561.6,9.6,False,False
TE3F34F661C,2024-09,2024-09-21,1063.7,1123.6,59.9,False,False
T945DF5CC73,2024-09,2024-09-21,1057.5,1064.1,6.6,False,False
T89289351AD,2024-09,2024-09-24,1147.5,1158.2,10.7,False,False
T3C6A8E589D,2024-09,2024-09-21,244.8,269.4,24.6,False,False
T9EDB41553F,2024-09,2024-09-24,217.0,222.2,5.2,False,False
T39FECD2D40,2024-09,2024-09-21,744.0,761.2,17.2,False,False
T393F331539,2024-09,2024-09-24,386.6,398.6,12.0,False,False
T44E572D176,2024-09,2024-09-21,372.5,389.2,16.7,False,False
T6A0C9518A5,2024-09,2024-09-20,1227.6,1240.4,12.8,False,False
T6F6C091F32,2024-09,2024-09-20,1354.9,1365.6,10.7,False,False
T0A7DFC3903,2024-09,2024-09-20,1398.1,1417.4,19.3,False,False
T4CA807AAAE,2024-09,2024-09-21,345.6,384.0,38.4,False,False
T292B036CC6,2024-09,2024-09-20,878.7,894.3,15.6,False,False
TF252236170,2024-09,2024-09-20,108.3,129.9,21.6,False,False
T47A88C447A,2024-09,2024-09-24,687.1,695.5,8.4,False,False
T29274E7656,2024-09,2024-09-25,310.3,323.9,13.6,False,False
TF94B3B4CEA,2024-09,2024-09-25,558.2,571.0,12.8,False,False
TD79C86593F,2024-09,2024-09-20,987.0,1005.9,18.9,False,False
T042B2178D1,2024-09,2024-09-20,157.4,177.8,20.4,False,False
TE9E2B18053,2024-09,2024-09-22,569.0,619.3,50.3,False,False
T80D9A080BE,2024-09,2024-09-21,1740.1,1780.0,39.9,False,False
T580C1D0E5A,2024-09,2024-09-20,714.3,753.4,39.1,False,False
T262047037E,2024-09,2024-09-20,530.7,539.3,8.6,False,False
T997FBB56CB,2024-09,2024-09-25,1440.9,1456.4,15.5,False,False
T488907BADA,2024-09,2024-09-25,417.4,436.1,18.7,False,False
T959B664297,2024-09,2024-09-23,95.2,107.2,12.0,False,False
TCE4FA87780,2024-09,2024-09-21,1263.8,1275.1,11.3,False,False
T6A6F416B64,2024-09,2024-09-21,1011.6,1026.2,14.6,False,False
T5C22EC11B8,2024-09,2024-09-22,724.1,769.4,45.3,False,False
T132EB7CE2B,2024-09,2024-09-25,1124.0,1136.5,12.5,False,False
T011F73020E,2024-09,2024-09-21,1138.9,1156.9,18.0,False,False
T0197678D11,2024-09,2024-09-24,761.6,795.8,34.2,False,False
TBA58CFEBC6,2024-09,2024-09-20,1505.3,1524.8,19.5,False,False
T78A401EEAD,2024-09,2024-09-22,265.5,284.9,19.4,False,False
TE33F90B286,2024-09,2024-09-24,335.0,346.0,11.0,False,False
T761C9E26E6,2024-09,2024-09-22,275.2,289.2,14.0,False,False
T65187CE62C,2024-09,2024-09-21,702.0,702.0,0.0,True,False
T6DD4962896,2024-09,2024-09-22,260.9,269.8,8.9,False,False
T57E5EAB9B8,2024-09,2024-09-23,1058.8,1058.8,0.0,True,False
T0D1C506545,2024-09,2024-09-25,810.8,827.2,16.4,False,False
T16385BC409,2024-09,2024-09-21,255.5,263.9,8.4,False,False
T703E749B16,2024-09,2024-09-21,717.1,729.4,12.3,False,False
TE03815B898,2024-09,2024-09-21,1471.5,1489.2,17.7,False,False
T5EDC8CD764,2024-09,2024-09-23,1080.4,1094.9,14.5,False,False
T8A0E42EA46,2024-09,2024-09-21,1195.9,1208.1,12.2,False,False
T58E4665FE8,2024-09,2024-09-24,316.6,335.9,19.3,False,False
T45A3829C6C,2024-09,2024-09-21,241.5,255.6,14.1,False,False
T0F2B41D96D,2024-09,2024-09-22,212.2,240.2,28.0,False,False
T45E4DAC832,2024-09,2024-09-23,792.0,805.0,13.0,False,False
TB308B5DC7A,2024-09,2024-09-23,1136.5,1149.5,13.0,False,False
T5A52BDFD5B,2024-09,2024-09-21,1176.6,1184.9,8.3,False,False
T3B6195226D,2024-09,2024-09-20,504.7,525.1,20.4,False,False
TEF3ACC364D,2024-09,2024-09-20,125.1,138.5,13.4,False,False
T0E3944E1C7,2024-09,2024-09-21,1420.6,1432.0,11.4,False,False
TC5E02C2AE1,2024-09,2024-09-24,860.3,867.2,6.9,False,False
T9C181CA6B2,2024-09,2024-09-24,583.3,642.3,59.0,False,True
T46D0D9FE06,2024-09,2024-09-22,951.3,961.3,10.0,False,False
T3763EE0258,2024-09,2024-09-20,301.8,309.6,7.8,False,False
TB6793708AF,2024-09,2024-09-23,777.3,784.7,7.4,False,False
T02BF3919B7,2024-09,2024-09-20,1205.1,1214.8,9.7,False,False
T61903D0C08,2024-09,2024-09-21,411.6,424.1,12.5,False,False
T1540962193,2024-09,2024-09-21,614.5,686.6,72.1,False,False
TE8DF4BFC62,2024-09,2024-09-21,1513.3,1559.3,46.0,False,False
T97A5E4F98E,2024-09,2024-09-20,1188.0,1203.0,15.0,False,False
TB2B631F6DE,2024-09,2024-09-23,105.8,117.7,11.9,False,False
TFD4476DD46,2024-09,2024-09-21,634.8,657.2,22.4,False,False
T63AE43B763,2024-09,2024-09-25,886.2,908.4,22.2,False,False
TF7E0F3ADFA,2024-09,2024-09-20,579.5,582.1,2.6,False,False
T9F3D4A99A8,2024-09,2024-09-23,978.8,984.2,5.4,False,False
T3AF0CA5142,2024-09,2024-09-23,1033.9,1033.9,0.0,True,False
T525C93E294,2024-09,2024-09-21,276.8,287.1,10.3,False,False
TA60FF3309B,2024-09,2024-09-24,1164.7,1177.5,12.8,False,False
T6230F0F81A,2024-09,2024-09-21,188.2,200.2,12.0,False,False
T486DC7662A,2024-09,2024-09-20,1774.6,1974.6,200.0,False,False
T0DD0FDF0BD,2024-09,2024-09-24,621.4,638.4,17.0,False,False
T81EEF6FCD3,2024-09,2024-09-25,791.3,808.6,17.3,False,False
T6269371CAA,2024-09,2024-09-22,1357.6,1365.5,7.9,False,False
TF7BDB30AC3,2024-09,2024-09-22,526.4,557.4,31.0,False,False
TC1EBE75CAC,2024-09,2024-09-23,955.1,977.1,22.0,False,False
T0A0805FB46,2024-09,2024-09-23,1578.3,1596.3,18.0,False,False
T7C1EBC3C4C,2024-09,2024-09-23,367.5,382.9,15.4,False,False
TFB5558315C,2024-09,2024-09-23,177.4,193.4,16.0,False,False
T4D34DCD6FE,2024-09,2024-09-21,683.9,695.6,11.7,False,False
T8F2163E1AC,2024-09,2024-09-22,1419.1,1442.2,23.1,False,False
T6D36EEA27E,2024-09,2024-09-21,190.8,203.4,12.6,False,False
TD718599337,2024-09,2024-09-20,925.8,968.4,42.6,False,False
TACFC1D584E,2024-09,2024-09-24,1075.9,1097.8,21.9,False,False
TE1CE4D9E5A,2024-09,2024-09-20,305.6,305.6,0.0,True,False
TEEB9050E6F,2024-09,2024-09-24,662.5,688.4,25.9,False,False
T266175A7E1,2024-09,2024-09-23,1410.9,1433.4,22.5,False,False
T188F8436EB,2024-09,2024-09-20,460.8,467.3,6.5,False,False
TBF5EF4019A,2024-09,2024-09-24,818.3,828.5,10.2,False,False
TF8038E3438,2024-09,2024-09-22,683.9,694.9,11.0,False,False
T14A35B501D,2024-09,2024-09-20,984.0,1008.0,24.0,False,False
TACA1F6575E,2024-09,2024-09-22,63.4,78.5,15.1,False,False
T425CF74F89,2024-09,2024-09-25,966.4,968.2,1.8,False,False
T7E561E41DF,2024-09,2024-09-24,1520.4,1536.6,16.2,False,False
TAE21909B09,2024-09,2024-09-25,519.7,529.2,9.5,False,False
TA49FD77129,2024-09,2024-09-22,959.0,995.3,36.3,False,False
T83C53CBDE3,2024-09,2024-09-24,760.3,779.7,19.4,False,False
T8989E9F3E0,2024-09,2024-09-23,1032.4,1050.3,17.9,False,False
T0E868A3F47,2024-09,2024-09-20,1505.7,1521.0,15.3,False,False
TAA4A146A6F,2024-09,2024-09-24,890.3,902.2,11.9,False,False
T929701588B,2024-09,2024-09-21,584.8,591.0,6.2,False,False
TCBA87E8F93,2024-09,2024-09-23,1455.9,1469.1,13.2,False,False
T71B2CE98BC,2024-09,2024-09-20,1446.1,1474.3,28.2,False,False
T3104E606FB,2024-09,2024-09-21,1488.4,1505.2,16.8,False,False
TC9C584B8EF,2024-09,2024-09-22,537.5,568.8,31.3,False,True
T42EAACA5A6,2024-09,2024-09-21,414.4,424.7,10.3,False,False
T27CD292019,2024-09,2024-09-25,1366.9,1385.7,18.8,False,False
T2631941D4D,2024-09,2024-09-25,1501.5,1518.7,17.2,False,False
TD6D0D046B5,2024-09,2024-09-23,371.8,379.1,7.3,False,False
T930BCF26DA,2024-09,2024-09-24,1451.2,1464.1,12.9,False,False
T7A263D97A8,2024-09,2024-09-22,211.2,229.8,18.6,False,False
T84CC232045,2024-09,2024-09-23,1003.1,1011.1,8.0,False,False
T1F7089E5B3,2024-09,2024-09-21,1121.0,1142.7,21.7,False,False
T6DD01C39D7,2024-09,2024-09-24,1054.3,1082.4,28.1,False,False
TE3814F5946,2024-09,2024-09-20,1092.6,1100.3,7.7,False,False
T260F6D657D,2024-09,2024-09-20,1559.4,1573.9,14.5,False,False
TF9F158A927,2024-09,2024-09-23,698.3,715.2,16.9,False,False
T2A78E596A5,2024-09,2024-09-23,495.1,512.4,17.3,False,False
T48829C6681,2024-09,2024-09-21,655.5,678.8,23.3,False,False
T5446AB5D4F,2024-09,2024-09-24,1355.2,1362.4,7.2,False,False
T6FEE2A0A85,2024-09,2024-09-24,310.6,320.2,9.6,False,False
T37BA3005AD,2024-09,2024-09-24,1075.2,1092.0,16.8,False,False
T599538981A,2024-09,2024-09-22,1031.9,1064.0,32.1,False,False
TC1FE3D7E79,2024-09,2024-09-22,1069.4,1088.6,19.2,False,False
TAB633F4546,2024-09,2024-09-25,243.0,257.3,14.3,False,False
TEF123948C4,2024-09,2024-09-21,607.9,616.1,8.2,False,False
T50EA3E30B0,2024-09,2024-09-21,996.5,1042.3,45.8,False,True
T10E8B50E63,2024-09,2024-09-25,1191.2,1215.8,24.6,False,False
T75445AB825,2024-09,2024-09-23,1129.8,1140.6,10.8,False,False
T9AEC04CEE6,2024-09,2024-09-24,212.8,221.7,8.9,False,False
TE59C7E0558,2024-09,2024-09-24,400.0,408.0,8.0,False,False
T017F5CC857,2024-09,2024-09-21,1331.8,1348.5,16.7,False,False
T5740214D00,2024-09,2024-09-21,440.9,445.4,4.5,False,False
TA54FDBC969,2024-09,2024-09-22,672.0,707.7,35.7,False,False
T79348D1D8C,2024-09,2024-09-20,387.6,445.2,57.6,False,False
T0C38B9638D,2024-09,2024-09-25,845.1,872.6,27.5,False,False
TF8CD7DEDDA,2024-09,2024-09-23,698.3,710.1,11.8,False,False
TD4AA44C620,2024-09,2024-09-22,669.0,683.2,14.2,False,False
TBA22021045,2024-09,2024-09-24,452.2,508.7,56.5,False,False
TAE4991C39A,2024-09,2024-09-24,1448.3,1460.4,12.1,False,False
T926427EC22,2024-09,2024-09-22,628.4,642.5,14.1,False,False
T03F3726F54,2024-09,2024-09-22,952.0,963.0,11.0,False,False
T9C5C1B51E6,2024-09,2024-09-25,205.7,221.2,15.5,False,False
TAB67F85714,2024-09,2024-09-23,1545.2,1561.0,15.8,False,False
T021E4A2B45,2024-09,2024-09-21,539.4,555.3,15.9,False,False
T9C284C6EDE,2024-09,2024-09-24,1463.4,1463.4,0.0,True,False
TE5AE06739E,2024-09,2024-09-23,182.8,198.2,15.4,False,False
T01F422D988,2024-09,2024-09-22,1534.9,1542.7,7.8,False,False
T812E69DF24,2024-09,2024-09-23,679.9,728.8,48.9,False,False
T1753290875,2024-09,2024-09-24,1382.5,1399.5,17.0,False,False
T6453265506,2024-09,2024-09-25,1609.1,1730.8,121.7,False,False
T3DCE54CBCD,2024-09,2024-09-24,230.2,240.4,10.2,False,False
T25A59C1230,2024-09,2024-09-23,159.7,179.4,19.7,False,False
T7149DBE7E7,2024-09,2024-09-25,863.9,904.3,40.4,False,False
T17B01CE93D,2024-09,2024-09-23,1329.9,1344.3,14.4,False,False
T2A7B7C0706,2024-09,2024-09-21,1292.3,1306.2,13.9,False,False
TA2A12750E0,2024-09,2024-09-20,450.5,464.0,13.5,False,False
TCDF5CCF9D1,2024-09,2024-09-20,1553.8,1574.4,20.6,False,False
T136877D852,2024-09,2024-09-22,985.3,1002.9,17.6,False,False
TD93E7F3525,2024-09,2024-09-22,1193.2,1199.9,6.7,False,False
T9E698DAD97,2024-09,2024-09-23,289.0,304.0,15.0,False,False
TA7CD008CD2,2024-09,2024-09-24,1266.5,1288.3,21.8,False,False
TB5E2F0D295,2024-09,2024-09-24,853.8,863.4,9.6,False,False
T886651EB56,2024-09,2024-09-24,1546.4,1569.0,22.6,False,False
T726E26C014,2024-09,2024-09-20,468.3,475.3,7.0,False,False
T47801013F9,2024-09,2024-09-23,177.1,196.4,19.3,False,False
T7B44E5C01C,2024-09,2024-09-25,1098.1,1102.4,4.3,False,False
T06E1B5C91E,2024-09,2024-09-22,607.7,620.9,13.2,False,False
TBD7AFAA9AB,2024-09,2024-09-25,1128.3,1149.0,20.7,False,False
T3A8AE15DE9,2024-09,2024-09-23,996.6,1005.4,8.8,False,False
T90FCBE8560,2024-09,2024-09-25,1244.0,1255.5,11.5,False,False
T6B76BCDCC8,2024-09,2024-09-21,1431.5,1484.6,53.1,False,False
T6B61D786E8,2024-09,2024-09-20,1013.6,1022.1,8.5,False,False
TD8B8E83F9D,2024-09,2024-09-21,1284.0,1296.6,12.6,False,False
T353F39960E,2024-09,2024-09-22,408.9,415.7,6.8,False,False
TC44518846F,2024-09,2024-09-20,300.2,314.4,14.2,False,False
T3DBD424B8F,2024-09,2024-09-25,543.8,552.6,8.8,False,False
TB8E4E6CA4C,2024-09,2024-09-25,613.9,613.9,0.0,True,False
T54630B6404,2024-09,2024-09-22,244.9,256.2,11.3,False,False
T71623730B1,2024-09,2024-09-24,1031.5,1041.9,10.4,False,False
T7436A106AE,2024-09,2024-09-24,399.3,408.3,9.0,False,False
T6191B8FD69,2024-09,2024-09-24,1091.8,1099.7,7.9,False,False
TBA7727A83B,2024-09,2024-09-25,429.1,440.3,11.2,False,False
T66B24DDB8C,2024-09,2024-09-23,1554.5,1568.1,13.6,False,False
T0EAA0EDBAF,2024-09,2024-09-21,637.4,660.8,23.4,False,False
TDCBC842E3A,2024-09,2024-09-25,378.3,407.5,29.2,False,False
T305BACE840,2024-09,2024-09-22,686.1,701.1,15.0,False,False
TAD0E244201,2024-09,2024-09-22,1005.6,1027.9,22.3,False,False
T824A68B378,2024-09,2024-09-24,1237.2,1253.1,15.9,False,True
T9F72B39B89,2024-09,2024-09-21,621.3,629.4,8.1,False,False
T0380D1AD85,2024-09,2024-09-25,952.0,967.6,15.6,False,False
TD58AFBB420,2024-09,2024-09-21,1611.2,1658.2,47.0,False,False
TB1A6FA6009,2024-09,2024-09-20,316.3,327.9,11.6,False,False
TB95EB354D9,2024-09,2024-09-20,892.5,892.5,0.0,True,False
T6EBEC2B9E3,2024-09,2024-09-21,472.9,497.3,24.4,False,True
TCBAFB86C54,2024-09,2024-09-25,1504.9,1512.9,8.0,False,False
T2D884BEE59,2024-09,2024-09-23,1096.3,,,False,False
T81E3CAC404,2024-09,2024-09-22,1218.0,1224.7,6.7,False,False
TB13246DF04,2024-09,2024-09-23,1607.4,1671.7,64.3,False,False
T38FC29870C,2024-09,2024-09-23,870.8,878.6,7.8,False,False
T0B952300A6,2024-09,2024-09-25,1029.2,1044.3,15.1,False,False
T592EE5AE5A,2024-09,2024-09-23,432.3,432.3,0.0,True,False
T8AB7B992DC,2024-09,2024-09-23,1469.3,1480.1,10.8,False,False
TE13531501B,2024-09,2024-09-20,189.4,199.3,9.9,False,False
T603C6A7DDF,2024-09,2024-09-23,1451.7,1489.7,38.0,False,False
T9B1CF87E17,2024-09,2024-09-22,511.8,523.7,11.9,False,False
T7E47E27FFB,2024-09,2024-09-21,1005.8,1016.5,10.7,False,False
T2FE3E18EED,2024-09,2024-09-21,947.0,960.0,13.0,False,False
T518FD2CD05,2024-09,2024-09-22,652.1,667.1,15.0,False,False
TCA03B52F53,2024-09,2024-09-21,259.2,272.5,13.3,False,False
TC97F0C81C8,2024-09,2024-09-24,1038.6,1114.4,75.8,False,False
T5825BB17FC,2024-09,2024-09-22,322.7,353.6,30.9,False,False
TC5E185C6E8,2024-09,2024-09-25,110.3,120.3,10.0,False,False
TEAD9E81003,2024-09,2024-09-24,752.1,764.3,12.2,False,False
TE23D5A574A,2024-09,2024-09-21,809.6,819.5,9.9,False,False
T04048D53A3,2024-09,2024-09-22,632.1,637.0,4.9,False,False
TE1AA9E77A7,2024-09,2024-09-21,914.5,914.5,0.0,True,False
TC54C99BA73,2024-09,2024-09-21,535.4,567.8,32.4,False,False
T013C0F8B57,2024-09,2024-09-23,1274.6,1286.1,11.5,False,False
T3C23C0A42C,2024-09,2024-09-22,840.7,857.1,16.4,False,False
TEDB2598366,2024-09,2024-09-24,1100.4,1113.5,13.1,False,False
T03D524AC98,2024-09,2024-09-21,1351.5,1363.2,11.7,False,False
T9B658694D7,2024-09,2024-09-24,513.0,532.5,19.5,False,False
T827DB403EF,2024-09,2024-09-24,995.0,997.0,2.0,False,False
TD5960FA89C,2024-09,2024-09-20,974.0,986.9,12.9,False,False
TEB9CD6778B,2024-09,2024-09-24,1350.6,1368.3,17.7,False,False
TCFB896C903,2024-09,2024-09-21,585.4,594.4,9.0,False,False
T4EBE5132B6,2024-09,2024-09-20,695.4,711.0,15.6,False,False
TD6D7800440,2024-09,2024-09-23,1323.7,1333.2,9.5,False,False
TB1AE49FA20,2024-09,2024-09-25,467.9,476.1,8.2,False,False
TF4940B0970,2024-09,2024-09-23,1026.9,1038.1,11.2,False,False
T6492EC951E,2024-09,2024-09-22,337.6,388.9,51.3,False,False
T5B2FD74A85,2024-09,2024-09-23,1227.6,1246.1,18.5,False,False
TCF1A6CDF80,2024-09,2024-09-22,285.5,300.8,15.3,False,False
TBA965CD37E,2024-09,2024-09-23,200.5,200.5,0.0,True,False
T8917AF33E8,2024-09,2024-09-22,453.1,505.2,52.1,False,False
T4F696F6C0E,2024-09,2024-09-22,206.6,220.3,13.7,False,False
TFB9BD0FCA4,2024-09,2024-09-25,1407.0,1443.5,36.5,False,False
T6372E1147F,2024-09,2024-09-23,926.2,939.6,13.4,False,False
T8B4FC280C2,2024-09,2024-09-21,363.9,376.7,12.8,False,False
T0AF0DD2FE5,2024-09,2024-09-20,899.8,909.3,9.5,False,False
T9BABD62590,2024-09,2024-09-20,874.2,925.8,51.6,False,False
TBBD0028CDB,2024-09,2024-09-24,782.4,797.4,15.0,False,False
T30E453AB34,2024-09,2024-09-23,840.4,854.6,14.2,False,False
T7DC59256DC,2024-09,2024-09-22,396.5,420.0,23.5,False,False
TCC371206BC,2024-09,2024-09-25,371.3,380.3,9.0,False,False
TDEF092A4C5,2024-09,2024-09-25,1321.1,1334.3,13.2,False,False
TE13FCEC631,2024-09,2024-09-20,943.6,955.0,11.4,False,False
T7C3F6A8162,2024-09,2024-09-23,1246.8,1266.8,20.0,False,False
T0F4A3A74ED,2024-09,2024-09-20,647.1,661.1,14.0,False,False
T5BEF82BC17,2024-09,2024-09-22,1187.8,1200.0,12.2,False,False
T07AC5856A4,2024-09,2024-09-24,513.5,526.7,13.2,False,False
T0185184B59,2024-09,2024-09-23,1045.0,1057.5,12.5,False,False
T79F8E1FAE8,2024-09,2024-09-20,98.8,114.4,15.6,False,False
T4D40D256FE,2024-09,2024-09-25,828.8,843.2,14.4,False,False
TE74495FCDD,2024-09,2024-09-22,1415.2,1426.7,11.5,False,False
TAD9ED625D1,2024-09,2024-09-21,1255.7,1270.8,15.1,False,False
TE7328B9E12,2024-09,2024-09-20,561.8,567.6,5.8,False,False
T5FC1C50126,2024-09,2024-09-24,924.3,956.2,31.9,False,False
T203C71CAC2,2024-09,2024-09-23,1434.1,1451.7,17.6,False,False
T1D1F227112,2024-09,2024-09-21,542.9,559.0,16.1,False,False
TF62BDC6E96,2024-09,2024-09-20,1433.7,1449.7,16.0,False,False
T5D35014BC6,2024-09,2024-09-20,1525.9,1531.8,5.9,False,False
T9C80DA594D,2024-09,2024-09-23,604.7,604.7,0.0,True,False
T575100FEE6,2024-09,2024-09-23,147.7,187.6,39.9,False,False
TFF833858D4,2024-09,2024-09-23,1514.8,1522.6,7.8,False,False
T44C452513D,2024-09,2024-09-20,630.7,645.8,15.1,False,False
TC11C4F89B7,2024-09,2024-09-22,215.3,235.1,19.8,False,False
T519E11C12F,2024-09,2024-09-22,146.2,154.2,8.0,False,False
T1D1C3809AD,2024-09,2024-09-22,756.6,756.6,0.0,True,False
T2F89E8ED6F,2024-09,2024-09-21,1254.1,1254.1,0.0,True,False
TED624C9B29,2024-09,2024-09-21,1235.3,1250.2,14.9,False,False
T80599540B9,2024-09,2024-09-25,155.2,178.1,22.9,False,False
T99F86EAA03,2024-09,2024-09-25,705.7,727.0,21.3,False,False
T48E474E620,2024-09,2024-09-25,1185.7,1205.5,19.8,False,False
T62F138B69F,2024-09,2024-09-23,1208.3,1225.7,17.4,False,False
T0ABCC73F5F,2024-09,2024-09-25,1229.4,1238.1,8.7,False,False
T451A03E5F4,2024-09,2024-09-21,586.1,620.9,34.8,False,False
T28A5C3A212,2024-09,2024-09-21,818.2,826.7,8.5,False,False
T9BF23AC92B,2024-09,2024-09-21,919.6,932.0,12.4,False,False
T8D847ABAD5,2024-09,2024-09-21,805.1,814.5,9.4,False,False
T79AD100612,2024-09,2024-09-20,1063.3,1082.5,19.2,False,False
T595C48877B,2024-09,2024-09-22,948.0,962.4,14.4,False,False
T7E1F631507,2024-09,2024-09-25,89.7,102.0,12.3,False,False
T7CEE29F570,2024-09,2024-09-21,363.0,372.9,9.9,False,False
TB28F8F08F4,2024-09,2024-09-20,730.9,741.3,10.4,False,False
T741A1119FA,2024-09,2024-09-25,337.2,358.4,21.2,False,False
T26862D1A4A,2024-09,2024-09-21,1586.4,1611.7,25.3,False,False
TCB96D14BFD,2024-09,2024-09-21,588.5,598.1,9.6,False,False
TF07D19AE17,2024-09,2024-09-21,197.7,222.8,25.1,False,False
T7AE1E63696,2024-09,2024-09-21,1366.1,1377.9,11.8,False,False
TEA687BEEC8,2024-09,2024-09-25,360.8,376.7,15.9,False,False
T5C97BD73CE,2024-09,2024-09-23,1435.2,1450.8,15.6,False,False
T64DF103F27,2024-09,2024-09-25,299.2,306.4,7.2,False,False
T962D5133B5,2024-09,2024-09-20,1145.8,1164.1,18.3,False,False
TFAE2AFD636,2024-09,2024-09-23,1351.3,1358.1,6.8,False,False
T8237A9AE83,2024-09,2024-09-20,369.9,390.4,20.5,False,False
T124789ED12,2024-09,2024-09-20,819.2,825.8,6.6,False,False
T77D8F1F07B,2024-09,2024-09-21,802.7,802.7,0.0,True,False
T88E01EE6A9,2024-09,2024-09-21,561.1,579.2,18.1,False,False
TCCA2F0E6D1,2024-09,2024-09-20,416.5,429.2,12.7,False,False
TE7C4074532,2024-09,2024-09-22,258.6,258.6,0.0,True,False
TE08ACE6D71,2024-09,2024-09-21,1399.9,1417.8,17.9,False,False
TF5AB4BC37D,2024-09,2024-09-23,438.4,454.2,15.8,False,False
T31A37C291B,2024-09,2024-09-24,98.5,106.7,8.2,False,False
T85072A41C6,2024-09,2024-09-25,1251.2,1259.9,8.7,False,False
T3DB8E8C91B,2024-09,2024-09-20,958.3,969.6,11.3,False,False
T1F21C0A526,2024-09,2024-09-21,245.1,265.7,20.6,False,False
TC653350390,2024-09,2024-09-25,1360.8,1368.4,7.6,False,False
TF357DF2C85,2024-09,2024-09-24,546.6,561.2,14.6,False,False
TC2B54F643A,2024-09,2024-09-22,317.4,327.6,10.2,False,False
T62A907AFA1,2024-09,2024-09-22,586.8,586.8,0.0,True,False
T9B926E1A60,2024-09,2024-09-25,791.4,800.4,9.0,False,False
T95A557D58C,2024-09,2024-09-21,1091.8,1268.7,176.9,False,False
T4FD73F8DF8,2024-09,2024-09-24,191.9,199.5,7.6,False,False
TAA9E781779,2024-09,2024-09-24,1058.6,1071.6,13.0,False,False
T5AB667FA59,2024-09,2024-09-23,1099.8,1119.0,19.2,False,False
T2FB8838715,2024-09,2024-09-23,1445.5,1463.3,17.8,False,False
TDC0B728E72,2024-09,2024-09-25,842.2,903.8,61.6,False,False
T500E1E73A5,2024-09,2024-09-24,799.9,811.8,11.9,False,False
T518D652731,2024-09,2024-09-21,537.7,555.7,18.0,False,False
T5F78380FF1,2024-09,2024-09-21,825.2,825.2,0.0,True,False
T2269F4C04A,2024-09,2024-09-20,935.3,974.5,39.2,False,False
T75D0C6EEF9,2024-09,2024-09-22,1268.8,1364.6,95.8,False,False
T08C84C6180,2024-09,2024-09-24,264.4,278.7,14.3,False,False
TBE3328794F,2024-09,2024-09-20,1003.3,1011.0,7.7,False,False
T7BF732B1D4,2024-09,2024-09-25,1088.5,1097.6,9.1,False,False
T680C591820,2024-09,2024-09-25,1103.1,1109.8,6.7,False,False
T87B30A11CA,2024-09,2024-09-25,1461.5,1474.4,12.9,False,False
T2C69DDD554,2024-09,2024-09-20,818.3,861.4,43.1,False,False
TB5DCDB3D2B,2024-09,2024-09-23,1331.4,1338.7,7.3,False,False
TF1BF705581,2024-09,2024-09-25,671.0,689.8,18.8,False,False
T7861C2062B,2024-09,2024-09-21,1642.3,1642.3,0.0,True,False
T3E7A117328,2024-09,2024-09-23,345.4,362.3,16.9,False,False
T626DE7D352,2024-09,2024-09-25,1075.5,1120.9,45.4,False,False
T30CED3EF6B,2024-09,2024-09-23,914.5,936.3,21.8,False,False
T6F621D315F,2024-09,2024-09-20,215.5,236.4,20.9,False,False
T5AEAFABEEB,2024-09,2024-09-23,975.1,985.9,10.8,False,False
T6E1A658692,2024-09,2024-09-23,548.2,564.1,15.9,False,False
TDFD739AFF7,2024-09,2024-09-23,1348.9,1362.8,13.9,False,False
T0E7497BE87,2024-09,2024-09-23,264.3,271.3,7.0,False,False
T63245D9338,2024-09,2024-09-25,280.5,297.4,16.9,False,False
T2FC1A9FEB9,2024-09,2024-09-25,328.7,347.1,18.4,False,False
TE5572E3B77,2024-09,2024-09-22,1471.8,1471.8,0.0,True,False
T93AE74FC8C,2024-09,2024-09-21,849.2,864.9,15.7,False,False
TCE4F3C1854,2024-09,2024-09-24,1638.5,1663.5,25.0,False,False
T623FDA0FEC,2024-09,2024-09-21,482.1,520.1,38.0,False,True
T6FCD9FC327,2024-09,2024-09-24,417.9,426.0,8.1,False,False
T26D49D2B10,2024-09,2024-09-25,907.4,929.4,22.0,False,False
T6B0F45148F,2024-09,2024-09-25,750.6,833.5,82.9,False,False
T5DA6DABC22,2024-09,2024-09-25,565.0,578.7,13.7,False,False
T4C0FAA9237,2024-09,2024-09-24,853.3,867.9,14.6,False,False
T629B85F6AE,2024-09,2024-09-25,1365.4,1382.5,17.1,False,False
TE6221DA147,2024-09,2024-09-23,784.9,793.8,8.9,False,False
T7092CB932F,2024-09,2024-09-23,1271.7,1295.8,24.1,False,False
T38F3AD60D6,2024-09,2024-09-20,357.6,376.4,18.8,False,False
T051D6304AA,2024-09,2024-09-20,1015.4,1023.7,8.3,False,False
T1677509027,2024-09,2024-09-20,423.1,436.0,12.9,False,False
TCE43CAAFDD,2024-09,2024-09-24,982.5,994.8,12.3,False,False
TD6051C60DD,2024-09,2024-09-23,1179.5,1209.2,29.7,False,False
TD81C7B0AC7,2024-09,2024-09-24,1453.9,1468.9,15.0,False,False
TEB9B6A4FBC,2024-09,2024-09-22,819.9,828.5,8.6,False,False
T8E67D26322,2024-09,2024-09-24,1532.0,1545.9,13.9,False,False
T0E8259349E,2024-09,2024-09-25,199.5,217.0,17.5,False,False
TEC586A8374,2024-09,2024-09-22,976.1,987.6,11.5,False,False
T1E40F3A239,2024-09,2024-09-25,1021.5,1031.9,10.4,False,False
T716C530DED,2024-09,2024-09-24,505.1,526.0,20.9,False,False
T7562476AEF,2024-09,2024-09-25,1503.4,1525.5,22.1,False,False
TB460453C4D,2024-09,2024-09-23,231.0,248.6,17.6,False,False
T4A69C0BA6F,2024-09,2024-09-20,446.3,467.1,20.8,False,False
TB3006B8F03,2024-09,2024-09-25,707.9,718.0,10.1,False,False
TED3E393477,2024-09,2024-09-22,1485.3,1504.1,18.8,False,False
TA014F1FF15,2024-09,2024-09-22,1076.9,1090.5,13.6,False,False
T08D24C843D,2024-09,2024-09-21,269.6,289.0,19.4,False,False
T328C38D103,2024-09,2024-09-20,1547.9,1567.2,19.3,False,False
T5D52776F44,2024-09,2024-09-22,420.8,433.3,12.5,False,False
T350C7F0CAD,2024-09,2024-09-21,491.0,504.1,13.1,False,False
TE4BF83F9A5,2024-09,2024-09-22,1310.5,1334.7,24.2,False,False
T363192FB18,2024-09,2024-09-20,967.8,990.2,22.4,False,False
TE7D390D6E1,2024-09,2024-09-20,895.4,909.3,13.9,False,False
TEAED0D702E,2024-09,2024-09-22,932.3,942.9,10.6,False,False
T76D2631BBE,2024-09,2024-09-22,1197.4,1215.6,18.2,False,False
T41D9DAD65E,2024-09,2024-09-20,594.2,607.2,13.0,False,False
T4FB688BCF2,2024-09,2024-09-25,1078.7,1093.0,14.3,False,False
T49C247A691,2024-09,2024-09-23,522.3,540.7,18.4,False,False
TAD97E4B580,2024-09,2024-09-23,125.3,140.7,15.4,False,False
TA6D3C701E5,2024-09,2024-09-20,301.7,301.7,0.0,True,False
T1629374829,2024-09,2024-09-25,615.7,645.1,29.4,False,False
TE380DFCDD5,2024-09,2024-09-25,1098.0,1098.0,0.0,True,False
TC71E645A97,2024-09,2024-09-24,775.5,792.8,17.3,False,False
T3B2D063348,2024-09,2024-09-22,355.5,355.5,0.0,True,False
T6B0703F297,2024-09,2024-09-25,980.1,993.0,12.9,False,False
T2442BBD224,2024-09,2024-09-22,677.4,688.8,11.4,False,False
T94AEE9D59A,2024-09,2024-09-25,983.7,994.0,10.3,False,False
TC36C8FB548,2024-09,2024-09-20,1368.4,1377.2,8.8,False,False
TEA6C60108F,2024-09,2024-09-22,1341.4,1400.5,59.1,False,False
T5D0DA4A5A3,2024-09,2024-09-23,900.1,917.8,17.7,False,False
TCE2F3968A5,2024-09,2024-09-21,870.8,885.9,15.1,False,False
T3290CE40ED,2024-09,2024-09-20,1368.2,78.20684438108827,19.6,False,False
TFF800A383C,2024-09,2024-09-22,1074.5,1089.3,14.8,False,False
T43D369AD4F,2024-09,2024-09-21,718.9,730.6,11.7,False,False
T2558B25F4A,2024-09,2024-09-22,105.7,117.2,11.5,False,False
TF2D53B5266,2024-09,2024-09-22,1368.1,1379.3,11.2,False,False
T46E626FB09,2024-09,2024-09-22,171.0,190.7,19.7,False,False
T7E0A59EC74,2024-09,2024-09-22,363.7,371.9,8.2,False,False
TDB77C6E5BA,2024-09,2024-09-23,544.7,557.2,12.5,False,False
TB2420A8657,2024-09,2024-09-23,1111.5,1111.5,0.0,True,False
TB1246EBDB6,2024-09,2024-09-24,629.2,634.5,5.3,False,False
T8C8BD1D187,2024-09,2024-09-23,1010.2,1043.0,32.8,False,True
T9A87FD75BB,2024-09,2024-09-24,487.1,500.9,13.8,False,False
T7220DB253B,2024-09,2024-09-25,635.3,,,True,False
T024582A041,2024-09,2024-09-24,1346.6,1370.3,23.7,False,False
TA3D7EB0EB6,2024-09,2024-09-23,1394.0,1396.2,2.2,False,False
T980F08905D,2024-09,2024-09-23,1321.3,1329.9,8.6,False,False
T0070991C4A,2024-09,2024-09-20,368.0,379.6,11.6,False,False
TE62F9D24A2,2024-09,2024-09-24,727.7,743.3,15.6,False,False
T660F58D22C,2024-09,2024-09-21,1197.6,1210.1,12.5,False,False
TC9C59FD3C0,2024-09,2024-09-21,1348.9,1362.0,13.1,False,False
TC85BCF4679,2024-09,2024-09-22,625.6,644.9,19.3,False,False
T711A4FB3DC,2024-09,2024-09-22,1251.2,1257.8,6.6,False,False
TDA01857472,2024-09,2024-09-20,652.0,657.9,5.9,False,False
T593C7D2F36,2024-09,2024-09-23,891.0,901.0,10.0,False,False
TAD1B3ECAF6,2024-09,2024-09-23,706.1,706.1,0.0,True,False
T62DB418771,2024-10,2024-10-21,1119.9,1139.6,19.7,False,False
T516D296A99,2024-10,2024-10-23,752.9,763.1,10.2,False,False
TF6199DECCB,2024-10,2024-10-22,1157.9,1191.8,33.9,False,False
TBFDD3649BD,2024-10,2024-10-25,1337.5,1349.8,12.3,False,False
T1A8F7C05C9,2024-10,2024-10-20,1250.6,1258.1,7.5,False,False
T6B4FC6C7C6,2024-10,2024-10-21,711.4,735.8,24.4,False,False
T6EE7490E19,2024-10,2024-10-20,1439.1,1453.2,14.1,False,False
T771EC6B537,2024-10,2024-10-24,909.4,913.3,3.9,False,False
TA87CD37475,2024-10,2024-10-24,394.6,422.9,28.3,False,False
T00048F12E2,2024-10,2024-10-23,158.6,168.5,9.9,False,False
TDE3B85E449,2024-10,2024-10-24,1041.0,1041.0,0.0,True,False
TDFD5EF1E2B,2024-10,2024-10-22,627.9,643.4,15.5,False,False
T6BE1C12D07,2024-10,2024-10-22,1810.6,1810.6,0.0,True,False
TE17C7596F7,2024-10,2024-10-23,238.0,251.5,13.5,False,False
TF0590D064A,2024-10,2024-10-22,506.8,515.3,8.5,False,False
T0201C8273D,2024-10,2024-10-22,417.9,427.0,9.1,False,False
T416D725964,2024-10,2024-10-20,1177.0,1193.2,16.2,False,False
T592985E849,2024-10,2024-10-23,335.4,348.9,13.5,False,False
T8CFD079CB6,2024-10,2024-10-25,1559.5,1570.7,11.2,False,False
TD10A6EDCA0,2024-10,2024-10-20,885.0,885.0,0.0,True,False
T0CE7987E4B,2024-10,2024-10-24,691.1,763.2,72.1,False,False
T0F12629295,2024-10,2024-10-23,389.6,392.9,3.3,False,False
T7833B36159,2024-10,2024-10-25,646.4,662.0,15.6,False,False
T997FF51E88,2024-10,2024-10-23,822.4,832.0,9.6,False,False
TB0AFAFC426,2024-10,2024-10-20,1796.0,1836.2,40.2,False,False
T4B2228F178,2024-10,2024-10-24,590.7,606.4,15.7,False,False
T5D1D63651A,2024-10,2024-10-24,363.4,378.8,15.4,False,False
T005A9CE174,2024-10,2024-10-21,1290.3,1290.3,0.0,True,False
T0E572DDC2C,2024-10,2024-10-22,1035.5,1044.8,9.3,False,False
T6B4C3EB33E,2024-10,2024-10-22,1331.7,1336.3,4.6,False,False
T98621FD0F2,2024-10,2024-10-24,1353.5,1353.5,0.0,True,False
TCED7759D69,2024-10,2024-10-25,1274.8,1296.3,21.5,False,False
T148BA00559,2024-10,2024-10-24,1198.2,1222.2,24.0,False,False
T8EF8382AF5,2024-10,2024-10-25,1518.4,1527.3,8.9,False,False
T294140BCEC,2024-10,2024-10-25,333.2,358.5,25.3,False,False
T2B4ECE5F7A,2024-10,2024-10-23,369.2,384.1,14.9,False,False
TFCDB644B38,2024-10,2024-10-23,322.1,335.1,13.0,False,False
TF46C85CB55,2024-10,2024-10-25,653.1,662.2,9.1,False,False
T635E7348B0,2024-10,2024-10-25,354.3,377.5,23.2,False,False
TD950C1321E,2024-10,2024-10-22,347.4,360.9,13.5,False,False
T79F7CA1313,2024-10,2024-10-22,255.3,261.4,6.1,False,False
T1890D0D69D,2024-10,2024-10-21,821.4,835.3,13.9,False,False
T92ED6C6BBC,2024-10,2024-10-21,451.6,458.7,7.1,False,False
T1A234D637E,2024-10,2024-10-23,1180.2,1192.2,12.0,False,False
T0FA07C2AE6,2024-10,2024-10-21,364.0,371.7,7.7,False,False
T85D9327E38,2024-10,2024-10-21,1343.7,1356.7,13.0,False,False
T9B2220E701,2024-10,2024-10-25,1026.0,,,False,False
T75AE25B236,2024-10,2024-10-22,878.5,891.4,12.9,False,False
T85C4B9E9BD,2024-10,2024-10-21,1176.0,1182.1,6.1,False,False
TAAC46C752C,2024-10,2024-10-22,1515.2,1520.2,5.0,False,False
TB5ABA37301,2024-10,2024-10-25,868.8,889.8,21.0,False,False
TDB1931905E,2024-10,2024-10-21,989.3,997.2,7.9,False,False
T8A79BCF725,2024-10,2024-10-23,1291.9,1297.1,5.2,False,False
T1383BC162C,2024-10,2024-10-25,1561.6,1575.0,13.4,False,False
TE3F34F661C,2024-10,2024-10-21,1123.6,1123.6,0.0,True,False
T945DF5CC73,2024-10,2024-10-21,1064.1,1072.1,8.0,False,False
T89289351AD,2024-10,2024-10-20,1158.2,1170.3,12.1,False,False
T3C6A8E589D,2024-10,2024-10-25,269.4,297.5,28.1,False,False
T9EDB41553F,2024-10,2024-10-20,222.2,232.4,10.2,False,False
T39FECD2D40,2024-10,2024-10-22,761.2,781.3,20.1,False,False
T393F331539,2024-10,2024-10-21,398.6,408.5,9.9,False,False
T44E572D176,2024-10,2024-10-22,389.2,403.0,13.8,False,False
T6A0C9518A5,2024-10,2024-10-25,1240.4,1248.8,8.4,False,False
T6F6C091F32,2024-10,2024-10-22,1365.6,1379.0,13.4,False,False
T0A7DFC3903,2024-10,2024-10-20,1417.4,1436.6,19.2,False,False
T4CA807AAAE,2024-10,2024-10-25,384.0,418.8,34.8,False,False
T292B036CC6,2024-10,2024-10-24,894.3,909.3,15.0,False,False
TF252236170,2024-10,2024-10-24,129.9,146.0,16.1,False,False
T47A88C447A,2024-10,2024-10-23,695.5,701.6,6.1,False,False
T29274E7656,2024-10,2024-10-21,323.9,338.0,14.1,False,False
TF94B3B4CEA,2024-10,2024-10-21,571.0,593.6,22.6,False,False
TD79C86593F,2024-10,2024-10-22,1005.9,1023.0,17.1,False,False
T042B2178D1,2024-10,2024-10-25,177.8,198.5,20.7,False,False
TE9E2B18053,2024-10,2024-10-22,619.3,679.5,60.2,False,False
T80D9A080BE,2024-10,2024-10-21,1780.0,1821.8,41.8,False,False
T580C1D0E5A,2024-10,2024-10-24,753.4,801.0,47.6,False,False
T262047037E,2024-10,2024-10-22,539.3,552.2,12.9,False,False
T997FBB56CB,2024-10,2024-10-23,1456.4,1470.2,13.8,False,False
T488907BADA,2024-10,2024-10-23,436.1,463.4,27.3,False,False
T959B664297,2024-10,2024-10-25,107.2,119.3,12.1,False,False
TCE4FA87780,2024-10,2024-10-22,1275.1,1288.6,13.5,False,False
T6A6F416B64,2024-10,2024-10-25,1026.2,1041.9,15.7,False,False
T5C22EC11B8,2024-10,2024-10-25,769.4,834.7,65.3,False,False
T132EB7CE2B,2024-10,2024-10-23,1136.5,1147.7,11.2,False,False
T011F73020E,2024-10,2024-10-22,1156.9,1172.8,15.9,False,False
T0197678D11,2024-10,2024-10-21,795.8,830.1,34.3,False,False
TBA58CFEBC6,2024-10,2024-10-24,1524.8,1543.7,18.9,False,False
T78A401EEAD,2024-10,2024-10-24,284.9,298.4,13.5,False,False
TE33F90B286,2024-10,2024-10-22,346.0,356.8,10.8,False,False
T761C9E26E6,2024-10,2024-10-20,289.2,301.4,12.2,False,False
T65187CE62C,2024-10,2024-10-20,702.0,725.8,23.8,False,False
T6DD4962896,2024-10,2024-10-20,269.8,284.9,15.1,False,False
T57E5EAB9B8,2024-10,2024-10-20,1058.8,1068.5,9.7,False,False
T0D1C506545,2024-10,2024-10-21,827.2,838.1,10.9,False,False
T16385BC409,2024-10,2024-10-22,263.9,273.3,9.4,False,False
T703E749B16,2024-10,2024-10-25,729.4,739.8,10.4,False,False
TE03815B898,2024-10,2024-10-25,1489.2,1506.2,17.0,False,False
T5EDC8CD764,2024-10,2024-10-23,1094.9,1104.9,10.0,False,False
T8A0E42EA46,2024-10,2024-10-22,1208.1,1219.3,11.2,False,False
T58E4665FE8,2024-10,2024-10-24,335.9,362.2,26.3,False,False
T45A3829C6C,2024-10,2024-10-25,255.6,266.6,11.0,False,False
T0F2B41D96D,2024-10,2024-10-24,240.2,277.0,36.8,False,False
T45E4DAC832,2024-10,2024-10-23,805.0,821.4,16.4,False,False
TB308B5DC7A,2024-10,2024-10-20,1149.5,1161.4,11.9,False,False
T5A52BDFD5B,2024-10,2024-10-24,1184.9,1192.3,7.4,False,False
T3B6195226D,2024-10,2024-10-23,525.1,543.4,18.3,False,False
TEF3ACC364D,2024-10,2024-10-22,138.5,147.1,8.6,False,False
T0E3944E1C7,2024-10,2024-10-22,1432.0,1444.3,12.3,False,False
TC5E02C2AE1,2024-10,2024-10-25,867.2,876.2,9.0,False,False
T9C181CA6B2,2024-10,2024-10-25,642.3,678.3,36.0,False,True
T46D0D9FE06,2024-10,2024-10-25,961.3,972.4,11.1,False,False
T3763EE0258,2024-10,2024-10-24,309.6,316.8,7.2,False,False
TB6793708AF,2024-10,2024-10-24,784.7,793.8,9.1,False,False
T02BF3919B7,2024-10,2024-10-24,1214.8,1225.5,10.7,False,False
T61903D0C08,2024-10,2024-10-20,424.1,432.3,8.2,False,False
T1540962193,2024-10,2024-10-23,686.6,794.3,107.7,False,False
TE8DF4BFC62,2024-10,2024-10-21,1559.3,1591.6,32.3,False,False
T97A5E4F98E,2024-10,2024-10-24,1203.0,1217.0,14.0,False,False
TB2B631F6DE,2024-10,2024-10-25,117.7,130.7,13.0,False,False
TFD4476DD46,2024-10,2024-10-21,657.2,679.1,21.9,False,False
T63AE43B763,2024-10,2024-10-21,908.4,935.1,26.7,False,False
TF7E0F3ADFA,2024-10,2024-10-20,582.1,584.6,2.5,False,False
T9F3D4A99A8,2024-10,2024-10-25,984.2,989.2,5.0,False,False
T3AF0CA5142,2024-10,2024-10-24,1033.9,1069.3,35.4,False,False
T525C93E294,2024-10,2024-10-22,287.1,294.6,7.5,False,False
TA60FF3309B,2024-10,2024-10-23,1177.5,1188.0,10.5,False,False
T6230F0F81A,2024-10,2024-10-20,200.2,210.9,10.7,False,False
T486DC7662A,2024-10,2024-10-22,1974.6,2187.4,212.8,False,False
T0DD0FDF0BD,2024-10,2024-10-24,638.4,657.9,19.5,False,False
T81EEF6FCD3,2024-10,2024-10-22,808.6,808.6,0.0,True,False
T6269371CAA,2024-10,2024-10-22,1365.5,1373.1,7.6,False,False
TF7BDB30AC3,2024-10,2024-10-22,557.4,591.0,33.6,False,False
TC1EBE75CAC,2024-10,2024-10-25,977.1,995.9,18.8,False,False
T0A0805FB46,2024-10,2024-10-25,1596.3,1614.9,18.6,False,False
T7C1EBC3C4C,2024-10,2024-10-25,382.9,44.60704162880173,31.1,False,True
TFB5558315C,2024-10,2024-10-21,193.4,210.7,17.3,False,False
T4D34DCD6FE,2024-10,2024-10-21,695.6,714.3,18.7,False,False
T8F2163E1AC,2024-10,2024-10-21,1442.2,1465.6,23.4,False,False
T6D36EEA27E,2024-10,2024-10-25,203.4,214.5,11.1,False,False
TD718599337,2024-10,2024-10-21,968.4,968.4,0.0,True,False
TACFC1D584E,2024-10,2024-10-23,1097.8,1110.4,12.6,False,False
TE1CE4D9E5A,2024-10,2024-10-25,305.6,322.9,17.3,False,False
TEEB9050E6F,2024-10,2024-10-24,688.4,707.0,18.6,False,False
T266175A7E1,2024-10,2024-10-20,1433.4,1433.4,0.0,True,False
T188F8436EB,2024-10,2024-10-23,467.3,476.6,9.3,False,False
TBF5EF4019A,2024-10,2024-10-23,828.5,837.7,9.2,False,False
TF8038E3438,2024-10,2024-10-25,694.9,694.9,0.0,True,False
T14A35B501D,2024-10,2024-10-22,1008.0,1037.5,29.5,False,False
TACA1F6575E,2024-10,2024-10-24,78.5,89.1,10.6,False,False
T425CF74F89,2024-10,2024-10-24,968.2,969.7,1.5,False,False
T7E561E41DF,2024-10,2024-10-24,1536.6,1550.5,13.9,False,False
TAE21909B09,2024-10,2024-10-20,529.2,538.8,9.6,False,False
TA49FD77129,2024-10,2024-10-25,995.3,1031.5,36.2,False,False
T83C53CBDE3,2024-10,2024-10-24,779.7,801.5,21.8,False,False
T8989E9F3E0,2024-10,2024-10-23,1050.3,1070.1,19.8,False,False
T0E868A3F47,2024-10,2024-10-22,1521.0,1545.6,24.6,False,False
TAA4A146A6F,2024-10,2024-10-20,902.2,914.3,12.1,False,False
T929701588B,2024-10,2024-10-22,591.0,596.4,5.4,False,False
TCBA87E8F93,2024-10,2024-10-21,1469.1,1484.3,15.2,False,False
T71B2CE98BC,2024-10,2024-10-22,1474.3,1498.4,24.1,False,False
T3104E606FB,2024-10,2024-10-24,1505.2,1514.9,9.7,False,False
TC9C584B8EF,2024-10,2024-10-24,568.8,578.0,9.2,False,False
T42EAACA5A6,2024-10,2024-10-21,424.7,437.9,13.2,False,False
T27CD292019,2024-10,2024-10-22,1385.7,1404.4,18.7,False,False
T2631941D4D,2024-10,2024-10-20,1518.7,1542.2,23.5,False,False
TD6D0D046B5,2024-10,2024-10-22,379.1,386.3,7.2,False,False
T930BCF26DA,2024-10,2024-10-21,1464.1,1480.3,16.2,False,False
T7A263D97A8,2024-10,2024-10-25,229.8,248.4,18.6,False,False
T84CC232045,2024-10,2024-10-20,1011.1,1021.4,10.3,False,False
T1F7089E5B3,2024-10,2024-10-22,1142.7,1167.1,24.4,False,False
T6DD01C39D7,2024-10,2024-10-22,1082.4,1116.7,34.3,False,False
TE3814F5946,2024-10,2024-10-21,1100.3,1108.6,8.3,False,False
T260F6D657D,2024-10,2024-10-25,1573.9,1584.4,10.5,False,False
TF9F158A927,2024-10,2024-10-24,715.2,729.4,14.2,False,False
T2A78E596A5,2024-10,2024-10-21,512.4,528.5,16.1,False,False
T48829C6681,2024-10,2024-10-21,678.8,693.6,14.8,False,False
T5446AB5D4F,2024-10,2024-10-20,1362.4,1373.4,11.0,False,False
T6FEE2A0A85,2024-10,2024-10-24,320.2,328.5,8.3,False,False
T37BA3005AD,2024-10,2024-10-24,1092.0,1115.1,23.1,False,False
T599538981A,2024-10,2024-10-22,1064.0,1107.9,43.9,False,False
TC1FE3D7E79,2024-10,2024-10-21,1088.6,1104.1,15.5,False,False
TAB633F4546,2024-10,2024-10-21,257.3,274.8,17.5,False,False
TEF123948C4,2024-10,2024-10-25,616.1,624.8,8.7,False,False
T50EA3E30B0,2024-10,2024-10-20,1042.3,1086.3,44.0,False,True
T10E8B50E63,2024-10,2024-10-24,1215.8,1246.8,31.0,False,False
T75445AB825,2024-10,2024-10-21,1140.6,1149.6,9.0,False,False
T9AEC04CEE6,2024-10,2024-10-23,221.7,231.9,10.2,False,False
TE59C7E0558,2024-10,2024-10-21,408.0,415.9,7.9,False,False
T017F5CC857,2024-10,2024-10-22,1348.5,1365.8,17.3,False,False
T5740214D00,2024-10,2024-10-25,445.4,452.4,7.0,False,False
TA54FDBC969,2024-10,2024-10-24,707.7,747.7,40.0,False,False
T79348D1D8C,2024-10,2024-10-23,445.2,489.7,44.5,False,False
T0C38B9638D,2024-10,2024-10-22,872.6,894.0,21.4,False,False
TF8CD7DEDDA,2024-10,2024-10-25,710.1,728.4,18.3,False,False
TD4AA44C620,2024-10,2024-10-24,683.2,683.2,0.0,True,False
TBA22021045,2024-10,2024-10-24,508.7,555.1,46.4,False,False
TAE4991C39A,2024-10,2024-10-20,1460.4,1475.3,14.9,False,False
T926427EC22,2024-10,2024-10-21,642.5,653.5,11.0,False,False
T03F3726F54,2024-10,2024-10-22,963.0,963.0,0.0,True,False
T9C5C1B51E6,2024-10,2024-10-23,221.2,242.6,21.4,False,False
TAB67F85714,2024-10,2024-10-24,1561.0,1576.3,15.3,False,False
T021E4A2B45,2024-10,2024-10-25,555.3,567.4,12.1,False,False
T9C284C6EDE,2024-10,2024-10-21,1463.4,1480.9,17.5,False,False
TE5AE06739E,2024-10,2024-10-25,198.2,198.2,0.0,True,False
T01F422D988,2024-10,2024-10-22,1542.7,1550.3,7.6,False,False
T812E69DF24,2024-10,2024-10-25,728.8,779.7,50.9,False,False
T1753290875,2024-10,2024-10-22,1399.5,1413.7,14.2,False,False
T6453265506,2024-10,2024-10-23,1730.8,1845.7,114.9,False,False
T3DCE54CBCD,2024-10,2024-10-23,240.4,240.4,0.0,True,False
T25A59C1230,2024-10,2024-10-22,179.4,199.3,19.9,False,False
T7149DBE7E7,2024-10,2024-10-22,904.3,935.4,31.1,False,False
T17B01CE93D,2024-10,2024-10-20,1344.3,1357.6,13.3,False,False
T2A7B7C0706,2024-10,2024-10-24,1306.2,1322.3,16.1,False,False
TA2A12750E0,2024-10,2024-10-22,464.0,474.3,10.3,False,False
TCDF5CCF9D1,2024-10,2024-10-20,1574.4,1588.7,14.3,False,False
T136877D852,2024-10,2024-10-22,1002.9,,,False,False
TD93E7F3525,2024-10,2024-10-25,1199.9,1205.1,5.2,False,False
T9E698DAD97,2024-10,2024-10-24,304.0,317.3,13.3,False,False
TA7CD008CD2,2024-10,2024-10-24,1288.3,1307.2,18.9,False,False
TB5E2F0D295,2024-10,2024-10-23,863.4,871.6,8.2,False,False
T886651EB56,2024-10,2024-10-25,1569.0,1591.8,22.8,False,False
T726E26C014,2024-10,2024-10-24,475.3,481.7,6.4,False,False
T47801013F9,2024-10,2024-10-21,196.4,210.7,14.3,False,False
T7B44E5C01C,2024-10,2024-10-23,1102.4,1106.1,3.7,False,False
T06E1B5C91E,2024-10,2024-10-25,620.9,628.7,7.8,False,False
TBD7AFAA9AB,2024-10,2024-10-25,1149.0,1164.8,15.8,False,False
T3A8AE15DE9,2024-10,2024-10-24,1005.4,1005.4,0.0,True,False
T90FCBE8560,2024-10,2024-10-21,1255.5,1255.5,0.0,True,False
T6B76BCDCC8,2024-10,2024-10-20,1484.6,1527.0,42.4,False,False
T6B61D786E8,2024-10,2024-10-22,1022.1,1032.0,9.9,False,False
TD8B8E83F9D,2024-10,2024-10-22,1296.6,1308.2,11.6,False,False
T353F39960E,2024-10,2024-10-20,415.7,424.2,8.5,False,False
TC44518846F,2024-10,2024-10-20,314.4,327.4,13.0,False,False
T3DBD424B8F,2024-10,2024-10-24,552.6,561.7,9.1,False,False
TB8E4E6CA4C,2024-10,2024-10-22,613.9,647.0,33.1,False,False
T54630B6404,2024-10,2024-10-21,256.2,269.7,13.5,False,False
T71623730B1,2024-10,2024-10-23,1041.9,1052.1,10.2,False,False
T7436A106AE,2024-10,2024-10-21,408.3,415.5,7.2,False,False
T6191B8FD69,2024-10,2024-10-20,1099.7,1111.0,11.3,False,False
TBA7727A83B,2024-10,2024-10-25,440.3,450.1,9.8,False,False
T66B24DDB8C,2024-10,2024-10-22,1568.1,1580.8,12.7,False,False
T0EAA0EDBAF,2024-10,2024-10-24,660.8,686.5,25.7,False,False
TDCBC842E3A,2024-10,2024-10-23,407.5,426.5,19.0,False,False
T305BACE840,2024-10,2024-10-21,701.1,715.7,14.6,False,False
TAD0E244201,2024-10,2024-10-21,1027.9,1048.3,20.4,False,False
T824A68B378,2024-10,2024-10-21,1253.1,1253.1,0.0,True,False
T9F72B39B89,2024-10,2024-10-23,629.4,642.1,12.7,False,False
T0380D1AD85,2024-10,2024-10-21,967.6,990.8,23.2,False,False
TD58AFBB420,2024-10,2024-10-24,1658.2,1709.3,51.1,False,False
TB1A6FA6009,2024-10,2024-10-23,327.9,341.4,13.5,False,False
TB95EB354D9,2024-10,2024-10-20,892.5,951.8,59.3,False,True
T6EBEC2B9E3,2024-10,2024-10-22,497.3,521.3,24.0,False,True
TCBAFB86C54,2024-10,2024-10-20,1512.9,1524.7,11.8,False,False
T2D884BEE59,2024-10,2024-10-24,1112.5,1134.5,22.0,False,False
T81E3CAC404,2024-10,2024-10-24,1224.7,1231.3,6.6,False,False
TB13246DF04,2024-10,2024-10-20,1671.7,1719.7,48.0,False,False
T38FC29870C,2024-10,2024-10-24,878.6,886.2,7.6,False,False
T0B952300A6,2024-10,2024-10-21,1044.3,1057.4,13.1,False,False
T592EE5AE5A,2024-10,2024-10-20,432.3,444.3,12.0,False,False
T8AB7B992DC,2024-10,2024-10-23,1480.1,1489.8,9.7,False,False
TE13531501B,2024-10,2024-10-21,199.3,208.2,8.9,False,False
T603C6A7DDF,2024-10,2024-10-23,1489.7,1531.8,42.1,False,False
T9B1CF87E17,2024-10,2024-10-24,523.7,534.8,11.1,False,False
T7E47E27FFB,2024-10,2024-10-21,1016.5,1025.6,9.1,False,False
T2FE3E18EED,2024-10,2024-10-20,960.0,974.5,14.5,False,False
T518FD2CD05,2024-10,2024-10-25,667.1,680.6,13.5,False,False
TCA03B52F53,2024-10,2024-10-20,272.5,290.9,18.4,False,False
TC97F0C81C8,2024-10,2024-10-21,1114.4,1247.7,133.3,False,False
T5825BB17FC,2024-10,2024-10-25,353.6,385.1,31.5,False,False
TC5E185C6E8,2024-10,2024-10-24,120.3,131.9,11.6,False,False
TEAD9E81003,2024-10,2024-10-25,764.3,775.8,11.5,False,False
TE23D5A574A,2024-10,2024-10-23,819.5,826.4,6.9,False,False
T04048D53A3,2024-10,2024-10-25,637.0,642.8,5.8,False,False
TE1AA9E77A7,2024-10,2024-10-22,914.5,918.1,3.6,False,False
TC54C99BA73,2024-10,2024-10-22,567.8,597.9,30.1,False,False
T013C0F8B57,2024-10,2024-10-22,1286.1,1298.0,11.9,False,False
T3C23C0A42C,2024-10,2024-10-20,857.1,874.7,17.6,False,False
TEDB2598366,2024-10,2024-10-23,1113.5,1126.3,12.8,False,False
T03D524AC98,2024-10,2024-10-21,1363.2,1377.9,14.7,False,False
T9B658694D7,2024-10,2024-10-20,532.5,551.8,19.3,False,False
T827DB403EF,2024-10,2024-10-20,997.0,1000.0,3.0,False,False
TD5960FA89C,2024-10,2024-10-23,986.9,1000.4,13.5,False,False
TEB9CD6778B,2024-10,2024-10-23,1368.3,1380.0,11.7,False,False
TCFB896C903,2024-10,2024-10-22,594.4,607.1,12.7,False,False
T4EBE5132B6,2024-10,2024-10-24,711.0,727.3,16.3,False,False
TD6D7800440,2024-10,2024-10-21,1333.2,1342.4,9.2,False,False
TB1AE49FA20,2024-10,2024-10-21,476.1,487.6,11.5,False,False
TF4940B0970,2024-10,2024-10-21,1038.1,1046.2,8.1,False,False
T6492EC951E,2024-10,2024-10-22,388.9,437.6,48.7,False,False
T5B2FD74A85,2024-10,2024-10-25,1246.1,1267.3,21.2,False,False
TCF1A6CDF80,2024-10,2024-10-22,300.8,317.4,16.6,False,False
TBA965CD37E,2024-10,2024-10-21,200.5,210.7,10.2,False,False
T8917AF33E8,2024-10,2024-10-25,505.2,579.6,74.4,False,False
T4F696F6C0E,2024-10,2024-10-24,220.3,233.1,12.8,False,False
TFB9BD0FCA4,2024-10,2024-10-23,1443.5,1473.6,30.1,False,False
T6372E1147F,2024-10,2024-10-20,939.6,956.0,16.4,False,False
T8B4FC280C2,2024-10,2024-10-20,376.7,376.7,0.0,True,False
T0AF0DD2FE5,2024-10,2024-10-25,909.3,920.0,10.7,False,False
T9BABD62590,2024-10,2024-10-25,925.8,962.7,36.9,False,False
TBBD0028CDB,2024-10,2024-10-25,797.4,808.3,10.9,False,False
T30E453AB34,2024-10,2024-10-23,854.6,869.2,14.6,False,False
T7DC59256DC,2024-10,2024-10-20,420.0,445.1,25.1,False,False
TCC371206BC,2024-10,2024-10-21,380.3,392.6,12.3,False,False
TDEF092A4C5,2024-10,2024-10-22,1334.3,1345.8,11.5,False,False
TE13FCEC631,2024-10,2024-10-25,955.0,972.4,17.4,False,False
T7C3F6A8162,2024-10,2024-10-24,1266.8,1287.1,20.3,False,False
T0F4A3A74ED,2024-10,2024-10-20,661.1,682.5,21.4,False,False
T5BEF82BC17,2024-10,2024-10-20,1200.0,1212.5,12.5,False,False
T07AC5856A4,2024-10,2024-10-20,526.7,538.9,12.2,False,False
T0185184B59,2024-10,2024-10-20,1057.5,1069.2,11.7,False,False
T79F8E1FAE8,2024-10,2024-10-24,114.4,127.6,13.2,False,False
T4D40D256FE,2024-10,2024-10-25,843.2,872.0,28.8,False,False
TE74495FCDD,2024-10,2024-10-24,1426.7,1437.7,11.0,False,False
TAD9ED625D1,2024-10,2024-10-23,1270.8,1285.9,15.1,False,False
TE7328B9E12,2024-10,2024-10-21,567.6,573.1,5.5,False,False
T5FC1C50126,2024-10,2024-10-23,956.2,977.4,21.2,False,False
T203C71CAC2,2024-10,2024-10-25,1451.7,1466.9,15.2,False,False
T1D1F227112,2024-10,2024-10-22,559.0,575.9,16.9,False,False
TF62BDC6E96,2024-10,2024-10-25,1449.7,1467.6,17.9,False,False
T5D35014BC6,2024-10,2024-10-21,1531.8,1539.3,7.5,False,False
T9C80DA594D,2024-10,2024-10-23,604.7,613.8,9.1,False,False
T575100FEE6,2024-10,2024-10-24,187.6,214.5,26.9,False,False
TFF833858D4,2024-10,2024-10-22,1522.6,1532.7,10.1,False,False
T44C452513D,2024-10,2024-10-25,645.8,663.5,17.7,False,False
TC11C4F89B7,2024-10,2024-10-21,235.1,251.5,16.4,False,False
T519E11C12F,2024-10,2024-10-21,154.2,173.5,19.3,False,False
T1D1C3809AD,2024-10,2024-10-24,756.6,803.1,46.5,False,False
T2F89E8ED6F,2024-10,2024-10-25,1254.1,1269.1,15.0,False,False
TED624C9B29,2024-10,2024-10-24,1250.2,1265.9,15.7,False,False
T80599540B9,2024-10,2024-10-21,178.1,21.950466229097227,22.8,False,False
T99F86EAA03,2024-10,2024-10-23,727.0,727.0,0.0,True,False
T48E474E620,2024-10,2024-10-21,1205.5,1217.0,11.5,False,False
T62F138B69F,2024-10,2024-10-20,1225.7,1243.4,17.7,False,False
T0ABCC73F5F,2024-10,2024-10-25,1238.1,1248.6,10.5,False,False
T451A03E5F4,2024-10,2024-10-23,620.9,649.4,28.5,False,False
T28A5C3A212,2024-10,2024-10-22,826.7,834.1,7.4,False,False
T9BF23AC92B,2024-10,2024-10-22,932.0,948.3,16.3,False,False
T8D847ABAD5,2024-10,2024-10-22,814.5,823.7,9.2,False,False
T79AD100612,2024-10,2024-10-24,1082.5,1105.8,23.3,False,False
T595C48877B,2024-10,2024-10-21,962.4,976.1,13.7,False,False
T7E1F631507,2024-10,2024-10-23,102.0,118.7,16.7,False,False
T7CEE29F570,2024-10,2024-10-20,372.9,383.6,10.7,False,False
TB28F8F08F4,2024-10,2024-10-22,741.3,741.3,0.0,True,False
T741A1119FA,2024-10,2024-10-25,358.4,375.0,16.6,False,False
T26862D1A4A,2024-10,2024-10-21,1611.7,1644.4,32.7,False,False
TCB96D14BFD,2024-10,2024-10-20,598.1,609.5,11.4,False,False
TF07D19AE17,2024-10,2024-10-22,222.8,,,False,False
T7AE1E63696,2024-10,2024-10-23,1377.9,1386.8,8.9,False,False
TEA687BEEC8,2024-10,2024-10-24,376.7,391.1,14.4,False,False
T5C97BD73CE,2024-10,2024-10-23,1450.8,1463.1,12.3,False,False
T64DF103F27,2024-10,2024-10-23,306.4,313.8,7.4,False,False
T962D5133B5,2024-10,2024-10-24,1164.1,1179.0,14.9,False,False
TFAE2AFD636,2024-10,2024-10-20,1358.1,1365.7,7.6,False,False
T8237A9AE83,2024-10,2024-10-24,390.4,402.5,12.1,False,False
T124789ED12,2024-10,2024-10-24,825.8,834.5,8.7,False,False
T77D8F1F07B,2024-10,2024-10-21,802.7,841.3,38.6,False,False
T88E01EE6A9,2024-10,2024-10-24,579.2,601.3,22.1,False,False
TCCA2F0E6D1,2024-10,2024-10-21,429.2,445.2,16.0,False,False
TE7C4074532,2024-10,2024-10-24,258.6,283.7,25.1,False,False
TE08ACE6D71,2024-10,2024-10-21,1417.8,1435.4,17.6,False,False
TF5AB4BC37D,2024-10,2024-10-20,454.2,467.0,12.8,False,False
T31A37C291B,2024-10,2024-10-24,106.7,116.5,9.8,False,False
T85072A41C6,2024-10,2024-10-22,1259.9,1271.0,11.1,False,False
T3DB8E8C91B,2024-10,2024-10-23,969.6,978.2,8.6,False,False
T1F21C0A526,2024-10,2024-10-24,265.7,284.0,18.3,False,False
TC653350390,2024-10,2024-10-23,1368.4,1377.8,9.4,False,False
TF357DF2C85,2024-10,2024-10-21,561.2,581.0,19.8,False,False
TC2B54F643A,2024-10,2024-10-25,327.6,338.3,10.7,False,False
T62A907AFA1,2024-10,2024-10-25,586.8,598.9,12.1,False,False
T9B926E1A60,2024-10,2024-10-24,800.4,808.6,8.2,False,False
T95A557D58C,2024-10,2024-10-24,1268.7,1268.7,0.0,True,False
T4FD73F8DF8,2024-10,2024-10-21,199.5,208.3,8.8,False,False
TAA9E781779,2024-10,2024-10-23,1071.6,1071.6,0.0,True,False
T5AB667FA59,2024-10,2024-10-22,1119.0,1143.2,24.2,False,False
T2FB8838715,2024-10,2024-10-20,1463.3,1476.9,13.6,False,False
TDC0B728E72,2024-10,2024-10-24,903.8,965.0,61.2,False,False
T500E1E73A5,2024-10,2024-10-22,811.8,823.8,12.0,False,False
T518D652731,2024-10,2024-10-25,555.7,581.3,25.6,False,False
T5F78380FF1,2024-10,2024-10-21,825.2,837.9,12.7,False,False
T2269F4C04A,2024-10,2024-10-21,974.5,1017.4,42.9,False,False
T75D0C6EEF9,2024-10,2024-10-24,1364.6,1487.8,123.2,False,False
T08C84C6180,2024-10,2024-10-20,278.7,295.7,17.0,False,False
TBE3328794F,2024-10,2024-10-22,1011.0,1019.7,8.7,False,False
T7BF732B1D4,2024-10,2024-10-21,1097.6,1110.8,13.2,False,False
T680C591820,2024-10,2024-10-24,1109.8,1116.4,6.6,False,False
T87B30A11CA,2024-10,2024-10-21,1474.4,1487.3,12.9,False,False
T2C69DDD554,2024-10,2024-10-23,861.4,915.5,54.1,False,False
TB5DCDB3D2B,2024-10,2024-10-20,1338.7,1347.5,8.8,False,False
TF1BF705581,2024-10,2024-10-22,689.8,710.1,20.3,False,False
T7861C2062B,2024-10,2024-10-25,1642.3,1670.9,28.6,False,False
T3E7A117328,2024-10,2024-10-24,362.3,380.0,17.7,False,False
T626DE7D352,2024-10,2024-10-24,1120.9,1175.2,54.3,False,False
T30CED3EF6B,2024-10,2024-10-25,936.3,954.7,18.4,False,False
T6F621D315F,2024-10,2024-10-24,236.4,256.5,20.1,False,False
T5AEAFABEEB,2024-10,2024-10-22,985.9,997.3,11.4,False,False
T6E1A658692,2024-10,2024-10-22,564.1,577.3,13.2,False,False
TDFD739AFF7,2024-10,2024-10-21,1362.8,1377.8,15.0,False,False
T0E7497BE87,2024-10,2024-10-25,271.3,281.7,10.4,False,False
T63245D9338,2024-10,2024-10-21,297.4,313.2,15.8,False,False
T2FC1A9FEB9,2024-10,2024-10-22,347.1,361.9,14.8,False,False
TE5572E3B77,2024-10,2024-10-25,1471.8,1478.1,6.3,False,False
T93AE74FC8C,2024-10,2024-10-20,864.9,879.4,14.5,False,False
TCE4F3C1854,2024-10,2024-10-24,1663.5,1689.8,26.3,False,False
T623FDA0FEC,2024-10,2024-10-22,520.1,551.7,31.6,False,True
T6FCD9FC327,2024-10,2024-10-20,426.0,431.1,5.1,False,False
T26D49D2B10,2024-10,2024-10-23,929.4,946.8,17.4,False,False
T6B0F45148F,2024-10,2024-10-21,833.5,906.7,73.2,False,False
T5DA6DABC22,2024-10,2024-10-21,578.7,594.8,16.1,False,False
T4C0FAA9237,2024-10,2024-10-24,867.9,885.8,17.9,False,False
T629B85F6AE,2024-10,2024-10-20,1382.5,1398.5,16.0,False,False
TE6221DA147,2024-10,2024-10-21,793.8,803.3,9.5,False,False
T7092CB932F,2024-10,2024-10-20,1295.8,1308.3,12.5,False,False
T38F3AD60D6,2024-10,2024-10-24,376.4,395.1,18.7,False,False
T051D6304AA,2024-10,2024-10-20,1023.7,1032.6,8.9,False,False
T1677509027,2024-10,2024-10-25,436.0,452.0,16.0,False,False
TCE43CAAFDD,2024-10,2024-10-21,994.8,1004.1,9.3,False,False
TD6051C60DD,2024-10,2024-10-23,1209.2,1246.4,37.2,False,False
TD81C7B0AC7,2024-10,2024-10-20,1468.9,1486.3,17.4,False,False
TEB9B6A4FBC,2024-10,2024-10-21,828.5,839.2,10.7,False,False
T8E67D26322,2024-10,2024-10-21,1545.9,1616.3,70.4,False,True
T0E8259349E,2024-10,2024-10-25,217.0,230.5,13.5,False,False
TEC586A8374,2024-10,2024-10-25,987.6,1001.7,14.1,False,False
T1E40F3A239,2024-10,2024-10-22,1031.9,1042.5,10.6,False,False
T716C530DED,2024-10,2024-10-20,526.0,540.0,14.0,False,False
T7562476AEF,2024-10,2024-10-24,1525.5,1540.9,15.4,False,False
TB460453C4D,2024-10,2024-10-24,248.6,266.7,18.1,False,False
T4A69C0BA6F,2024-10,2024-10-25,467.1,493.5,26.4,False,False
TB3006B8F03,2024-10,2024-10-20,718.0,729.6,11.6,False,False
TED3E393477,2024-10,2024-10-21,1504.1,1527.5,23.4,False,False
TA014F1FF15,2024-10,2024-10-25,1090.5,1107.7,17.2,False,False
T08D24C843D,2024-10,2024-10-22,289.0,311.5,22.5,False,False
T328C38D103,2024-10,2024-10-25,1567.2,1585.8,18.6,False,False
T5D52776F44,2024-10,2024-10-20,433.3,443.1,9.8,False,False
T350C7F0CAD,2024-10,2024-10-20,504.1,514.1,10.0,False,False
TE4BF83F9A5,2024-10,2024-10-25,1334.7,1352.8,18.1,False,False
T363192FB18,2024-10,2024-10-20,990.2,1012.1,21.9,False,False
TE7D390D6E1,2024-10,2024-10-25,909.3,909.3,0.0,True,False
TEAED0D702E,2024-10,2024-10-20,942.9,958.3,15.4,False,False
T76D2631BBE,2024-10,2024-10-23,1215.6,1229.4,13.8,False,False
T41D9DAD65E,2024-10,2024-10-23,607.2,619.1,11.9,False,False
T4FB688BCF2,2024-10,2024-10-23,1093.0,1112.6,19.6,False,False
T49C247A691,2024-10,2024-10-20,540.7,555.4,14.7,False,False
TAD97E4B580,2024-10,2024-10-21,140.7,157.2,16.5,False,False
TA6D3C701E5,2024-10,2024-10-23,301.7,316.7,15.0,False,False
T1629374829,2024-10,2024-10-22,645.1,672.2,27.1,False,False
TE380DFCDD5,2024-10,2024-10-20,1098.0,1108.6,10.6,False,False
TC71E645A97,2024-10,2024-10-22,792.8,804.1,11.3,False,False
T3B2D063348,2024-10,2024-10-24,355.5,363.3,7.8,False,False
T6B0703F297,2024-10,2024-10-23,993.0,1002.7,9.7,False,False
T2442BBD224,2024-10,2024-10-25,688.8,700.2,11.4,False,False
T94AEE9D59A,2024-10,2024-10-23,994.0,1003.5,9.5,False,False
TC36C8FB548,2024-10,2024-10-25,1377.2,1388.8,11.6,False,False
TEA6C60108F,2024-10,2024-10-24,1400.5,1450.2,49.7,False,False
T5D0DA4A5A3,2024-10,2024-10-21,917.8,931.5,13.7,False,False
TCE2F3968A5,2024-10,2024-10-22,885.9,908.4,22.5,False,False
T3290CE40ED,2024-10,2024-10-22,1387.8,1411.2,23.4,False,False
TFF800A383C,2024-10,2024-10-21,1089.3,1101.1,11.8,False,False
T43D369AD4F,2024-10,2024-10-20,730.6,742.4,11.8,False,False
T2558B25F4A,2024-10,2024-10-23,117.2,130.2,13.0,False,False
TF2D53B5266,2024-10,2024-10-25,1379.3,1392.3,13.0,False,False
T46E626FB09,2024-10,2024-10-23,190.7,208.3,17.6,False,False
T7E0A59EC74,2024-10,2024-10-20,371.9,376.8,4.9,False,False
TDB77C6E5BA,2024-10,2024-10-21,557.2,569.0,11.8,False,False
TB2420A8657,2024-10,2024-10-25,1111.5,1120.6,9.1,False,False
TB1246EBDB6,2024-10,2024-10-22,634.5,640.3,5.8,False,False
T8C8BD1D187,2024-10,2024-10-23,1043.0,1063.0,20.0,False,False
T9A87FD75BB,2024-10,2024-10-23,500.9,514.4,13.5,False,False
T7220DB253B,2024-10,2024-10-22,635.3,655.2,19.9,False,False
T024582A041,2024-10,2024-10-20,1370.3,1400.2,29.9,False,False
TA3D7EB0EB6,2024-10,2024-10-22,1396.2,1397.8,1.6,False,False
T980F08905D,2024-10,2024-10-22,1329.9,1339.7,9.8,False,False
T0070991C4A,2024-10,2024-10-25,379.6,389.6,10.0,False,False
TE62F9D24A2,2024-10,2024-10-24,743.3,761.6,18.3,False,False
T660F58D22C,2024-10,2024-10-21,1210.1,1226.5,16.4,False,False
TC9C59FD3C0,2024-10,2024-10-20,1362.0,1372.3,10.3,False,False
TC85BCF4679,2024-10,2024-10-21,644.9,644.9,0.0,True,False
T711A4FB3DC,2024-10,2024-10-20,1257.8,1266.3,8.5,False,False
TDA01857472,2024-10,2024-10-22,657.9,663.2,5.3,False,False
T593C7D2F36,2024-10,2024-10-21,901.0,914.0,13.0,False,False
TAD1B3ECAF6,2024-10,2024-10-25,706.1,722.1,16.0,False,False
T62DB418771,2024-11,2024-11-24,1139.6,1158.1,18.5,False,False
T516D296A99,2024-11,2024-11-22,763.1,771.4,8.3,False,False
TF6199DECCB,2024-11,2024-11-25,1191.8,1231.8,40.0,False,False
TBFDD3649BD,2024-11,2024-11-20,1349.8,1369.0,19.2,False,False
T1A8F7C05C9,2024-11,2024-11-21,1258.1,1266.2,8.1,False,False
T6B4FC6C7C6,2024-11,2024-11-20,735.8,752.3,16.5,False,False
T6EE7490E19,2024-11,2024-11-24,1453.2,1474.3,21.1,False,False
T771EC6B537,2024-11,2024-11-25,913.3,913.3,0.0,True,False
TA87CD37475,2024-11,2024-11-23,422.9,422.9,0.0,True,False
T00048F12E2,2024-11,2024-11-24,168.5,168.5,0.0,True,False
TDE3B85E449,2024-11,2024-11-25,1041.0,1060.0,19.0,False,False
TDFD5EF1E2B,2024-11,2024-11-20,643.4,224.88128973740086,17.7,False,False
T6BE1C12D07,2024-11,2024-11-21,1810.6,1810.6,0.0,True,False
TE17C7596F7,2024-11,2024-11-20,251.5,265.8,14.3,False,False
TF0590D064A,2024-11,2024-11-20,515.3,527.3,12.0,False,False
T0201C8273D,2024-11,2024-11-23,427.0,436.0,9.0,False,False
T416D725964,2024-11,2024-11-22,1193.2,1205.7,12.5,False,False
T592985E849,2024-11,2024-11-25,348.9,348.9,0.0,True,False
T8CFD079CB6,2024-11,2024-11-23,1570.7,1587.0,16.3,False,False
TD10A6EDCA0,2024-11,2024-11-25,885.0,909.6,24.6,False,False
T0CE7987E4B,2024-11,2024-11-20,763.2,831.2,68.0,False,False
T0F12629295,2024-11,2024-11-23,392.9,,,False,False
T7833B36159,2024-11,2024-11-22,662.0,678.8,16.8,False,False
T997FF51E88,2024-11,2024-11-23,832.0,842.8,10.8,False,False
TB0AFAFC426,2024-11,2024-11-21,1836.2,1836.2,0.0,True,False
T4B2228F178,2024-11,2024-11-21,606.4,606.4,0.0,True,False
T5D1D63651A,2024-11,2024-11-25,378.8,394.1,15.3,False,False
T005A9CE174,2024-11,2024-11-24,1290.3,1299.0,8.7,False,False
T0E572DDC2C,2024-11,2024-11-22,1044.8,1051.7,6.9,False,False
T6B4C3EB33E,2024-11,2024-11-22,1336.3,215.4033621344794,0.0,True,False
T98621FD0F2,2024-11,2024-11-21,1353.5,1474.0,120.5,False,False
TCED7759D69,2024-11,2024-11-22,1296.3,1296.3,0.0,True,False
T148BA00559,2024-11,2024-11-21,1222.2,1243.2,21.0,False,False
T8EF8382AF5,2024-11,2024-11-24,1527.3,1537.3,10.0,False,False
T294140BCEC,2024-11,2024-11-23,358.5,379.5,21.0,False,False
T2B4ECE5F7A,2024-11,2024-11-20,384.1,400.5,16.4,False,False
TFCDB644B38,2024-11,2024-11-22,335.1,353.4,18.3,False,False
TF46C85CB55,2024-11,2024-11-24,662.2,667.0,4.8,False,False
T635E7348B0,2024-11,2024-11-20,377.5,396.5,19.0,False,False
TD950C1321E,2024-11,2024-11-24,360.9,378.6,17.7,False,False
T79F7CA1313,2024-11,2024-11-20,261.4,266.6,5.2,False,False
T1890D0D69D,2024-11,2024-11-21,835.3,846.3,11.0,False,False
T92ED6C6BBC,2024-11,2024-11-20,458.7,466.4,7.7,False,False
T1A234D637E,2024-11,2024-11-21,1192.2,1206.0,13.8,False,False
T0FA07C2AE6,2024-11,2024-11-24,371.7,378.5,6.8,False,False
T85D9327E38,2024-11,2024-11-25,1356.7,1371.0,14.3,False,False
T9B2220E701,2024-11,2024-11-25,1046.4,1069.1,22.7,False,False
T75AE25B236,2024-11,2024-11-24,891.4,904.9,13.5,False,False
T85C4B9E9BD,2024-11,2024-11-21,1182.1,1189.3,7.2,False,False
TAAC46C752C,2024-11,2024-11-20,1520.2,1524.8,4.6,False,False
TB5ABA37301,2024-11,2024-11-23,889.8,914.1,24.3,False,False
TDB1931905E,2024-11,2024-11-23,997.2,997.2,0.0,True,False
T8A79BCF725,2024-11,2024-11-21,1297.1,1302.2,5.1,False,False
T1383BC162C,2024-11,2024-11-23,1575.0,1588.6,13.6,False,False
TE3F34F661C,2024-11,2024-11-25,1123.6,1170.0,46.4,False,False
T945DF5CC73,2024-11,2024-11-21,1072.1,1082.6,10.5,False,False
T89289351AD,2024-11,2024-11-22,1170.3,1184.8,14.5,False,False
T3C6A8E589D,2024-11,2024-11-21,297.5,322.0,24.5,False,False
T9EDB41553F,2024-11,2024-11-25,232.4,239.3,6.9,False,False
T39FECD2D40,2024-11,2024-11-23,781.3,808.9,27.6,False,False
T393F331539,2024-11,2024-11-20,408.5,420.2,11.7,False,False
T44E572D176,2024-11,2024-11-20,403.0,423.5,20.5,False,False
T6A0C9518A5,2024-11,2024-11-23,1248.8,1256.9,8.1,False,False
T6F6C091F32,2024-11,2024-11-22,1379.0,1379.0,0.0,True,False
T0A7DFC3903,2024-11,2024-11-25,1436.6,1436.6,0.0,True,False
T4CA807AAAE,2024-11,2024-11-22,418.8,458.9,40.1,False,False
T292B036CC6,2024-11,2024-11-25,909.3,923.8,14.5,False,False
TF252236170,2024-11,2024-11-25,146.0,146.0,0.0,True,False
T47A88C447A,2024-11,2024-11-21,701.6,712.2,10.6,False,False
T29274E7656,2024-11,2024-11-22,338.0,353.8,15.8,False,False
TF94B3B4CEA,2024-11,2024-11-22,593.6,608.7,15.1,False,False
TD79C86593F,2024-11,2024-11-20,1023.0,1039.4,16.4,False,False
T042B2178D1,2024-11,2024-11-24,198.5,198.5,0.0,True,False
TE9E2B18053,2024-11,2024-11-23,679.5,741.0,61.5,False,False
T80D9A080BE,2024-11,2024-11-20,1821.8,1885.3,63.5,False,False
T580C1D0E5A,2024-11,2024-11-25,801.0,855.7,54.7,False,False
T262047037E,2024-11,2024-11-20,552.2,562.2,10.0,False,False
T997FBB56CB,2024-11,2024-11-21,1470.2,1483.1,12.9,False,False
T488907BADA,2024-11,2024-11-25,463.4,487.6,24.2,False,False
T959B664297,2024-11,2024-11-20,119.3,130.2,10.9,False,False
TCE4FA87780,2024-11,2024-11-20,1288.6,1296.6,8.0,False,False
T6A6F416B64,2024-11,2024-11-22,1041.9,1057.6,15.7,False,False
T5C22EC11B8,2024-11,2024-11-21,834.7,897.5,62.8,False,False
T132EB7CE2B,2024-11,2024-11-25,1147.7,1158.1,10.4,False,False
T011F73020E,2024-11,2024-11-20,1172.8,1189.8,17.0,False,False
T0197678D11,2024-11,2024-11-24,830.1,857.0,26.9,False,False
TBA58CFEBC6,2024-11,2024-11-20,1543.7,1578.0,34.3,False,False
T78A401EEAD,2024-11,2024-11-22,298.4,315.6,17.2,False,False
TE33F90B286,2024-11,2024-11-23,356.8,371.2,14.4,False,False
T761C9E26E6,2024-11,2024-11-22,301.4,312.2,10.8,False,False
T65187CE62C,2024-11,2024-11-25,725.8,766.4,40.6,False,False
T6DD4962896,2024-11,2024-11-23,284.9,295.6,10.7,False,False
T57E5EAB9B8,2024-11,2024-11-24,1068.5,1079.3,10.8,False,False
T0D1C506545,2024-11,2024-11-22,838.1,838.1,0.0,True,False
T16385BC409,2024-11,2024-11-24,273.3,282.4,9.1,False,False
T703E749B16,2024-11,2024-11-24,739.8,751.2,11.4,False,False
TE03815B898,2024-11,2024-11-21,1506.2,1522.2,16.0,False,False
T5EDC8CD764,2024-11,2024-11-25,1104.9,1118.5,13.6,False,False
T8A0E42EA46,2024-11,2024-11-25,1219.3,1233.9,14.6,False,False
T58E4665FE8,2024-11,2024-11-20,362.2,378.9,16.7,False,False
T45A3829C6C,2024-11,2024-11-25,266.6,280.6,14.0,False,False
T0F2B41D96D,2024-11,2024-11-24,277.0,312.6,35.6,False,False
T45E4DAC832,2024-11,2024-11-21,821.4,834.1,12.7,False,False
TB308B5DC7A,2024-11,2024-11-25,1161.4,1173.2,11.8,False,False
T5A52BDFD5B,2024-11,2024-11-24,1192.3,1199.7,7.4,False,False
T3B6195226D,2024-11,2024-11-22,543.4,564.3,20.9,False,False
TEF3ACC364D,2024-11,2024-11-20,147.1,161.1,14.0,False,False
T0E3944E1C7,2024-11,2024-11-23,1444.3,1455.2,10.9,False,False
TC5E02C2AE1,2024-11,2024-11-25,876.2,883.0,6.8,False,False
T9C181CA6B2,2024-11,2024-11-20,678.3,724.7,46.4,False,True
T46D0D9FE06,2024-11,2024-11-21,972.4,986.7,14.3,False,False
T3763EE0258,2024-11,2024-11-22,316.8,327.2,10.4,False,False
TB6793708AF,2024-11,2024-11-24,793.8,802.6,8.8,False,False
T02BF3919B7,2024-11,2024-11-20,1225.5,1236.7,11.2,False,False
T61903D0C08,2024-11,2024-11-20,432.3,442.2,9.9,False,False
T1540962193,2024-11,2024-11-23,794.3,869.7,75.4,False,False
TE8DF4BFC62,2024-11,2024-11-23,1591.6,1631.3,39.7,False,False
T97A5E4F98E,2024-11,2024-11-25,1217.0,1234.2,17.2,False,False
TB2B631F6DE,2024-11,2024-11-23,130.7,142.5,11.8,False,False
TFD4476DD46,2024-11,2024-11-22,679.1,705.4,26.3,False,False
T63AE43B763,2024-11,2024-11-22,935.1,963.1,28.0,False,False
TF7E0F3ADFA,2024-11,2024-11-24,584.6,587.3,2.7,False,False
T9F3D4A99A8,2024-11,2024-11-25,989.2,997.6,8.4,False,False
T3AF0CA5142,2024-11,2024-11-21,1069.3,1116.0,46.7,False,False
T525C93E294,2024-11,2024-11-25,294.6,303.3,8.7,False,False
TA60FF3309B,2024-11,2024-11-24,1188.0,1198.9,10.9,False,False
T6230F0F81A,2024-11,2024-11-23,210.9,223.6,12.7,False,False
T486DC7662A,2024-11,2024-11-24,2187.4,2331.4,144.0,False,False
T0DD0FDF0BD,2024-11,2024-11-23,657.9,680.5,22.6,False,False
T81EEF6FCD3,2024-11,2024-11-22,808.6,820.5,11.9,False,False
T6269371CAA,2024-11,2024-11-23,1373.1,1385.0,11.9,False,False
TF7BDB30AC3,2024-11,2024-11-20,591.0,620.3,29.3,False,False
TC1EBE75CAC,2024-11,2024-11-23,995.9,1015.6,19.7,False,False
T0A0805FB46,2024-11,2024-11-24,1614.9,1629.2,14.3,False,False
T7C1EBC3C4C,2024-11,2024-11-23,414.0,435.7,21.7,False,False
TFB5558315C,2024-11,2024-11-24,210.7,235.6,24.9,False,False
T4D34DCD6FE,2024-11,2024-11-21,714.3,733.7,19.4,False,False
T8F2163E1AC,2024-11,2024-11-23,1465.6,1491.9,26.3,False,False
T6D36EEA27E,2024-11,2024-11-25,214.5,229.2,14.7,False,False
TD718599337,2024-11,2024-11-21,968.4,1005.9,37.5,False,False
TACFC1D584E,2024-11,2024-11-20,1110.4,1161.1,50.7,False,True
TE1CE4D9E5A,2024-11,2024-11-25,322.9,335.5,12.6,False,False
TEEB9050E6F,2024-11,2024-11-21,707.0,726.2,19.2,False,False
T266175A7E1,2024-11,2024-11-23,1433.4,1453.7,20.3,False,False
T188F8436EB,2024-11,2024-11-21,476.6,485.5,8.9,False,False
TBF5EF4019A,2024-11,2024-11-20,837.7,844.8,7.1,False,False
TF8038E3438,2024-11,2024-11-25,694.9,706.4,11.5,False,False
T14A35B501D,2024-11,2024-11-22,1037.5,1065.6,28.1,False,False
TACA1F6575E,2024-11,2024-11-21,89.1,101.6,12.5,False,False
T425CF74F89,2024-11,2024-11-25,969.7,971.5,1.8,False,False
T7E561E41DF,2024-11,2024-11-21,1550.5,1567.7,17.2,False,False
TAE21909B09,2024-11,2024-11-25,538.8,549.9,11.1,False,False
TA49FD77129,2024-11,2024-11-22,1031.5,1062.2,30.7,False,False
T83C53CBDE3,2024-11,2024-11-22,801.5,825.1,23.6,False,False
T8989E9F3E0,2024-11,2024-11-25,1070.1,1091.7,21.6,False,False
T0E868A3F47,2024-11,2024-11-21,1545.6,1573.2,27.6,False,False
TAA4A146A6F,2024-11,2024-11-23,914.3,925.8,11.5,False,False
T929701588B,2024-11,2024-11-22,596.4,602.0,5.6,False,False
TCBA87E8F93,2024-11,2024-11-22,1484.3,1497.1,12.8,False,False
T71B2CE98BC,2024-11,2024-11-20,1498.4,1531.4,33.0,False,False
T3104E606FB,2024-11,2024-11-20,1514.9,1527.2,12.3,False,False
TC9C584B8EF,2024-11,2024-11-22,578.0,592.9,14.9,False,False
T42EAACA5A6,2024-11,2024-11-21,437.9,453.1,15.2,False,False
T27CD292019,2024-11,2024-11-25,1404.4,1437.6,33.2,False,False
T2631941D4D,2024-11,2024-11-21,1542.2,1565.3,23.1,False,False
TD6D0D046B5,2024-11,2024-11-22,386.3,394.5,8.2,False,False
T930BCF26DA,2024-11,2024-11-21,1480.3,1493.4,13.1,False,False
T7A263D97A8,2024-11,2024-11-25,248.4,274.0,25.6,False,False
T84CC232045,2024-11,2024-11-20,1021.4,1030.7,9.3,False,False
T1F7089E5B3,2024-11,2024-11-23,1167.1,1199.4,32.3,False,False
T6DD01C39D7,2024-11,2024-11-21,1116.7,1153.1,36.4,False,False
TE3814F5946,2024-11,2024-11-24,1108.6,1118.4,9.8,False,False
T260F6D657D,2024-11,2024-11-20,1584.4,1598.6,14.2,False,False
TF9F158A927,2024-11,2024-11-23,729.4,749.1,19.7,False,False
T2A78E596A5,2024-11,2024-11-25,528.5,547.9,19.4,False,False
T48829C6681,2024-11,2024-11-24,693.6,706.5,12.9,False,False
T5446AB5D4F,2024-11,2024-11-23,1373.4,1385.2,11.8,False,False
T6FEE2A0A85,2024-11,2024-11-25,328.5,341.4,12.9,False,False
T37BA3005AD,2024-11,2024-11-24,1115.1,1142.4,27.3,False,False
T599538981A,2024-11,2024-11-22,1107.9,1161.8,53.9,False,False
TC1FE3D7E79,2024-11,2024-11-22,1104.1,1117.9,13.8,False,False
TAB633F4546,2024-11,2024-11-20,274.8,290.7,15.9,False,False
TEF123948C4,2024-11,2024-11-25,624.8,624.8,0.0,True,False
T50EA3E30B0,2024-11,2024-11-23,1086.3,1127.5,41.2,False,True
T10E8B50E63,2024-11,2024-11-20,1246.8,1282.6,35.8,False,False
T75445AB825,2024-11,2024-11-25,1149.6,1165.7,16.1,False,False
T9AEC04CEE6,2024-11,2024-11-20,231.9,243.3,11.4,False,False
TE59C7E0558,2024-11,2024-11-22,415.9,426.3,10.4,False,False
T017F5CC857,2024-11,2024-11-22,1365.8,1388.1,22.3,False,False
T5740214D00,2024-11,2024-11-20,452.4,457.3,4.9,False,False
TA54FDBC969,2024-11,2024-11-25,747.7,778.8,31.1,False,False
T79348D1D8C,2024-11,2024-11-21,489.7,559.5,69.8,False,False
T0C38B9638D,2024-11,2024-11-25,894.0,921.6,27.6,False,False
TF8CD7DEDDA,2024-11,2024-11-24,728.4,744.4,16.0,False,False
TD4AA44C620,2024-11,2024-11-20,683.2,696.8,13.6,False,False
TBA22021045,2024-11,2024-11-20,555.1,605.3,50.2,False,False
TAE4991C39A,2024-11,2024-11-22,1475.3,1494.8,19.5,False,False
T926427EC22,2024-11,2024-11-25,653.5,669.7,16.2,False,False
T03F3726F54,2024-11,2024-11-20,963.0,974.3,11.3,False,False
T9C5C1B51E6,2024-11,2024-11-21,242.6,259.0,16.4,False,False
TAB67F85714,2024-11,2024-11-25,1576.3,1590.3,14.0,False,False
T021E4A2B45,2024-11,2024-11-22,567.4,580.8,13.4,False,False
T9C284C6EDE,2024-11,2024-11-20,1480.9,1497.2,16.3,False,False
TE5AE06739E,2024-11,2024-11-21,198.2,215.3,17.1,False,False
T01F422D988,2024-11,2024-11-21,1550.3,1558.6,8.3,False,False
T812E69DF24,2024-11,2024-11-22,779.7,842.9,63.2,False,False
T1753290875,2024-11,2024-11-22,1413.7,1428.9,15.2,False,False
T6453265506,2024-11,2024-11-21,1845.7,1935.8,90.1,False,False
T3DCE54CBCD,2024-11,2024-11-20,240.4,250.9,10.5,False,False
T25A59C1230,2024-11,2024-11-24,199.3,220.7,21.4,False,False
T7149DBE7E7,2024-11,2024-11-20,935.4,967.3,31.9,False,False
T17B01CE93D,2024-11,2024-11-23,1357.6,1369.5,11.9,False,False
T2A7B7C0706,2024-11,2024-11-23,1322.3,1335.7,13.4,False,False
TA2A12750E0,2024-11,2024-11-22,474.3,486.2,11.9,False,False
TCDF5CCF9D1,2024-11,2024-11-25,1588.7,1610.3,21.6,False,False
T136877D852,2024-11,2024-11-22,1029.4,1047.9,18.5,False,False
TD93E7F3525,2024-11,2024-11-25,1205.1,1205.1,0.0,True,False
T9E698DAD97,2024-11,2024-11-22,317.3,330.9,13.6,False,False
TA7CD008CD2,2024-11,2024-11-24,1307.2,1331.9,24.7,False,False
TB5E2F0D295,2024-11,2024-11-23,871.6,880.5,8.9,False,False
T886651EB56,2024-11,2024-11-20,1591.8,1611.8,20.0,False,False
T726E26C014,2024-11,2024-11-23,481.7,487.1,5.4,False,False
T47801013F9,2024-11,2024-11-23,210.7,226.4,15.7,False,False
T7B44E5C01C,2024-11,2024-11-25,1106.1,1116.1,10.0,False,True
T06E1B5C91E,2024-11,2024-11-25,628.7,640.0,11.3,False,False
TBD7AFAA9AB,2024-11,2024-11-25,1164.8,1181.6,16.8,False,False
T3A8AE15DE9,2024-11,2024-11-22,1005.4,1015.7,10.3,False,False
T90FCBE8560,2024-11,2024-11-25,1255.5,1269.7,14.2,False,False
T6B76BCDCC8,2024-11,2024-11-20,1527.0,1576.4,49.4,False,False
T6B61D786E8,2024-11,2024-11-23,1032.0,1043.8,11.8,False,False
TD8B8E83F9D,2024-11,2024-11-25,1308.2,1320.3,12.1,False,False
T353F39960E,2024-11,2024-11-23,424.2,431.5,7.3,False,False
TC44518846F,2024-11,2024-11-23,327.4,341.4,14.0,False,False
T3DBD424B8F,2024-11,2024-11-24,561.7,571.9,10.2,False,False
TB8E4E6CA4C,2024-11,2024-11-20,647.0,698.4,51.4,False,False
T54630B6404,2024-11,2024-11-25,269.7,291.5,21.8,False,False
T71623730B1,2024-11,2024-11-20,1052.1,1052.1,0.0,True,False
T7436A106AE,2024-11,2024-11-21,415.5,427.4,11.9,False,False
T6191B8FD69,2024-11,2024-11-22,1111.0,1121.5,10.5,False,False
TBA7727A83B,2024-11,2024-11-22,450.1,463.0,12.9,False,False
T66B24DDB8C,2024-11,2024-11-23,1580.8,1593.3,12.5,False,False
T0EAA0EDBAF,2024-11,2024-11-24,686.5,,,False,False
TDCBC842E3A,2024-11,2024-11-22,426.5,445.5,19.0,False,False
T305BACE840,2024-11,2024-11-21,715.7,731.7,16.0,False,False
TAD0E244201,2024-11,2024-11-25,1048.3,1074.7,26.4,False,False
T824A68B378,2024-11,2024-11-25,1253.1,1258.8,5.7,False,False
T9F72B39B89,2024-11,2024-11-22,642.1,651.2,9.1,False,False
T0380D1AD85,2024-11,2024-11-24,990.8,1006.5,15.7,False,False
TD58AFBB420,2024-11,2024-11-21,1709.3,1754.5,45.2,False,False
TB1A6FA6009,2024-11,2024-11-24,341.4,350.5,9.1,False,False
TB95EB354D9,2024-11,2024-11-23,951.8,990.5,38.7,False,True
T6EBEC2B9E3,2024-11,2024-11-25,521.3,545.5,24.2,False,True
TCBAFB86C54,2024-11,2024-11-23,1524.7,1534.2,9.5,False,False
T2D884BEE59,2024-11,2024-11-21,1134.5,1149.5,15.0,False,False
T81E3CAC404,2024-11,2024-11-22,1231.3,1238.4,7.1,False,False
TB13246DF04,2024-11,2024-11-22,1719.7,1770.9,51.2,False,False
T38FC29870C,2024-11,2024-11-25,886.2,895.3,9.1,False,False
T0B952300A6,2024-11,2024-11-24,1057.4,1078.3,20.9,False,False
T592EE5AE5A,2024-11,2024-11-22,444.3,456.2,11.9,False,False
T8AB7B992DC,2024-11,2024-11-25,1489.8,1499.3,9.5,False,False
TE13531501B,2024-11,2024-11-22,208.2,222.3,14.1,False,False
T603C6A7DDF,2024-11,2024-11-24,1531.8,1578.8,47.0,False,False
T9B1CF87E17,2024-11,2024-11-24,534.8,551.7,16.9,False,False
T7E47E27FFB,2024-11,2024-11-23,1025.6,1037.3,11.7,False,False
T2FE3E18EED,2024-11,2024-11-23,974.5,985.3,10.8,False,False
T518FD2CD05,2024-11,2024-11-25,680.6,700.2,19.6,False,False
TCA03B52F53,2024-11,2024-11-20,290.9,299.8,8.9,False,False
TC97F0C81C8,2024-11,2024-11-22,1247.7,1388.9,141.2,False,False
T5825BB17FC,2024-11,2024-11-24,385.1,433.1,48.0,False,False
TC5E185C6E8,2024-11,2024-11-23,131.9,141.3,9.4,False,False
TEAD9E81003,2024-11,2024-11-23,775.8,790.1,14.3,False,False
TE23D5A574A,2024-11,2024-11-25,826.4,835.6,9.2,False,False
T04048D53A3,2024-11,2024-11-22,642.8,651.5,8.7,False,False
TE1AA9E77A7,2024-11,2024-11-23,918.1,922.7,4.6,False,False
TC54C99BA73,2024-11,2024-11-24,597.9,597.9,0.0,True,False
T013C0F8B57,2024-11,2024-11-22,1298.0,1311.1,13.1,False,False
T3C23C0A42C,2024-11,2024-11-23,874.7,887.2,12.5,False,False
TEDB2598366,2024-11,2024-11-24,1126.3,1143.5,17.2,False,False
T03D524AC98,2024-11,2024-11-23,1377.9,1393.6,15.7,False,False
T9B658694D7,2024-11,2024-11-21,551.8,572.8,21.0,False,False
T827DB403EF,2024-11,2024-11-22,1000.0,1003.0,3.0,False,False
TD5960FA89C,2024-11,2024-11-24,1000.4,1015.1,14.7,False,False
TEB9CD6778B,2024-11,2024-11-25,1380.0,1380.0,0.0,True,False
TCFB896C903,2024-11,2024-11-20,607.1,619.4,12.3,False,False
T4EBE5132B6,2024-11,2024-11-22,727.3,738.7,11.4,False,False
TD6D7800440,2024-11,2024-11-20,1342.4,1342.4,0.0,True,False
TB1AE49FA20,2024-11,2024-11-22,487.6,496.4,8.8,False,False
TF4940B0970,2024-11,2024-11-22,1046.2,1056.7,10.5,False,False
T6492EC951E,2024-11,2024-11-21,437.6,477.1,39.5,False,False
T5B2FD74A85,2024-11,2024-11-23,1267.3,1285.7,18.4,False,False
TCF1A6CDF80,2024-11,2024-11-22,317.4,328.6,11.2,False,False
TBA965CD37E,2024-11,2024-11-23,210.7,223.6,12.9,False,False
T8917AF33E8,2024-11,2024-11-25,579.6,655.9,76.3,False,False
T4F696F6C0E,2024-11,2024-11-25,233.1,249.0,15.9,False,False
TFB9BD0FCA4,2024-11,2024-11-23,1473.6,1513.3,39.7,False,False
T6372E1147F,2024-11,2024-11-20,956.0,976.8,20.8,False,False
T8B4FC280C2,2024-11,2024-11-24,376.7,389.6,12.9,False,False
T0AF0DD2FE5,2024-11,2024-11-23,920.0,932.1,12.1,False,False
T9BABD62590,2024-11,2024-11-22,962.7,1000.9,38.2,False,False
TBBD0028CDB,2024-11,2024-11-20,808.3,808.3,0.0,True,False
T30E453AB34,2024-11,2024-11-23,869.2,884.5,15.3,False,False
T7DC59256DC,2024-11,2024-11-22,445.1,472.7,27.6,False,False
TCC371206BC,2024-11,2024-11-23,392.6,405.1,12.5,False,False
TDEF092A4C5,2024-11,2024-11-23,1345.8,1356.9,11.1,False,False
TE13FCEC631,2024-11,2024-11-25,972.4,989.0,16.6,False,False
T7C3F6A8162,2024-11,2024-11-20,1287.1,1287.1,0.0,True,False
T0F4A3A74ED,2024-11,2024-11-23,682.5,701.5,19.0,False,False
T5BEF82BC17,2024-11,2024-11-24,1212.5,1225.8,13.3,False,False
T07AC5856A4,2024-11,2024-11-20,538.9,551.2,12.3,False,False
T0185184B59,2024-11,2024-11-22,1069.2,1082.5,13.3,False,False
T79F8E1FAE8,2024-11,2024-11-22,127.6,141.1,13.5,False,False
T4D40D256FE,2024-11,2024-11-21,872.0,897.0,25.0,False,False
TE74495FCDD,2024-11,2024-11-21,1437.7,1447.6,9.9,False,False
TAD9ED625D1,2024-11,2024-11-21,1285.9,1301.8,15.9,False,False
TE7328B9E12,2024-11,2024-11-23,573.1,579.0,5.9,False,False
T5FC1C50126,2024-11,2024-11-20,977.4,1005.6,28.2,False,False
T203C71CAC2,2024-11,2024-11-20,1466.9,1481.8,14.9,False,False
T1D1F227112,2024-11,2024-11-25,575.9,593.1,17.2,False,False
TF62BDC6E96,2024-11,2024-11-25,1467.6,1485.4,17.8,False,False
T5D35014BC6,2024-11,2024-11-25,1539.3,1547.7,8.4,False,False
T9C80DA594D,2024-11,2024-11-23,613.8,621.1,7.3,False,False
T575100FEE6,2024-11,2024-11-25,214.5,241.3,26.8,False,False
TFF833858D4,2024-11,2024-11-21,1532.7,1543.3,10.6,False,False
T44C452513D,2024-11,2024-11-23,663.5,,,False,False
TC11C4F89B7,2024-11,2024-11-24,251.5,272.1,20.6,False,False
T519E11C12F,2024-11,2024-11-24,173.5,185.6,12.1,False,False
T1D1C3809AD,2024-11,2024-11-21,803.1,845.6,42.5,False,False
T2F89E8ED6F,2024-11,2024-11-20,1269.1,1282.5,13.4,False,False
TED624C9B29,2024-11,2024-11-25,1265.9,1278.5,12.6,False,False
T80599540B9,2024-11,2024-11-22,200.9,232.2,31.3,False,False
T99F86EAA03,2024-11,2024-11-24,727.0,745.6,18.6,False,False
T48E474E620,2024-11,2024-11-22,1217.0,1232.6,15.6,False,False
T62F138B69F,2024-11,2024-11-24,1243.4,1259.7,16.3,False,False
T0ABCC73F5F,2024-11,2024-11-21,1248.6,1256.6,8.0,False,False
T451A03E5F4,2024-11,2024-11-22,649.4,680.1,30.7,False,False
T28A5C3A212,2024-11,2024-11-24,834.1,842.1,8.0,False,False
T9BF23AC92B,2024-11,2024-11-25,948.3,964.5,16.2,False,False
T8D847ABAD5,2024-11,2024-11-23,823.7,831.9,8.2,False,False
T79AD100612,2024-11,2024-11-22,1105.8,1132.0,26.2,False,False
T595C48877B,2024-11,2024-11-20,976.1,996.2,20.1,False,False
T7E1F631507,2024-11,2024-11-20,118.7,135.2,16.5,False,False
T7CEE29F570,2024-11,2024-11-23,383.6,383.6,0.0,True,False
TB28F8F08F4,2024-11,2024-11-21,741.3,752.7,11.4,False,False
T741A1119FA,2024-11,2024-11-24,375.0,396.7,21.7,False,False
T26862D1A4A,2024-11,2024-11-22,1644.4,1644.4,0.0,True,False
TCB96D14BFD,2024-11,2024-11-20,609.5,620.1,10.6,False,False
TF07D19AE17,2024-11,2024-11-24,260.4,293.4,33.0,False,False
T7AE1E63696,2024-11,2024-11-25,1386.8,1397.4,10.6,False,False
TEA687BEEC8,2024-11,2024-11-23,391.1,405.1,14.0,False,False
T5C97BD73CE,2024-11,2024-11-25,1463.1,1481.9,18.8,False,False
T64DF103F27,2024-11,2024-11-24,313.8,326.8,13.0,False,False
T962D5133B5,2024-11,2024-11-23,1179.0,1196.8,17.8,False,False
TFAE2AFD636,2024-11,2024-11-25,1365.7,1373.1,7.4,False,False
T8237A9AE83,2024-11,2024-11-25,402.5,417.1,14.6,False,False
T124789ED12,2024-11,2024-11-25,834.5,842.0,7.5,False,False
T77D8F1F07B,2024-11,2024-11-20,841.3,895.7,54.4,False,False
T88E01EE6A9,2024-11,2024-11-20,601.3,625.6,24.3,False,False
TCCA2F0E6D1,2024-11,2024-11-20,445.2,462.9,17.7,False,False
TE7C4074532,2024-11,2024-11-21,283.7,307.8,24.1,False,False
TE08ACE6D71,2024-11,2024-11-21,1435.4,1449.3,13.9,False,False
TF5AB4BC37D,2024-11,2024-11-23,467.0,476.9,9.9,False,False
T31A37C291B,2024-11,2024-11-22,116.5,130.4,13.9,False,False
T85072A41C6,2024-11,2024-11-20,1271.0,,,False,False
T3DB8E8C91B,2024-11,2024-11-24,978.2,996.4,18.2,False,False
T1F21C0A526,2024-11,2024-11-21,284.0,307.3,23.3,False,False
TC653350390,2024-11,2024-11-25,1377.8,1386.3,8.5,False,False
TF357DF2C85,2024-11,2024-11-20,581.0,600.0,19.0,False,False
TC2B54F643A,2024-11,2024-11-22,338.3,350.0,11.7,False,False
T62A907AFA1,2024-11,2024-11-25,598.9,606.2,7.3,False,False
T9B926E1A60,2024-11,2024-11-21,808.6,816.0,7.4,False,False
T95A557D58C,2024-11,2024-11-24,1268.7,1408.5,139.8,False,False
T4FD73F8DF8,2024-11,2024-11-20,208.3,214.0,5.7,False,False
TAA9E781779,2024-11,2024-11-22,1071.6,1086.0,14.4,False,False
T5AB667FA59,2024-11,2024-11-23,1143.2,1162.7,19.5,False,False
T2FB8838715,2024-11,2024-11-23,1476.9,1499.2,22.3,False,False
TDC0B728E72,2024-11,2024-11-23,965.0,1021.3,56.3,False,False
T500E1E73A5,2024-11,2024-11-22,823.8,835.6,11.8,False,False
T518D652731,2024-11,2024-11-20,581.3,600.7,19.4,False,False
T5F78380FF1,2024-11,2024-11-25,837.9,849.9,12.0,False,False
T2269F4C04A,2024-11,2024-11-20,1017.4,1066.8,49.4,False,False
T75D0C6EEF9,2024-11,2024-11-23,1487.8,1629.8,142.0,False,False
T08C84C6180,2024-11,2024-11-20,295.7,313.2,17.5,False,False
TBE3328794F,2024-11,2024-11-23,1019.7,1027.3,7.6,False,False
T7BF732B1D4,2024-11,2024-11-22,1110.8,1121.1,10.3,False,False
T680C591820,2024-11,2024-11-25,1116.4,1121.7,5.3,False,False
T87B30A11CA,2024-11,2024-11-21,1487.3,1499.1,11.8,False,False
T2C69DDD554,2024-11,2024-11-20,915.5,962.9,47.4,False,False
TB5DCDB3D2B,2024-11,2024-11-21,1347.5,1354.7,7.2,False,False
TF1BF705581,2024-11,2024-11-24,710.1,733.3,23.2,False,False
T7861C2062B,2024-11,2024-11-25,1670.9,1700.4,29.5,False,False
T3E7A117328,2024-11,2024-11-23,380.0,393.5,13.5,False,False
T626DE7D352,2024-11,2024-11-21,1175.2,1229.3,54.1,False,False
T30CED3EF6B,2024-11,2024-11-21,954.7,972.6,17.9,False,False
T6F621D315F,2024-11,2024-11-25,256.5,279.1,22.6,False,False
T5AEAFABEEB,2024-11,2024-11-22,997.3,1012.1,14.8,False,False
T6E1A658692,2024-11,2024-11-21,577.3,595.1,17.8,False,False
TDFD739AFF7,2024-11,2024-11-22,1377.8,1392.5,14.7,False,False
T0E7497BE87,2024-11,2024-11-25,281.7,295.5,13.8,False,False
T63245D9338,2024-11,2024-11-23,313.2,329.5,16.3,False,False
T2FC1A9FEB9,2024-11,2024-11-21,361.9,375.8,13.9,False,False
TE5572E3B77,2024-11,2024-11-23,1478.1,1485.9,7.8,False,False
T93AE74FC8C,2024-11,2024-11-24,879.4,897.1,17.7,False,False
TCE4F3C1854,2024-11,2024-11-25,1689.8,1718.2,28.4,False,False
T623FDA0FEC,2024-11,2024-11-24,551.7,593.4,41.7,False,True
T6FCD9FC327,2024-11,2024-11-20,431.1,436.8,5.7,False,False
T26D49D2B10,2024-11,2024-11-24,946.8,1026.5,79.7,False,True
T6B0F45148F,2024-11,2024-11-20,906.7,987.3,80.6,False,False
T5DA6DABC22,2024-11,2024-11-21,594.8,611.4,16.6,False,False
T4C0FAA9237,2024-11,2024-11-20,885.8,906.9,21.1,False,False
T629B85F6AE,2024-11,2024-11-25,1398.5,1398.5,0.0,True,False
TE6221DA147,2024-11,2024-11-20,803.3,814.0,10.7,False,False
T7092CB932F,2024-11,2024-11-22,1308.3,1325.6,17.3,False,False
T38F3AD60D6,2024-11,2024-11-22,395.1,410.7,15.6,False,False
T051D6304AA,2024-11,2024-11-22,1032.6,1047.5,14.9,False,False
T1677509027,2024-11,2024-11-22,452.0,464.1,12.1,False,False
TCE43CAAFDD,2024-11,2024-11-21,1004.1,1016.4,12.3,False,False
TD6051C60DD,2024-11,2024-11-25,1246.4,1279.9,33.5,False,False
TD81C7B0AC7,2024-11,2024-11-20,1486.3,1499.0,12.7,False,False
TEB9B6A4FBC,2024-11,2024-11-22,839.2,839.2,0.0,True,False
T8E67D26322,2024-11,2024-11-22,1616.3,1632.4,16.1,False,False
T0E8259349E,2024-11,2024-11-21,230.5,249.6,19.1,False,False
TEC586A8374,2024-11,2024-11-25,1001.7,1014.2,12.5,False,False
T1E40F3A239,2024-11,2024-11-21,1042.5,1054.7,12.2,False,False
T716C530DED,2024-11,2024-11-22,540.0,557.8,17.8,False,False
T7562476AEF,2024-11,2024-11-23,1540.9,1561.9,21.0,False,False
TB460453C4D,2024-11,2024-11-21,266.7,283.7,17.0,False,False
T4A69C0BA6F,2024-11,2024-11-21,493.5,511.0,17.5,False,False
TB3006B8F03,2024-11,2024-11-21,729.6,744.8,15.2,False,False
TED3E393477,2024-11,2024-11-22,1527.5,1545.9,18.4,False,False
TA014F1FF15,2024-11,2024-11-24,1107.7,1125.7,18.0,False,False
T08D24C843D,2024-11,2024-11-21,311.5,333.8,22.3,False,False
T328C38D103,2024-11,2024-11-22,1585.8,1604.0,18.2,False,False
T5D52776F44,2024-11,2024-11-25,443.1,450.4,7.3,False,False
T350C7F0CAD,2024-11,2024-11-25,514.1,527.0,12.9,False,False
TE4BF83F9A5,2024-11,2024-11-23,1352.8,1375.5,22.7,False,False
T363192FB18,2024-11,2024-11-22,1012.1,1032.4,20.3,False,False
TE7D390D6E1,2024-11,2024-11-21,909.3,932.5,23.2,False,False
TEAED0D702E,2024-11,2024-11-21,958.3,970.7,12.4,False,False
T76D2631BBE,2024-11,2024-11-22,1229.4,1245.9,16.5,False,False
T41D9DAD65E,2024-11,2024-11-22,619.1,626.6,7.5,False,False
T4FB688BCF2,2024-11,2024-11-24,1112.6,1125.7,13.1,False,False
T49C247A691,2024-11,2024-11-25,555.4,573.2,17.8,False,False
TAD97E4B580,2024-11,2024-11-25,157.2,171.7,14.5,False,False
TA6D3C701E5,2024-11,2024-11-22,316.7,332.5,15.8,False,False
T1629374829,2024-11,2024-11-25,672.2,705.8,33.6,False,False
TE380DFCDD5,2024-11,2024-11-24,1108.6,1119.8,11.2,False,False
TC71E645A97,2024-11,2024-11-20,804.1,821.5,17.4,False,False
T3B2D063348,2024-11,2024-11-25,363.3,369.7,6.4,False,False
T6B0703F297,2024-11,2024-11-21,1002.7,1014.4,11.7,False,False
T2442BBD224,2024-11,2024-11-23,700.2,713.5,13.3,False,False
T94AEE9D59A,2024-11,2024-11-20,1003.5,1010.5,7.0,False,False
TC36C8FB548,2024-11,2024-11-21,1388.8,1397.2,8.4,False,False
TEA6C60108F,2024-11,2024-11-20,1450.2,1450.2,0.0,True,False
T5D0DA4A5A3,2024-11,2024-11-25,931.5,944.9,13.4,False,False
TCE2F3968A5,2024-11,2024-11-21,908.4,924.5,16.1,False,False
T3290CE40ED,2024-11,2024-11-25,1411.2,1436.6,25.4,False,False
TFF800A383C,2024-11,2024-11-22,1101.1,1111.5,10.4,False,False
T43D369AD4F,2024-11,2024-11-25,742.4,753.3,10.9,False,False
T2558B25F4A,2024-11,2024-11-21,130.2,144.8,14.6,False,False
TF2D53B5266,2024-11,2024-11-21,1392.3,1404.1,11.8,False,False
T46E626FB09,2024-11,2024-11-25,208.3,227.0,18.7,False,False
T7E0A59EC74,2024-11,2024-11-22,376.8,383.3,6.5,False,False
TDB77C6E5BA,2024-11,2024-11-20,569.0,581.7,12.7,False,False
TB2420A8657,2024-11,2024-11-23,1120.6,1131.9,11.3,False,False
TB1246EBDB6,2024-11,2024-11-21,640.3,640.3,0.0,True,False
T8C8BD1D187,2024-11,2024-11-24,1063.0,1142.7,79.7,False,True
T9A87FD75BB,2024-11,2024-11-20,514.4,528.7,14.3,False,False
T7220DB253B,2024-11,2024-11-24,655.2,672.0,16.8,False,False
T024582A041,2024-11,2024-11-23,1400.2,1434.2,34.0,False,False
TA3D7EB0EB6,2024-11,2024-11-25,1397.8,1400.3,2.5,False,False
T980F08905D,2024-11,2024-11-22,1339.7,1347.1,7.4,False,False
T0070991C4A,2024-11,2024-11-24,389.6,402.0,12.4,False,False
TE62F9D24A2,2024-11,2024-11-21,761.6,761.6,0.0,True,False
T660F58D22C,2024-11,2024-11-24,1226.5,1243.5,17.0,False,False
TC9C59FD3C0,2024-11,2024-11-20,1372.3,1387.5,15.2,False,False
TC85BCF4679,2024-11,2024-11-25,644.9,660.4,15.5,False,False
T711A4FB3DC,2024-11,2024-11-22,1266.3,1274.6,8.3,False,False
TDA01857472,2024-11,2024-11-25,663.2,667.7,4.5,False,False
T593C7D2F36,2024-11,2024-11-24,914.0,922.2,8.2,False,False
TAD1B3ECAF6,2024-11,2024-11-20,722.1,737.4,15.3,False,False
T62DB418771,2024-12,2024-12-23,1158.1,1181.5,23.4,False,False
T516D296A99,2024-12,2024-12-24,771.4,781.1,9.7,False,False
TF6199DECCB,2024-12,2024-12-23,1231.8,1269.8,38.0,False,False
TBFDD3649BD,2024-12,2024-12-25,1369.0,1383.8,14.8,False,False
T1A8F7C05C9,2024-12,2024-12-22,1266.2,1273.8,7.6,False,False
T6B4FC6C7C6,2024-12,2024-12-25,752.3,774.9,22.6,False,False
T6EE7490E19,2024-12,2024-12-24,1474.3,1488.2,13.9,False,False
T771EC6B537,2024-12,2024-12-25,913.3,913.3,0.0,True,False
TA87CD37475,2024-12,2024-12-21,422.9,446.4,23.5,False,False
T00048F12E2,2024-12,2024-12-20,168.5,178.0,9.5,False,False
TDE3B85E449,2024-12,2024-12-22,1060.0,1077.4,17.4,False,False
TDFD5EF1E2B,2024-12,2024-12-20,661.1,677.6,16.5,False,False
T6BE1C12D07,2024-12,2024-12-23,1810.6,1915.0,104.4,False,False
TE17C7596F7,2024-12,2024-12-22,265.8,265.8,0.0,True,False
TF0590D064A,2024-12,2024-12-24,527.3,541.2,13.9,False,False
T0201C8273D,2024-12,2024-12-24,436.0,446.0,10.0,False,False
T416D725964,2024-12,2024-12-20,1205.7,1205.7,0.0,True,False
T592985E849,2024-12,2024-12-20,348.9,372.6,23.7,False,False
T8CFD079CB6,2024-12,2024-12-20,1587.0,1604.0,17.0,False,False
TD10A6EDCA0,2024-12,2024-12-23,909.6,933.5,23.9,False,False
T0CE7987E4B,2024-12,2024-12-20,831.2,905.8,74.6,False,False
T0F12629295,2024-12,2024-12-24,396.1,399.1,3.0,False,False
T7833B36159,2024-12,2024-12-24,678.8,695.0,16.2,False,False
T997FF51E88,2024-12,2024-12-24,842.8,853.2,10.4,False,False
TB0AFAFC426,2024-12,2024-12-20,1836.2,1886.7,50.5,False,False
T4B2228F178,2024-12,2024-12-25,606.4,625.2,18.8,False,False
T5D1D63651A,2024-12,2024-12-23,394.1,414.7,20.6,False,False
T005A9CE174,2024-12,2024-12-22,1299.0,1307.9,8.9,False,False
T0E572DDC2C,2024-12,2024-12-21,1051.7,1061.0,9.3,False,False
T6B4C3EB33E,2024-12,2024-12-23,1336.3,1340.7,4.4,False,False
T98621FD0F2,2024-12,2024-12-21,1474.0,1579.3,105.3,False,False
TCED7759D69,2024-12,2024-12-25,1296.3,1319.6,23.3,False,False
T148BA00559,2024-12,2024-12-20,1243.2,1263.0,19.8,False,False
T8EF8382AF5,2024-12,2024-12-20,1537.3,1549.6,12.3,False,False
T294140BCEC,2024-12,2024-12-24,379.5,403.0,23.5,False,False
T2B4ECE5F7A,2024-12,2024-12-24,400.5,416.3,15.8,False,False
TFCDB644B38,2024-12,2024-12-22,353.4,378.8,25.4,False,False
TF46C85CB55,2024-12,2024-12-23,667.0,672.9,5.9,False,False
T635E7348B0,2024-12,2024-12-24,396.5,416.3,19.8,False,False
TD950C1321E,2024-12,2024-12-24,378.6,391.9,13.3,False,False
T79F7CA1313,2024-12,2024-12-22,266.6,272.8,6.2,False,False
T1890D0D69D,2024-12,2024-12-21,846.3,860.5,14.2,False,False
T92ED6C6BBC,2024-12,2024-12-25,466.4,474.9,8.5,False,False
T1A234D637E,2024-12,2024-12-25,1206.0,1222.3,16.3,False,False
T0FA07C2AE6,2024-12,2024-12-25,378.5,378.5,0.0,True,False
T85D9327E38,2024-12,2024-12-24,1371.0,1382.8,11.8,False,False
T9B2220E701,2024-12,2024-12-25,1069.1,1092.5,23.4,False,False
T75AE25B236,2024-12,2024-12-25,904.9,919.1,14.2,False,False
T85C4B9E9BD,2024-12,2024-12-20,1189.3,1196.4,7.1,False,False
TAAC46C752C,2024-12,2024-12-24,1524.8,1530.7,5.9,False,False
TB5ABA37301,2024-12,2024-12-21,914.1,931.9,17.8,False,False
TDB1931905E,2024-12,2024-12-21,997.2,1011.8,14.6,False,False
T8A79BCF725,2024-12,2024-12-21,1302.2,1308.6,6.4,False,False
T1383BC162C,2024-12,2024-12-21,1588.6,1604.2,15.6,False,False
TE3F34F661C,2024-12,2024-12-25,1170.0,1170.0,0.0,True,False
T945DF5CC73,2024-12,2024-12-25,1082.6,1082.6,0.0,True,False
T89289351AD,2024-12,2024-12-20,1184.8,1196.8,12.0,False,False
T3C6A8E589D,2024-12,2024-12-25,322.0,343.6,21.6,False,False
T9EDB41553F,2024-12,2024-12-20,239.3,246.6,7.3,False,False
T39FECD2D40,2024-12,2024-12-25,808.9,269.71752865043703,19.5,False,False
T393F331539,2024-12,2024-12-23,420.2,430.7,10.5,False,False
T44E572D176,2024-12,2024-12-23,423.5,442.0,18.5,False,False
T6A0C9518A5,2024-12,2024-12-22,1256.9,1269.8,12.9,False,False
T6F6C091F32,2024-12,2024-12-23,1379.0,1392.2,13.2,False,False
T0A7DFC3903,2024-12,2024-12-22,1436.6,1456.2,19.6,False,False
T4CA807AAAE,2024-12,2024-12-25,458.9,501.0,42.1,False,False
T292B036CC6,2024-12,2024-12-21,923.8,937.9,14.1,False,False
TF252236170,2024-12,2024-12-24,146.0,160.3,14.3,False,False
T47A88C447A,2024-12,2024-12-21,712.2,720.7,8.5,False,False
T29274E7656,2024-12,2024-12-24,353.8,371.6,17.8,False,False
TF94B3B4CEA,2024-12,2024-12-20,608.7,624.1,15.4,False,False
TD79C86593F,2024-12,2024-12-24,1039.4,1064.0,24.6,False,False
T042B2178D1,2024-12,2024-12-20,198.5,221.1,22.6,False,False
TE9E2B18053,2024-12,2024-12-22,741.0,805.3,64.3,False,False
T80D9A080BE,2024-12,2024-12-21,1885.3,1937.8,52.5,False,False
T580C1D0E5A,2024-12,2024-12-25,855.7,900.0,44.3,False,False
T262047037E,2024-12,2024-12-22,562.2,573.9,11.7,False,False
T997FBB56CB,2024-12,2024-12-21,1483.1,1496.8,13.7,False,False
T488907BADA,2024-12,2024-12-23,487.6,517.6,30.0,False,False
T959B664297,2024-12,2024-12-21,130.2,143.9,13.7,False,False
TCE4FA87780,2024-12,2024-12-24,1296.6,1296.6,0.0,True,False
T6A6F416B64,2024-12,2024-12-25,1057.6,1069.4,11.8,False,False
T5C22EC11B8,2024-12,2024-12-23,897.5,947.8,50.3,False,False
T132EB7CE2B,2024-12,2024-12-22,1158.1,1169.9,11.8,False,False
T011F73020E,2024-12,2024-12-24,1189.8,1204.7,14.9,False,False
T0197678D11,2024-12,2024-12-25,857.0,903.4,46.4,False,False
TBA58CFEBC6,2024-12,2024-12-23,1578.0,1599.9,21.9,False,False
T78A401EEAD,2024-12,2024-12-24,315.6,315.6,0.0,True,False
TE33F90B286,2024-12,2024-12-24,371.2,390.8,19.6,False,False
T761C9E26E6,2024-12,2024-12-25,312.2,329.2,17.0,False,False
T65187CE62C,2024-12,2024-12-24,766.4,812.7,46.3,False,False
T6DD4962896,2024-12,2024-12-25,295.6,310.0,14.4,False,False
T57E5EAB9B8,2024-12,2024-12-24,1079.3,1089.5,10.2,False,False
T0D1C506545,2024-12,2024-12-24,838.1,838.1,0.0,True,False
T16385BC409,2024-12,2024-12-20,282.4,293.5,11.1,False,False
T703E749B16,2024-12,2024-12-20,751.2,765.6,14.4,False,False
TE03815B898,2024-12,2024-12-25,1522.2,1544.9,22.7,False,False
T5EDC8CD764,2024-12,2024-12-22,1118.5,1118.5,0.0,True,False
T8A0E42EA46,2024-12,2024-12-21,1233.9,1246.2,12.3,False,False
T58E4665FE8,2024-12,2024-12-24,378.9,401.9,23.0,False,False
T45A3829C6C,2024-12,2024-12-23,280.6,295.9,15.3,False,False
T0F2B41D96D,2024-12,2024-12-24,312.6,343.5,30.9,False,False
T45E4DAC832,2024-12,2024-12-21,834.1,834.1,0.0,True,False
TB308B5DC7A,2024-12,2024-12-24,1173.2,1186.3,13.1,False,False
T5A52BDFD5B,2024-12,2024-12-20,1199.7,1206.9,7.2,False,False
T3B6195226D,2024-12,2024-12-23,564.3,583.5,19.2,False,False
TEF3ACC364D,2024-12,2024-12-20,161.1,175.9,14.8,False,False
T0E3944E1C7,2024-12,2024-12-23,1455.2,1466.0,10.8,False,False
TC5E02C2AE1,2024-12,2024-12-20,883.0,889.1,6.1,False,False
T9C181CA6B2,2024-12,2024-12-21,724.7,763.7,39.0,False,True
T46D0D9FE06,2024-12,2024-12-23,986.7,996.5,9.8,False,False
T3763EE0258,2024-12,2024-12-24,327.2,337.8,10.6,False,False
TB6793708AF,2024-12,2024-12-23,802.6,814.4,11.8,False,False
T02BF3919B7,2024-12,2024-12-20,1236.7,1246.0,9.3,False,False
T61903D0C08,2024-12,2024-12-23,442.2,453.0,10.8,False,False
T1540962193,2024-12,2024-12-22,869.7,938.7,69.0,False,False
TE8DF4BFC62,2024-12,2024-12-24,1631.3,1666.4,35.1,False,False
T97A5E4F98E,2024-12,2024-12-22,1234.2,1251.7,17.5,False,False
TB2B631F6DE,2024-12,2024-12-21,142.5,160.9,18.4,False,False
TFD4476DD46,2024-12,2024-12-21,705.4,732.4,27.0,False,False
T63AE43B763,2024-12,2024-12-24,963.1,981.5,18.4,False,False
TF7E0F3ADFA,2024-12,2024-12-24,587.3,587.3,0.0,True,False
T9F3D4A99A8,2024-12,2024-12-22,997.6,1003.3,5.7,False,False
T3AF0CA5142,2024-12,2024-12-21,1116.0,1116.0,0.0,True,False
T525C93E294,2024-12,2024-12-21,303.3,312.9,9.6,False,False
TA60FF3309B,2024-12,2024-12-25,1198.9,1208.9,10.0,False,False
T6230F0F81A,2024-12,2024-12-20,223.6,234.8,11.2,False,False
T486DC7662A,2024-12,2024-12-25,2331.4,2543.3,211.9,False,False
T0DD0FDF0BD,2024-12,2024-12-22,680.5,700.4,19.9,False,False
T81EEF6FCD3,2024-12,2024-12-24,820.5,832.6,12.1,False,False
T6269371CAA,2024-12,2024-12-23,1385.0,1394.8,9.8,False,False
TF7BDB30AC3,2024-12,2024-12-23,620.3,653.3,33.0,False,False
TC1EBE75CAC,2024-12,2024-12-20,1015.6,1033.2,17.6,False,False
T0A0805FB46,2024-12,2024-12-22,1629.2,1650.2,21.0,False,False
T7C1EBC3C4C,2024-12,2024-12-22,435.7,457.5,21.8,False,False
TFB5558315C,2024-12,2024-12-20,235.6,254.3,18.7,False,False
T4D34DCD6FE,2024-12,2024-12-23,733.7,748.5,14.8,False,False
T8F2163E1AC,2024-12,2024-12-22,1491.9,1519.9,28.0,False,False
T6D36EEA27E,2024-12,2024-12-24,229.2,229.2,0.0,True,False
TD718599337,2024-12,2024-12-21,1005.9,1039.6,33.7,False,False
TACFC1D584E,2024-12,2024-12-24,1161.1,1222.4,61.3,False,True
TE1CE4D9E5A,2024-12,2024-12-21,335.5,352.3,16.8,False,False
TEEB9050E6F,2024-12,2024-12-22,726.2,751.3,25.1,False,False
T266175A7E1,2024-12,2024-12-22,1453.7,1477.9,24.2,False,False
T188F8436EB,2024-12,2024-12-22,485.5,495.1,9.6,False,False
TBF5EF4019A,2024-12,2024-12-23,844.8,856.5,11.7,False,False
TF8038E3438,2024-12,2024-12-25,706.4,717.6,11.2,False,False
T14A35B501D,2024-12,2024-12-22,1065.6,1098.7,33.1,False,False
TACA1F6575E,2024-12,2024-12-20,101.6,111.1,9.5,False,False
T425CF74F89,2024-12,2024-12-23,971.5,973.4,1.9,False,False
T7E561E41DF,2024-12,2024-12-20,1567.7,1590.3,22.6,False,False
TAE21909B09,2024-12,2024-12-24,549.9,561.6,11.7,False,False
TA49FD77129,2024-12,2024-12-20,1062.2,1096.9,34.7,False,False
T83C53CBDE3,2024-12,2024-12-22,825.1,839.3,14.2,False,False
T8989E9F3E0,2024-12,2024-12-20,1091.7,1108.6,16.9,False,False
T0E868A3F47,2024-12,2024-12-24,1573.2,1593.4,20.2,False,False
TAA4A146A6F,2024-12,2024-12-24,925.8,938.8,13.0,False,False
T929701588B,2024-12,2024-12-25,602.0,609.1,7.1,False,False
TCBA87E8F93,2024-12,2024-12-22,1497.1,1514.4,17.3,False,False
T71B2CE98BC,2024-12,2024-12-20,1531.4,,,False,False
T3104E606FB,2024-12,2024-12-21,1527.2,1543.4,16.2,False,False
TC9C584B8EF,2024-12,2024-12-21,592.9,602.2,9.3,False,False
T42EAACA5A6,2024-12,2024-12-21,453.1,469.6,16.5,False,False
T27CD292019,2024-12,2024-12-24,1437.6,1452.9,15.3,False,False
T2631941D4D,2024-12,2024-12-24,1565.3,1587.9,22.6,False,False
TD6D0D046B5,2024-12,2024-12-20,394.5,402.0,7.5,False,False
T930BCF26DA,2024-12,2024-12-21,1493.4,1505.3,11.9,False,False
T7A263D97A8,2024-12,2024-12-21,274.0,296.5,22.5,False,False
T84CC232045,2024-12,2024-12-21,1030.7,1040.2,9.5,False,False
T1F7089E5B3,2024-12,2024-12-25,1199.4,1226.9,27.5,False,False
T6DD01C39D7,2024-12,2024-12-23,1153.1,1181.5,28.4,False,False
TE3814F5946,2024-12,2024-12-21,1118.4,1129.4,11.0,False,False
T260F6D657D,2024-12,2024-12-22,1598.6,1598.6,0.0,True,False
TF9F158A927,2024-12,2024-12-22,749.1,766.2,17.1,False,False
T2A78E596A5,2024-12,2024-12-24,547.9,562.3,14.4,False,False
T48829C6681,2024-12,2024-12-21,706.5,721.2,14.7,False,False
T5446AB5D4F,2024-12,2024-12-21,1385.2,1398.9,13.7,False,False
T6FEE2A0A85,2024-12,2024-12-24,341.4,352.9,11.5,False,False
T37BA3005AD,2024-12,2024-12-24,1142.4,1165.1,22.7,False,False
T599538981A,2024-12,2024-12-21,1161.8,1161.8,0.0,True,False
TC1FE3D7E79,2024-12,2024-12-22,1117.9,1132.4,14.5,False,False
TAB633F4546,2024-12,2024-12-20,290.7,309.3,18.6,False,False
TEF123948C4,2024-12,2024-12-23,624.8,633.0,8.2,False,False
T50EA3E30B0,2024-12,2024-12-25,1127.5,1137.6,10.1,False,False
T10E8B50E63,2024-12,2024-12-24,1282.6,1321.7,39.1,False,False
T75445AB825,2024-12,2024-12-23,1165.7,1174.5,8.8,False,False
T9AEC04CEE6,2024-12,2024-12-23,243.3,249.6,6.3,False,False
TE59C7E0558,2024-12,2024-12-22,426.3,436.1,9.8,False,False
T017F5CC857,2024-12,2024-12-24,1388.1,1412.3,24.2,False,False
T5740214D00,2024-12,2024-12-24,457.3,462.7,5.4,False,False
TA54FDBC969,2024-12,2024-12-24,778.8,778.8,0.0,True,False
T79348D1D8C,2024-12,2024-12-24,559.5,603.5,44.0,False,False
T0C38B9638D,2024-12,2024-12-23,921.6,950.4,28.8,False,False
TF8CD7DEDDA,2024-12,2024-12-21,744.4,761.4,17.0,False,False
TD4AA44C620,2024-12,2024-12-20,696.8,721.0,24.2,False,False
TBA22021045,2024-12,2024-12-25,605.3,677.3,72.0,False,False
TAE4991C39A,2024-12,2024-12-24,1494.8,1511.8,17.0,False,False
T926427EC22,2024-12,2024-12-25,669.7,688.2,18.5,False,False
T03F3726F54,2024-12,2024-12-20,974.3,985.5,11.2,False,False
T9C5C1B51E6,2024-12,2024-12-24,259.0,280.5,21.5,False,False
TAB67F85714,2024-12,2024-12-25,1590.3,1606.5,16.2,False,False
T021E4A2B45,2024-12,2024-12-25,580.8,595.8,15.0,False,False
T9C284C6EDE,2024-12,2024-12-20,1497.2,1515.3,18.1,False,False
TE5AE06739E,2024-12,2024-12-24,215.3,228.8,13.5,False,False
T01F422D988,2024-12,2024-12-25,1558.6,79.22091886481833,11.7,False,False
T812E69DF24,2024-12,2024-12-25,842.9,899.5,56.6,False,False
T1753290875,2024-12,2024-12-25,1428.9,1444.2,15.3,False,False
T6453265506,2024-12,2024-12-21,1935.8,2054.8,119.0,False,False
T3DCE54CBCD,2024-12,2024-12-21,250.9,258.3,7.4,False,False
T25A59C1230,2024-12,2024-12-25,220.7,252.5,31.8,False,False
T7149DBE7E7,2024-12,2024-12-22,967.3,995.0,27.7,False,False
T17B01CE93D,2024-12,2024-12-25,1369.5,1388.7,19.2,False,False
T2A7B7C0706,2024-12,2024-12-21,1335.7,1350.6,14.9,False,False
TA2A12750E0,2024-12,2024-12-22,486.2,498.5,12.3,False,False
TCDF5CCF9D1,2024-12,2024-12-23,1610.3,1628.6,18.3,False,False
T136877D852,2024-12,2024-12-25,1047.9,1062.8,14.9,False,False
TD93E7F3525,2024-12,2024-12-24,1205.1,1212.3,7.2,False,False
T9E698DAD97,2024-12,2024-12-23,330.9,347.7,16.8,False,False
TA7CD008CD2,2024-12,2024-12-21,1331.9,1353.3,21.4,False,False
TB5E2F0D295,2024-12,2024-12-23,880.5,892.8,12.3,False,False
T886651EB56,2024-12,2024-12-22,1611.8,1632.1,20.3,False,False
T726E26C014,2024-12,2024-12-23,487.1,494.7,7.6,False,False
T47801013F9,2024-12,2024-12-23,226.4,242.5,16.1,False,False
T7B44E5C01C,2024-12,2024-12-23,1116.1,1124.9,8.8,False,True
T06E1B5C91E,2024-12,2024-12-21,640.0,653.4,13.4,False,False
TBD7AFAA9AB,2024-12,2024-12-20,1181.6,1206.4,24.8,False,False
T3A8AE15DE9,2024-12,2024-12-25,1015.7,1024.4,8.7,False,False
T90FCBE8560,2024-12,2024-12-25,1269.7,1269.7,0.0,True,False
T6B76BCDCC8,2024-12,2024-12-23,1576.4,1632.5,56.1,False,False
T6B61D786E8,2024-12,2024-12-22,1043.8,1055.5,11.7,False,False
TD8B8E83F9D,2024-12,2024-12-24,1320.3,1337.6,17.3,False,False
T353F39960E,2024-12,2024-12-23,431.5,438.2,6.7,False,False
TC44518846F,2024-12,2024-12-22,341.4,341.4,0.0,True,False
T3DBD424B8F,2024-12,2024-12-22,571.9,587.6,15.7,False,False
TB8E4E6CA4C,2024-12,2024-12-23,698.4,749.6,51.2,False,False
T54630B6404,2024-12,2024-12-21,291.5,315.1,23.6,False,False
T71623730B1,2024-12,2024-12-25,1052.1,1063.2,11.1,False,False
T7436A106AE,2024-12,2024-12-25,427.4,438.3,10.9,False,False
T6191B8FD69,2024-12,2024-12-20,1121.5,1151.4,29.9,False,True
TBA7727A83B,2024-12,2024-12-24,463.0,474.2,11.2,False,False
T66B24DDB8C,2024-12,2024-12-23,1593.3,1609.5,16.2,False,False
T0EAA0EDBAF,2024-12,2024-12-23,726.3,762.5,36.2,False,False
TDCBC842E3A,2024-12,2024-12-21,445.5,471.9,26.4,False,False
T305BACE840,2024-12,2024-12-25,731.7,747.6,15.9,False,False
TAD0E244201,2024-12,2024-12-23,1074.7,1093.1,18.4,False,False
T824A68B378,2024-12,2024-12-24,1258.8,1263.2,4.4,False,False
T9F72B39B89,2024-12,2024-12-22,651.2,661.8,10.6,False,False
T0380D1AD85,2024-12,2024-12-24,1006.5,1023.5,17.0,False,False
TD58AFBB420,2024-12,2024-12-25,1754.5,1800.5,46.0,False,False
TB1A6FA6009,2024-12,2024-12-23,350.5,350.5,0.0,True,False
TB95EB354D9,2024-12,2024-12-22,990.5,1011.5,21.0,False,False
T6EBEC2B9E3,2024-12,2024-12-23,545.5,545.5,0.0,True,False
TCBAFB86C54,2024-12,2024-12-22,1534.2,1534.2,0.0,True,False
T2D884BEE59,2024-12,2024-12-23,1149.5,1168.3,18.8,False,False
T81E3CAC404,2024-12,2024-12-23,1238.4,1245.1,6.7,False,False
TB13246DF04,2024-12,2024-12-22,1770.9,1848.8,77.9,False,False
T38FC29870C,2024-12,2024-12-25,895.3,904.1,8.8,False,False
T0B952300A6,2024-12,2024-12-23,1078.3,1090.5,12.2,False,False
T592EE5AE5A,2024-12,2024-12-23,456.2,474.2,18.0,False,False
T8AB7B992DC,2024-12,2024-12-20,1499.3,1510.4,11.1,False,False
TE13531501B,2024-12,2024-12-24,222.3,222.3,0.0,True,False
T603C6A7DDF,2024-12,2024-12-21,1578.8,1625.8,47.0,False,False
T9B1CF87E17,2024-12,2024-12-23,551.7,565.4,13.7,False,False
T7E47E27FFB,2024-12,2024-12-25,1037.3,1048.2,10.9,False,False
T2FE3E18EED,2024-12,2024-12-23,985.3,998.5,13.2,False,False
T518FD2CD05,2024-12,2024-12-22,700.2,716.0,15.8,False,False
TCA03B52F53,2024-12,2024-12-23,299.8,312.8,13.0,False,False
TC97F0C81C8,2024-12,2024-12-23,1388.9,1500.8,111.9,False,False
T5825BB17FC,2024-12,2024-12-25,433.1,490.1,57.0,False,False
TC5E185C6E8,2024-12,2024-12-21,141.3,153.2,11.9,False,False
TEAD9E81003,2024-12,2024-12-23,790.1,801.8,11.7,False,False
TE23D5A574A,2024-12,2024-12-25,835.6,846.1,10.5,False,False
T04048D53A3,2024-12,2024-12-23,651.5,659.4,7.9,False,False
TE1AA9E77A7,2024-12,2024-12-24,922.7,922.7,0.0,True,False
TC54C99BA73,2024-12,2024-12-22,597.9,627.9,30.0,False,False
T013C0F8B57,2024-12,2024-12-24,1311.1,1324.0,12.9,False,False
T3C23C0A42C,2024-12,2024-12-22,887.2,907.9,20.7,False,False
TEDB2598366,2024-12,2024-12-20,1143.5,1155.3,11.8,False,False
T03D524AC98,2024-12,2024-12-23,1393.6,1410.2,16.6,False,False
T9B658694D7,2024-12,2024-12-24,572.8,572.8,0.0,True,False
T827DB403EF,2024-12,2024-12-20,1003.0,1005.2,2.2,False,False
TD5960FA89C,2024-12,2024-12-22,1015.1,1032.8,17.7,False,False
TEB9CD6778B,2024-12,2024-12-23,1380.0,1394.6,14.6,False,False
TCFB896C903,2024-12,2024-12-25,619.4,631.1,11.7,False,False
T4EBE5132B6,2024-12,2024-12-22,738.7,752.6,13.9,False,False
TD6D7800440,2024-12,2024-12-23,1342.4,1355.7,13.3,False,False
TB1AE49FA20,2024-12,2024-12-20,496.4,503.6,7.2,False,False
TF4940B0970,2024-12,2024-12-24,1056.7,1068.9,12.2,False,False
T6492EC951E,2024-12,2024-12-23,477.1,533.0,55.9,False,False
T5B2FD74A85,2024-12,2024-12-21,1285.7,1305.7,20.0,False,False
TCF1A6CDF80,2024-12,2024-12-25,328.6,,,False,False
TBA965CD37E,2024-12,2024-12-24,223.6,239.8,16.2,False,False
T8917AF33E8,2024-12,2024-12-22,655.9,743.4,87.5,False,False
T4F696F6C0E,2024-12,2024-12-23,249.0,261.3,12.3,False,False
TFB9BD0FCA4,2024-12,2024-12-24,1513.3,1513.3,0.0,True,False
T6372E1147F,2024-12,2024-12-20,976.8,992.2,15.4,False,False
T8B4FC280C2,2024-12,2024-12-23,389.6,403.4,13.8,False,False
T0AF0DD2FE5,2024-12,2024-12-25,932.1,945.4,13.3,False,False
T9BABD62590,2024-12,2024-12-23,1000.9,1042.6,41.7,False,False
TBBD0028CDB,2024-12,2024-12-21,808.3,821.0,12.7,False,False
T30E453AB34,2024-12,2024-12-25,884.5,901.8,17.3,False,False
T7DC59256DC,2024-12,2024-12-23,472.7,497.2,24.5,False,False
TCC371206BC,2024-12,2024-12-22,405.1,419.3,14.2,False,False
TDEF092A4C5,2024-12,2024-12-20,1356.9,1369.3,12.4,False,False
TE13FCEC631,2024-12,2024-12-23,989.0,1008.3,19.3,False,False
T7C3F6A8162,2024-12,2024-12-24,1287.1,1303.7,16.6,False,False
T0F4A3A74ED,2024-12,2024-12-23,701.5,724.5,23.0,False,False
T5BEF82BC17,2024-12,2024-12-22,1225.8,1239.3,13.5,False,False
T07AC5856A4,2024-12,2024-12-24,551.2,563.8,12.6,False,False
T0185184B59,2024-12,2024-12-20,1082.5,1093.2,10.7,False,False
T79F8E1FAE8,2024-12,2024-12-20,141.1,152.7,11.6,False,False
T4D40D256FE,2024-12,2024-12-23,897.0,917.8,20.8,False,False
TE74495FCDD,2024-12,2024-12-21,1447.6,,,False,False
TAD9ED625D1,2024-12,2024-12-22,1301.8,1321.2,19.4,False,False
TE7328B9E12,2024-12,2024-12-23,579.0,584.9,5.9,False,False
T5FC1C50126,2024-12,2024-12-23,1005.6,1005.6,0.0,True,False
T203C71CAC2,2024-12,2024-12-24,1481.8,1501.1,19.3,False,False
T1D1F227112,2024-12,2024-12-20,593.1,605.8,12.7,False,False
TF62BDC6E96,2024-12,2024-12-20,1485.4,1500.6,15.2,False,False
T5D35014BC6,2024-12,2024-12-20,1547.7,1554.8,7.1,False,False
T9C80DA594D,2024-12,2024-12-22,621.1,631.0,9.9,False,False
T575100FEE6,2024-12,2024-12-22,241.3,278.6,37.3,False,False
TFF833858D4,2024-12,2024-12-24,1543.3,1553.5,10.2,False,False
T44C452513D,2024-12,2024-12-22,679.1,700.4,21.3,False,False
TC11C4F89B7,2024-12,2024-12-25,272.1,298.1,26.0,False,False
T519E11C12F,2024-12,2024-12-25,185.6,196.1,10.5,False,False
T1D1C3809AD,2024-12,2024-12-20,845.6,885.3,39.7,False,False
T2F89E8ED6F,2024-12,2024-12-25,1282.5,1299.9,17.4,False,False
TED624C9B29,2024-12,2024-12-25,1278.5,1299.4,20.9,False,False
T80599540B9,2024-12,2024-12-23,232.2,259.5,27.3,False,False
T99F86EAA03,2024-12,2024-12-22,745.6,772.0,26.4,False,False
T48E474E620,2024-12,2024-12-23,1232.6,1251.8,19.2,False,False
T62F138B69F,2024-12,2024-12-22,1259.7,1285.8,26.1,False,False
T0ABCC73F5F,2024-12,2024-12-20,1256.6,1269.4,12.8,False,False
T451A03E5F4,2024-12,2024-12-22,680.1,716.9,36.8,False,False
T28A5C3A212,2024-12,2024-12-23,842.1,850.7,8.6,False,False
T9BF23AC92B,2024-12,2024-12-21,964.5,980.9,16.4,False,False
T8D847ABAD5,2024-12,2024-12-21,831.9,840.7,8.8,False,False
T79AD100612,2024-12,2024-12-24,1132.0,1149.0,17.0,False,False
T595C48877B,2024-12,2024-12-25,996.2,1010.4,14.2,False,False
T7E1F631507,2024-12,2024-12-22,135.2,153.7,18.5,False,False
T7CEE29F570,2024-12,2024-12-24,383.6,395.2,11.6,False,False
TB28F8F08F4,2024-12,2024-12-21,752.7,764.1,11.4,False,False
T741A1119FA,2024-12,2024-12-25,396.7,416.2,19.5,False,False
T26862D1A4A,2024-12,2024-12-22,1644.4,1677.5,33.1,False,False
TCB96D14BFD,2024-12,2024-12-22,620.1,630.0,9.9,False,False
TF07D19AE17,2024-12,2024-12-22,293.4,337.2,43.8,False,False
T7AE1E63696,2024-12,2024-12-24,1397.4,1406.0,8.6,False,False
TEA687BEEC8,2024-12,2024-12-24,405.1,416.3,11.2,False,False
T5C97BD73CE,2024-12,2024-12-21,1481.9,1503.5,21.6,False,False
T64DF103F27,2024-12,2024-12-25,326.8,337.9,11.1,False,False
T962D5133B5,2024-12,2024-12-20,1196.8,1210.9,14.1,False,False
TFAE2AFD636,2024-12,2024-12-23,1373.1,1383.8,10.7,False,False
T8237A9AE83,2024-12,2024-12-21,417.1,428.7,11.6,False,False
T124789ED12,2024-12,2024-12-24,842.0,847.6,5.6,False,False
T77D8F1F07B,2024-12,2024-12-25,895.7,940.4,44.7,False,False
T88E01EE6A9,2024-12,2024-12-21,625.6,642.7,17.1,False,False
TCCA2F0E6D1,2024-12,2024-12-23,462.9,480.6,17.7,False,False
TE7C4074532,2024-12,2024-12-23,307.8,330.6,22.8,False,False
TE08ACE6D71,2024-12,2024-12-24,1449.3,1469.6,20.3,False,False
TF5AB4BC37D,2024-12,2024-12-25,476.9,492.9,16.0,False,False
T31A37C291B,2024-12,2024-12-21,130.4,147.7,17.3,False,False
T85072A41C6,2024-12,2024-12-25,1280.3,1297.5,17.2,False,False
T3DB8E8C91B,2024-12,2024-12-21,996.4,1008.1,11.7,False,False
T1F21C0A526,2024-12,2024-12-25,307.3,332.6,25.3,False,False
TC653350390,2024-12,2024-12-24,1386.3,1396.7,10.4,False,False
TF357DF2C85,2024-12,2024-12-25,600.0,623.9,23.9,False,False
TC2B54F643A,2024-12,2024-12-22,350.0,362.3,12.3,False,False
T62A907AFA1,2024-12,2024-12-22,606.2,616.7,10.5,False,False
T9B926E1A60,2024-12,2024-12-20,816.0,827.1,11.1,False,False
T95A557D58C,2024-12,2024-12-23,1408.5,1577.1,168.6,False,False
T4FD73F8DF8,2024-12,2024-12-21,214.0,224.3,10.3,False,False
TAA9E781779,2024-12,2024-12-25,1086.0,1096.5,10.5,False,False
T5AB667FA59,2024-12,2024-12-20,1162.7,1187.8,25.1,False,False
T2FB8838715,2024-12,2024-12-22,1499.2,1518.9,19.7,False,False
TDC0B728E72,2024-12,2024-12-24,1021.3,1091.3,70.0,False,False
T500E1E73A5,2024-12,2024-12-23,835.6,845.2,9.6,False,False
T518D652731,2024-12,2024-12-24,600.7,620.5,19.8,False,False
T5F78380FF1,2024-12,2024-12-21,849.9,865.1,15.2,False,False
T2269F4C04A,2024-12,2024-12-24,1066.8,1108.3,41.5,False,False
T75D0C6EEF9,2024-12,2024-12-25,1629.8,1755.3,125.5,False,False
T08C84C6180,2024-12,2024-12-21,313.2,331.0,17.8,False,False
TBE3328794F,2024-12,2024-12-23,1027.3,1037.2,9.9,False,False
T7BF732B1D4,2024-12,2024-12-22,1121.1,1134.6,13.5,False,False
T680C591820,2024-12,2024-12-23,1121.7,1128.4,6.7,False,False
T87B30A11CA,2024-12,2024-12-25,1499.1,1499.1,0.0,True,False
T2C69DDD554,2024-12,2024-12-20,962.9,1002.1,39.2,False,False
TB5DCDB3D2B,2024-12,2024-12-24,1354.7,1364.2,9.5,False,False
TF1BF705581,2024-12,2024-12-25,733.3,750.6,17.3,False,False
T7861C2062B,2024-12,2024-12-24,1700.4,577.0361739931216,0.0,True,False
T3E7A117328,2024-12,2024-12-25,393.5,411.9,18.4,False,False
T626DE7D352,2024-12,2024-12-20,1229.3,1292.8,63.5,False,False
T30CED3EF6B,2024-12,2024-12-23,972.6,990.5,17.9,False,False
T6F621D315F,2024-12,2024-12-23,279.1,305.2,26.1,False,False
T5AEAFABEEB,2024-12,2024-12-21,1012.1,1025.7,13.6,False,False
T6E1A658692,2024-12,2024-12-24,595.1,610.1,15.0,False,False
TDFD739AFF7,2024-12,2024-12-21,1392.5,1405.3,12.8,False,False
T0E7497BE87,2024-12,2024-12-20,295.5,310.7,15.2,False,False
T63245D9338,2024-12,2024-12-22,329.5,351.6,22.1,False,False
T2FC1A9FEB9,2024-12,2024-12-21,375.8,397.4,21.6,False,False
TE5572E3B77,2024-12,2024-12-24,1485.9,1492.3,6.4,False,False
T93AE74FC8C,2024-12,2024-12-21,897.1,910.2,13.1,False,False
TCE4F3C1854,2024-12,2024-12-21,1718.2,1748.4,30.2,False,False
T623FDA0FEC,2024-12,2024-12-24,593.4,627.6,34.2,False,True
T6FCD9FC327,2024-12,2024-12-24,436.8,443.0,6.2,False,False
T26D49D2B10,2024-12,2024-12-21,1026.5,1049.4,22.9,False,False
T6B0F45148F,2024-12,2024-12-20,987.3,1066.3,79.0,False,False
T5DA6DABC22,2024-12,2024-12-21,611.4,624.2,12.8,False,False
T4C0FAA9237,2024-12,2024-12-22,906.9,930.1,23.2,False,False
T629B85F6AE,2024-12,2024-12-24,1398.5,1419.2,20.7,False,False
TE6221DA147,2024-12,2024-12-22,814.0,827.1,13.1,False,False
T7092CB932F,2024-12,2024-12-23,1325.6,1353.0,27.4,False,False
T38F3AD60D6,2024-12,2024-12-24,410.7,428.6,17.9,False,False
T051D6304AA,2024-12,2024-12-25,1047.5,1063.4,15.9,False,False
T1677509027,2024-12,2024-12-24,464.1,477.6,13.5,False,False
TCE43CAAFDD,2024-12,2024-12-23,1016.4,1029.2,12.8,False,False
TD6051C60DD,2024-12,2024-12-21,1279.9,1315.5,35.6,False,False
TD81C7B0AC7,2024-12,2024-12-25,1499.0,1514.5,15.5,False,False
TEB9B6A4FBC,2024-12,2024-12-24,839.2,854.6,15.4,False,False
T8E67D26322,2024-12,2024-12-24,1632.4,1650.6,18.2,False,False
T0E8259349E,2024-12,2024-12-22,249.6,249.6,0.0,True,False
TEC586A8374,2024-12,2024-12-20,1014.2,1014.2,0.0,True,False
T1E40F3A239,2024-12,2024-12-20,1054.7,1064.7,10.0,False,False
T716C530DED,2024-12,2024-12-25,557.8,577.5,19.7,False,False
T7562476AEF,2024-12,2024-12-23,1561.9,1587.7,25.8,False,False
TB460453C4D,2024-12,2024-12-22,283.7,299.1,15.4,False,False
T4A69C0BA6F,2024-12,2024-12-21,511.0,528.0,17.0,False,False
TB3006B8F03,2024-12,2024-12-22,744.8,760.0,15.2,False,False
TED3E393477,2024-12,2024-12-21,1545.9,1567.3,21.4,False,False
TA014F1FF15,2024-12,2024-12-20,1125.7,1145.6,19.9,False,False
T08D24C843D,2024-12,2024-12-24,333.8,358.1,24.3,False,False
T328C38D103,2024-12,2024-12-23,1604.0,1627.2,23.2,False,False
T5D52776F44,2024-12,2024-12-24,450.4,455.9,5.5,False,False
T350C7F0CAD,2024-12,2024-12-21,527.0,527.0,0.0,True,False
TE4BF83F9A5,2024-12,2024-12-24,1375.5,1405.0,29.5,False,False
T363192FB18,2024-12,2024-12-20,1032.4,1032.4,0.0,True,False
TE7D390D6E1,2024-12,2024-12-25,932.5,949.8,17.3,False,False
TEAED0D702E,2024-12,2024-12-24,970.7,986.7,16.0,False,False
T76D2631BBE,2024-12,2024-12-20,1245.9,1267.1,21.2,False,False
T41D9DAD65E,2024-12,2024-12-22,626.6,639.7,13.1,False,False
T4FB688BCF2,2024-12,2024-12-20,1125.7,1139.0,13.3,False,False
T49C247A691,2024-12,2024-12-24,573.2,587.8,14.6,False,False
TAD97E4B580,2024-12,2024-12-25,171.7,186.9,15.2,False,False
TA6D3C701E5,2024-12,2024-12-23,332.5,347.5,15.0,False,False
T1629374829,2024-12,2024-12-23,705.8,743.3,37.5,False,False
TE380DFCDD5,2024-12,2024-12-25,1119.8,1136.9,17.1,False,False
TC71E645A97,2024-12,2024-12-20,821.5,839.9,18.4,False,False
T3B2D063348,2024-12,2024-12-23,369.7,379.8,10.1,False,False
T6B0703F297,2024-12,2024-12-22,1014.4,1026.6,12.2,False,False
T2442BBD224,2024-12,2024-12-25,713.5,729.2,15.7,False,False
T94AEE9D59A,2024-12,2024-12-23,1010.5,1025.1,14.6,False,False
TC36C8FB548,2024-12,2024-12-20,1397.2,1410.1,12.9,False,False
TEA6C60108F,2024-12,2024-12-21,1450.2,1494.8,44.6,False,False
T5D0DA4A5A3,2024-12,2024-12-22,944.9,944.9,0.0,True,False
TCE2F3968A5,2024-12,2024-12-20,924.5,943.9,19.4,False,False
T3290CE40ED,2024-12,2024-12-20,1436.6,1460.5,23.9,False,False
TFF800A383C,2024-12,2024-12-20,1111.5,1124.6,13.1,False,False
T43D369AD4F,2024-12,2024-12-24,753.3,765.9,12.6,False,False
T2558B25F4A,2024-12,2024-12-22,144.8,153.0,8.2,False,False
TF2D53B5266,2024-12,2024-12-23,1404.1,1416.8,12.7,False,False
T46E626FB09,2024-12,2024-12-23,227.0,245.6,18.6,False,False
T7E0A59EC74,2024-12,2024-12-21,383.3,390.9,7.6,False,False
TDB77C6E5BA,2024-12,2024-12-20,581.7,594.2,12.5,False,False
TB2420A8657,2024-12,2024-12-22,1131.9,1141.9,10.0,False,False
TB1246EBDB6,2024-12,2024-12-22,640.3,648.0,7.7,False,False
T8C8BD1D187,2024-12,2024-12-23,1142.7,1209.0,66.3,False,True
T9A87FD75BB,2024-12,2024-12-21,528.7,539.9,11.2,False,False
T7220DB253B,2024-12,2024-12-22,672.0,690.8,18.8,False,False
T024582A041,2024-12,2024-12-23,1434.2,1456.9,22.7,False,False
TA3D7EB0EB6,2024-12,2024-12-24,1400.3,1402.3,2.0,False,False
T980F08905D,2024-12,2024-12-21,1347.1,1362.3,15.2,False,False
T0070991C4A,2024-12,2024-12-21,402.0,414.4,12.4,False,False
TE62F9D24A2,2024-12,2024-12-25,761.6,785.9,24.3,False,False
T660F58D22C,2024-12,2024-12-24,1243.5,1263.9,20.4,False,False
TC9C59FD3C0,2024-12,2024-12-21,1387.5,1401.4,13.9,False,False
TC85BCF4679,2024-12,2024-12-21,660.4,681.2,20.8,False,False
T711A4FB3DC,2024-12,2024-12-21,1274.6,1282.7,8.1,False,False
TDA01857472,2024-12,2024-12-21,667.7,667.7,0.0,True,False
T593C7D2F36,2024-12,2024-12-23,922.2,932.9,10.7,False,False
TAD1B3ECAF6,2024-12,2024-12-23,737.4,760.5,23.1,False,False
T62DB418771,2025-01,2025-01-24,1181.5,1206.3,24.8,False,False
T516D296A99,2025-01,2025-01-20,781.1,787.6,6.5,False,False
TF6199DECCB,2025-01,2025-01-23,1269.8,1307.5,37.7,False,False
TBFDD3649BD,2025-01,2025-01-21,1383.8,1398.4,14.6,False,False
T1A8F7C05C9,2025-01,2025-01-22,1273.8,1281.1,7.3,False,False
T6B4FC6C7C6,2025-01,2025-01-21,774.9,797.6,22.7,False,False
T6EE7490E19,2025-01,2025-01-25,1488.2,1498.1,9.9,False,False
T771EC6B537,2025-01,2025-01-22,913.3,917.4,4.1,False,False
TA87CD37475,2025-01,2025-01-25,446.4,465.2,18.8,False,False
T00048F12E2,2025-01,2025-01-22,178.0,185.0,7.0,False,False
TDE3B85E449,2025-01,2025-01-23,1077.4,1089.2,11.8,False,False
TDFD5EF1E2B,2025-01,2025-01-23,677.6,697.1,19.5,False,False
T6BE1C12D07,2025-01,2025-01-21,1915.0,2005.2,90.2,False,False
TE17C7596F7,2025-01,2025-01-24,265.8,283.6,17.8,False,False
TF0590D064A,2025-01,2025-01-20,541.2,552.2,11.0,False,False
T0201C8273D,2025-01,2025-01-22,446.0,457.2,11.2,False,False
T416D725964,2025-01,2025-01-24,1205.7,1218.9,13.2,False,False
T592985E849,2025-01,2025-01-25,372.6,392.8,20.2,False,False
T8CFD079CB6,2025-01,2025-01-24,1604.0,1618.9,14.9,False,False
TD10A6EDCA0,2025-01,2025-01-21,933.5,954.1,20.6,False,False
T0CE7987E4B,2025-01,2025-01-24,905.8,994.7,88.9,False,False
T0F12629295,2025-01,2025-01-23,399.1,401.7,2.6,False,False
T7833B36159,2025-01,2025-01-25,695.0,,,False,False
T997FF51E88,2025-01,2025-01-21,853.2,862.5,9.3,False,False
TB0AFAFC426,2025-01,2025-01-20,1886.7,1923.3,36.6,False,False
T4B2228F178,2025-01,2025-01-25,625.2,642.1,16.9,False,False
T5D1D63651A,2025-01,2025-01-22,414.7,433.4,18.7,False,False
T005A9CE174,2025-01,2025-01-20,1307.9,1317.3,9.4,False,False
T0E572DDC2C,2025-01,2025-01-24,1061.0,1070.1,9.1,False,False
T6B4C3EB33E,2025-01,2025-01-21,1340.7,1344.9,4.2,False,False
T98621FD0F2,2025-01,2025-01-23,1579.3,1684.8,105.5,False,False
TCED7759D69,2025-01,2025-01-22,1319.6,1337.0,17.4,False,False
T148BA00559,2025-01,2025-01-23,1263.0,1281.7,18.7,False,False
T8EF8382AF5,2025-01,2025-01-23,1549.6,1560.5,10.9,False,False
T294140BCEC,2025-01,2025-01-23,403.0,424.1,21.1,False,False
T2B4ECE5F7A,2025-01,2025-01-23,416.3,434.9,18.6,False,False
TFCDB644B38,2025-01,2025-01-20,378.8,397.9,19.1,False,False
TF46C85CB55,2025-01,2025-01-20,672.9,679.2,6.3,False,False
T635E7348B0,2025-01,2025-01-20,416.3,439.0,22.7,False,False
TD950C1321E,2025-01,2025-01-20,391.9,391.9,0.0,True,False
T79F7CA1313,2025-01,2025-01-20,272.8,277.8,5.0,False,False
T1890D0D69D,2025-01,2025-01-20,860.5,868.9,8.4,False,False
T92ED6C6BBC,2025-01,2025-01-23,474.9,474.9,0.0,True,False
T1A234D637E,2025-01,2025-01-23,1222.3,1222.3,0.0,True,False
T0FA07C2AE6,2025-01,2025-01-24,378.5,378.5,0.0,True,False
T85D9327E38,2025-01,2025-01-25,1382.8,1395.6,12.8,False,False
T9B2220E701,2025-01,2025-01-25,1092.5,1110.2,17.7,False,False
T75AE25B236,2025-01,2025-01-22,919.1,930.7,11.6,False,False
T85C4B9E9BD,2025-01,2025-01-21,1196.4,1202.5,6.1,False,False
TAAC46C752C,2025-01,2025-01-20,1530.7,1535.6,4.9,False,False
TB5ABA37301,2025-01,2025-01-24,931.9,953.1,21.2,False,False
TDB1931905E,2025-01,2025-01-23,1011.8,1021.4,9.6,False,False
T8A79BCF725,2025-01,2025-01-25,1308.6,1313.7,5.1,False,False
T1383BC162C,2025-01,2025-01-24,1604.2,1618.7,14.5,False,False
TE3F34F661C,2025-01,2025-01-23,1170.0,1232.9,62.9,False,False
T945DF5CC73,2025-01,2025-01-20,1082.6,1091.2,8.6,False,False
T89289351AD,2025-01,2025-01-24,1196.8,1209.3,12.5,False,False
T3C6A8E589D,2025-01,2025-01-25,343.6,371.5,27.9,False,False
T9EDB41553F,2025-01,2025-01-21,246.6,253.4,6.8,False,False
T39FECD2D40,2025-01,2025-01-23,828.4,848.3,19.9,False,False
T393F331539,2025-01,2025-01-21,430.7,440.7,10.0,False,False
T44E572D176,2025-01,2025-01-25,442.0,459.0,17.0,False,False
T6A0C9518A5,2025-01,2025-01-25,1269.8,1281.9,12.1,False,False
T6F6C091F32,2025-01,2025-01-21,1392.2,1403.2,11.0,False,False
T0A7DFC3903,2025-01,2025-01-20,1456.2,1477.7,21.5,False,False
T4CA807AAAE,2025-01,2025-01-25,501.0,548.5,47.5,False,False
T292B036CC6,2025-01,2025-01-23,937.9,949.6,11.7,False,False
TF252236170,2025-01,2025-01-22,160.3,174.1,13.8,False,False
T47A88C447A,2025-01,2025-01-24,720.7,730.3,9.6,False,False
T29274E7656,2025-01,2025-01-25,371.6,388.4,16.8,False,False
TF94B3B4CEA,2025-01,2025-01-20,624.1,635.4,11.3,False,False
TD79C86593F,2025-01,2025-01-24,1064.0,1080.6,16.6,False,False
T042B2178D1,2025-01,2025-01-25,221.1,244.4,23.3,False,False
TE9E2B18053,2025-01,2025-01-22,805.3,860.5,55.2,False,False
T80D9A080BE,2025-01,2025-01-25,1937.8,1977.5,39.7,False,False
T580C1D0E5A,2025-01,2025-01-23,900.0,951.1,51.1,False,False
T262047037E,2025-01,2025-01-25,573.9,586.1,12.2,False,False
T997FBB56CB,2025-01,2025-01-25,1496.8,1509.8,13.0,False,False
T488907BADA,2025-01,2025-01-24,517.6,542.1,24.5,False,False
T959B664297,2025-01,2025-01-22,143.9,159.1,15.2,False,False
TCE4FA87780,2025-01,2025-01-22,1296.6,1305.5,8.9,False,False
T6A6F416B64,2025-01,2025-01-24,1069.4,1080.5,11.1,False,False
T5C22EC11B8,2025-01,2025-01-25,947.8,1008.5,60.7,False,False
T132EB7CE2B,2025-01,2025-01-23,1169.9,1179.2,9.3,False,False
T011F73020E,2025-01,2025-01-25,1204.7,1204.7,0.0,True,False
T0197678D11,2025-01,2025-01-20,903.4,935.0,31.6,False,False
TBA58CFEBC6,2025-01,2025-01-23,1599.9,1618.0,18.1,False,False
T78A401EEAD,2025-01,2025-01-21,315.6,330.2,14.6,False,False
TE33F90B286,2025-01,2025-01-21,390.8,404.0,13.2,False,False
T761C9E26E6,2025-01,2025-01-24,329.2,343.6,14.4,False,False
T65187CE62C,2025-01,2025-01-25,812.7,844.7,32.0,False,False
T6DD4962896,2025-01,2025-01-22,310.0,319.4,9.4,False,False
T57E5EAB9B8,2025-01,2025-01-24,1089.5,1102.8,13.3,False,False
T0D1C506545,2025-01,2025-01-21,838.1,849.0,10.9,False,False
T16385BC409,2025-01,2025-01-20,293.5,303.0,9.5,False,False
T703E749B16,2025-01,2025-01-20,765.6,776.8,11.2,False,False
TE03815B898,2025-01,2025-01-24,1544.9,1566.5,21.6,False,False
T5EDC8CD764,2025-01,2025-01-22,1118.5,1118.5,0.0,True,False
T8A0E42EA46,2025-01,2025-01-25,1246.2,1255.7,9.5,False,False
T58E4665FE8,2025-01,2025-01-20,401.9,423.0,21.1,False,False
T45A3829C6C,2025-01,2025-01-22,295.9,307.8,11.9,False,False
T0F2B41D96D,2025-01,2025-01-23,343.5,380.6,37.1,False,False
T45E4DAC832,2025-01,2025-01-22,834.1,846.1,12.0,False,False
TB308B5DC7A,2025-01,2025-01-21,1186.3,1198.5,12.2,False,False
T5A52BDFD5B,2025-01,2025-01-20,1206.9,131.4680495034485,9.2,False,False
T3B6195226D,2025-01,2025-01-24,583.5,597.2,13.7,False,False
TEF3ACC364D,2025-01,2025-01-24,175.9,186.7,10.8,False,False
T0E3944E1C7,2025-01,2025-01-23,1466.0,1482.3,16.3,False,False
TC5E02C2AE1,2025-01,2025-01-20,889.1,897.8,8.7,False,False
T9C181CA6B2,2025-01,2025-01-24,763.7,776.7,13.0,False,False
T46D0D9FE06,2025-01,2025-01-24,996.5,1007.4,10.9,False,False
T3763EE0258,2025-01,2025-01-23,337.8,,,False,False
TB6793708AF,2025-01,2025-01-24,814.4,823.0,8.6,False,False
T02BF3919B7,2025-01,2025-01-25,1246.0,1257.5,11.5,False,False
T61903D0C08,2025-01,2025-01-20,453.0,,,False,False
T1540962193,2025-01,2025-01-24,938.7,938.7,0.0,True,False
TE8DF4BFC62,2025-01,2025-01-24,1666.4,1700.9,34.5,False,False
T97A5E4F98E,2025-01,2025-01-25,1251.7,1269.8,18.1,False,False
TB2B631F6DE,2025-01,2025-01-22,160.9,173.1,12.2,False,False
TFD4476DD46,2025-01,2025-01-22,732.4,755.0,22.6,False,False
T63AE43B763,2025-01,2025-01-23,981.5,1008.9,27.4,False,False
TF7E0F3ADFA,2025-01,2025-01-22,587.3,589.8,2.5,False,False
T9F3D4A99A8,2025-01,2025-01-22,1003.3,1008.2,4.9,False,False
T3AF0CA5142,2025-01,2025-01-25,1116.0,1150.7,34.7,False,False
T525C93E294,2025-01,2025-01-20,312.9,321.4,8.5,False,False
TA60FF3309B,2025-01,2025-01-22,1208.9,1221.6,12.7,False,False
T6230F0F81A,2025-01,2025-01-22,234.8,243.7,8.9,False,False
T486DC7662A,2025-01,2025-01-20,2543.3,2789.9,246.6,False,False
T0DD0FDF0BD,2025-01,2025-01-22,700.4,718.8,18.4,False,False
T81EEF6FCD3,2025-01,2025-01-25,832.6,832.6,0.0,True,False
T6269371CAA,2025-01,2025-01-20,1394.8,1403.2,8.4,False,False
TF7BDB30AC3,2025-01,2025-01-23,653.3,681.3,28.0,False,False
TC1EBE75CAC,2025-01,2025-01-23,1033.2,1047.2,14.0,False,False
T0A0805FB46,2025-01,2025-01-20,1650.2,1669.6,19.4,False,False
T7C1EBC3C4C,2025-01,2025-01-22,457.5,,,False,False
TFB5558315C,2025-01,2025-01-23,254.3,270.9,16.6,False,False
T4D34DCD6FE,2025-01,2025-01-22,748.5,759.1,10.6,False,False
T8F2163E1AC,2025-01,2025-01-21,1519.9,1546.6,26.7,False,False
T6D36EEA27E,2025-01,2025-01-23,229.2,240.8,11.6,False,False
TD718599337,2025-01,2025-01-25,1039.6,1075.2,35.6,False,False
TACFC1D584E,2025-01,2025-01-21,1222.4,1284.3,61.9,False,True
TE1CE4D9E5A,2025-01,2025-01-22,352.3,367.8,15.5,False,False
TEEB9050E6F,2025-01,2025-01-22,751.3,776.4,25.1,False,False
T266175A7E1,2025-01,2025-01-24,1477.9,1498.4,20.5,False,False
T188F8436EB,2025-01,2025-01-20,495.1,503.0,7.9,False,False
TBF5EF4019A,2025-01,2025-01-22,856.5,863.8,7.3,False,False
TF8038E3438,2025-01,2025-01-23,717.6,727.1,9.5,False,False
T14A35B501D,2025-01,2025-01-20,1098.7,1128.0,29.3,False,False
TACA1F6575E,2025-01,2025-01-24,111.1,121.8,10.7,False,False
T425CF74F89,2025-01,2025-01-23,973.4,975.0,1.6,False,False
T7E561E41DF,2025-01,2025-01-24,1590.3,1603.6,13.3,False,False
TAE21909B09,2025-01,2025-01-23,561.6,572.8,11.2,False,False
TA49FD77129,2025-01,2025-01-24,1096.9,1122.4,25.5,False,False
T83C53CBDE3,2025-01,2025-01-21,839.3,858.1,18.8,False,False
T8989E9F3E0,2025-01,2025-01-24,1108.6,1134.3,25.7,False,False
T0E868A3F47,2025-01,2025-01-22,1593.4,1612.4,19.0,False,False
TAA4A146A6F,2025-01,2025-01-22,938.8,948.4,9.6,False,False
T929701588B,2025-01,2025-01-23,609.1,616.9,7.8,False,False
TCBA87E8F93,2025-01,2025-01-23,1514.4,1528.9,14.5,False,False
T71B2CE98BC,2025-01,2025-01-25,1555.1,1572.6,17.5,False,False
T3104E606FB,2025-01,2025-01-21,1543.4,1554.7,11.3,False,False
TC9C584B8EF,2025-01,2025-01-21,602.2,612.5,10.3,False,False
T42EAACA5A6,2025-01,2025-01-23,469.6,483.9,14.3,False,False
T27CD292019,2025-01,2025-01-21,1452.9,1470.4,17.5,False,False
T2631941D4D,2025-01,2025-01-23,1587.9,1601.7,13.8,False,False
TD6D0D046B5,2025-01,2025-01-25,402.0,411.9,9.9,False,False
T930BCF26DA,2025-01,2025-01-25,1505.3,1522.6,17.3,False,False
T7A263D97A8,2025-01,2025-01-20,296.5,312.5,16.0,False,False
T84CC232045,2025-01,2025-01-22,1040.2,1050.0,9.8,False,False
T1F7089E5B3,2025-01,2025-01-20,1226.9,1252.2,25.3,False,False
T6DD01C39D7,2025-01,2025-01-21,1181.5,1214.6,33.1,False,False
TE3814F5946,2025-01,2025-01-23,1129.4,1136.7,7.3,False,False
T260F6D657D,2025-01,2025-01-25,1598.6,1610.6,12.0,False,False
TF9F158A927,2025-01,2025-01-23,766.2,783.6,17.4,False,False
T2A78E596A5,2025-01,2025-01-23,562.3,188.8078536702402,16.4,False,False
T48829C6681,2025-01,2025-01-24,721.2,739.4,18.2,False,False
T5446AB5D4F,2025-01,2025-01-24,1398.9,1407.6,8.7,False,False
T6FEE2A0A85,2025-01,2025-01-24,352.9,363.9,11.0,False,False
T37BA3005AD,2025-01,2025-01-25,1165.1,1165.1,0.0,True,False
T599538981A,2025-01,2025-01-21,1161.8,1191.2,29.4,False,False
TC1FE3D7E79,2025-01,2025-01-23,1132.4,1148.7,16.3,False,False
TAB633F4546,2025-01,2025-01-22,309.3,326.1,16.8,False,False
TEF123948C4,2025-01,2025-01-22,633.0,645.7,12.7,False,False
T50EA3E30B0,2025-01,2025-01-23,1137.6,1151.5,13.9,False,False
T10E8B50E63,2025-01,2025-01-24,1321.7,1346.0,24.3,False,False
T75445AB825,2025-01,2025-01-25,1174.5,1186.5,12.0,False,False
T9AEC04CEE6,2025-01,2025-01-23,249.6,259.5,9.9,False,False
TE59C7E0558,2025-01,2025-01-21,436.1,436.1,0.0,True,False
T017F5CC857,2025-01,2025-01-25,1412.3,1429.1,16.8,False,False
T5740214D00,2025-01,2025-01-23,462.7,467.6,4.9,False,False
TA54FDBC969,2025-01,2025-01-25,778.8,812.1,33.3,False,False
T79348D1D8C,2025-01,2025-01-23,603.5,663.3,59.8,False,False
T0C38B9638D,2025-01,2025-01-24,950.4,976.9,26.5,False,False
TF8CD7DEDDA,2025-01,2025-01-22,761.4,774.2,12.8,False,False
TD4AA44C620,2025-01,2025-01-22,721.0,739.4,18.4,False,False
TBA22021045,2025-01,2025-01-22,677.3,737.1,59.8,False,False
TAE4991C39A,2025-01,2025-01-22,1511.8,1523.8,12.0,False,False
T926427EC22,2025-01,2025-01-25,688.2,699.1,10.9,False,False
T03F3726F54,2025-01,2025-01-20,985.5,996.3,10.8,False,False
T9C5C1B51E6,2025-01,2025-01-24,280.5,298.7,18.2,False,False
TAB67F85714,2025-01,2025-01-24,1606.5,1647.9,41.4,False,True
T021E4A2B45,2025-01,2025-01-21,595.8,606.3,10.5,False,False
T9C284C6EDE,2025-01,2025-01-20,1515.3,1515.3,0.0,True,False
TE5AE06739E,2025-01,2025-01-22,228.8,241.9,13.1,False,False
T01F422D988,2025-01,2025-01-21,1570.3,1579.7,9.4,False,False
T812E69DF24,2025-01,2025-01-22,899.5,947.2,47.7,False,False
T1753290875,2025-01,2025-01-20,1444.2,1459.8,15.6,False,False
T6453265506,2025-01,2025-01-23,2054.8,2162.8,108.0,False,False
T3DCE54CBCD,2025-01,2025-01-25,258.3,267.5,9.2,False,False
T25A59C1230,2025-01,2025-01-23,252.5,272.4,19.9,False,False
T7149DBE7E7,2025-01,2025-01-25,995.0,1023.4,28.4,False,False
T17B01CE93D,2025-01,2025-01-20,1388.7,1398.8,10.1,False,False
T2A7B7C0706,2025-01,2025-01-25,1350.6,,,False,False
TA2A12750E0,2025-01,2025-01-21,498.5,510.4,11.9,False,False
TCDF5CCF9D1,2025-01,2025-01-22,1628.6,1645.2,16.6,False,False
T136877D852,2025-01,2025-01-20,1062.8,1081.6,18.8,False,False
TD93E7F3525,2025-01,2025-01-20,1212.3,1219.9,7.6,False,False
T9E698DAD97,2025-01,2025-01-25,347.7,365.1,17.4,False,False
TA7CD008CD2,2025-01,2025-01-20,1353.3,1372.8,19.5,False,False
TB5E2F0D295,2025-01,2025-01-22,892.8,907.0,14.2,False,False
T886651EB56,2025-01,2025-01-20,1632.1,1651.6,19.5,False,False
T726E26C014,2025-01,2025-01-21,494.7,500.3,5.6,False,False
T47801013F9,2025-01,2025-01-24,242.5,256.1,13.6,False,False
T7B44E5C01C,2025-01,2025-01-24,1124.9,1130.1,5.2,False,False
T06E1B5C91E,2025-01,2025-01-20,653.4,667.9,14.5,False,False
TBD7AFAA9AB,2025-01,2025-01-22,1206.4,1206.4,0.0,True,False
T3A8AE15DE9,2025-01,2025-01-24,1024.4,1032.6,8.2,False,False
T90FCBE8560,2025-01,2025-01-22,1269.7,1281.1,11.4,False,False
T6B76BCDCC8,2025-01,2025-01-20,1632.5,1676.5,44.0,False,False
T6B61D786E8,2025-01,2025-01-21,1055.5,1065.0,9.5,False,False
TD8B8E83F9D,2025-01,2025-01-21,1337.6,1351.3,13.7,False,False
T353F39960E,2025-01,2025-01-22,438.2,444.1,5.9,False,False
TC44518846F,2025-01,2025-01-24,341.4,358.1,16.7,False,False
T3DBD424B8F,2025-01,2025-01-20,587.6,601.4,13.8,False,False
TB8E4E6CA4C,2025-01,2025-01-21,749.6,780.6,31.0,False,False
T54630B6404,2025-01,2025-01-20,315.1,327.3,12.2,False,False
T71623730B1,2025-01,2025-01-22,1063.2,1072.8,9.6,False,False
T7436A106AE,2025-01,2025-01-23,438.3,447.7,9.4,False,False
T6191B8FD69,2025-01,2025-01-22,1151.4,1160.5,9.1,False,False
TBA7727A83B,2025-01,2025-01-20,474.2,485.7,11.5,False,False
T66B24DDB8C,2025-01,2025-01-25,1609.5,60.46796719854875,14.0,False,False
T0EAA0EDBAF,2025-01,2025-01-21,762.5,799.2,36.7,False,False
TDCBC842E3A,2025-01,2025-01-24,471.9,498.3,26.4,False,False
T305BACE840,2025-01,2025-01-22,747.6,763.6,16.0,False,False
TAD0E244201,2025-01,2025-01-20,1093.1,1112.3,19.2,False,False
T824A68B378,2025-01,2025-01-24,1263.2,1268.4,5.2,False,False
T9F72B39B89,2025-01,2025-01-25,661.8,670.9,9.1,False,False
T0380D1AD85,2025-01,2025-01-24,1023.5,1045.1,21.6,False,False
TD58AFBB420,2025-01,2025-01-24,1800.5,1850.1,49.6,False,False
TB1A6FA6009,2025-01,2025-01-21,350.5,360.8,10.3,False,False
TB95EB354D9,2025-01,2025-01-21,1011.5,1031.7,20.2,False,False
T6EBEC2B9E3,2025-01,2025-01-24,545.5,554.7,9.2,False,False
TCBAFB86C54,2025-01,2025-01-21,1534.2,1545.9,11.7,False,False
T2D884BEE59,2025-01,2025-01-21,1168.3,1200.6,32.3,False,True
T81E3CAC404,2025-01,2025-01-21,1245.1,1252.4,7.3,False,False
TB13246DF04,2025-01,2025-01-24,1848.8,1907.3,58.5,False,False
T38FC29870C,2025-01,2025-01-25,904.1,913.5,9.4,False,False
T0B952300A6,2025-01,2025-01-22,1090.5,1110.3,19.8,False,False
T592EE5AE5A,2025-01,2025-01-23,474.2,486.4,12.2,False,False
T8AB7B992DC,2025-01,2025-01-20,1510.4,1521.7,11.3,False,False
TE13531501B,2025-01,2025-01-25,222.3,233.7,11.4,False,False
T603C6A7DDF,2025-01,2025-01-25,1625.8,299.4716578055078,63.7,False,False
T9B1CF87E17,2025-01,2025-01-24,565.4,580.7,15.3,False,False
T7E47E27FFB,2025-01,2025-01-23,1048.2,1059.2,11.0,False,False
T2FE3E18EED,2025-01,2025-01-24,998.5,1013.6,15.1,False,False
T518FD2CD05,2025-01,2025-01-22,716.0,727.6,11.6,False,False
TCA03B52F53,2025-01,2025-01-23,312.8,,,False,False
TC97F0C81C8,2025-01,2025-01-24,1500.8,1645.6,144.8,False,False
T5825BB17FC,2025-01,2025-01-20,490.1,542.1,52.0,False,False
TC5E185C6E8,2025-01,2025-01-24,153.2,161.4,8.2,False,False
TEAD9E81003,2025-01,2025-01-22,801.8,813.5,11.7,False,False
TE23D5A574A,2025-01,2025-01-20,846.1,858.1,12.0,False,False
T04048D53A3,2025-01,2025-01-21,659.4,659.4,0.0,True,False
TE1AA9E77A7,2025-01,2025-01-24,922.7,927.9,5.2,False,False
TC54C99BA73,2025-01,2025-01-23,627.9,655.3,27.4,False,False
T013C0F8B57,2025-01,2025-01-23,1324.0,1324.0,0.0,True,False
T3C23C0A42C,2025-01,2025-01-22,907.9,930.0,22.1,False,False
TEDB2598366,2025-01,2025-01-25,1155.3,1167.6,12.3,False,False
T03D524AC98,2025-01,2025-01-23,1410.2,1421.7,11.5,False,False
T9B658694D7,2025-01,2025-01-22,572.8,572.8,0.0,True,False
T827DB403EF,2025-01,2025-01-25,1005.2,1007.8,2.6,False,False
TD5960FA89C,2025-01,2025-01-22,1032.8,1043.1,10.3,False,False
TEB9CD6778B,2025-01,2025-01-20,1394.6,1408.5,13.9,False,False
TCFB896C903,2025-01,2025-01-24,631.1,641.6,10.5,False,False
T4EBE5132B6,2025-01,2025-01-22,752.6,769.9,17.3,False,False
TD6D7800440,2025-01,2025-01-22,1355.7,1364.4,8.7,False,False
TB1AE49FA20,2025-01,2025-01-21,503.6,512.2,8.6,False,False
TF4940B0970,2025-01,2025-01-22,1068.9,1081.5,12.6,False,False
T6492EC951E,2025-01,2025-01-22,533.0,580.3,47.3,False,False
T5B2FD74A85,2025-01,2025-01-24,1305.7,1323.5,17.8,False,False
TCF1A6CDF80,2025-01,2025-01-23,348.2,362.7,14.5,False,False
TBA965CD37E,2025-01,2025-01-20,239.8,253.3,13.5,False,False
T8917AF33E8,2025-01,2025-01-25,743.4,743.4,0.0,True,False
T4F696F6C0E,2025-01,2025-01-20,261.3,277.6,16.3,False,False
TFB9BD0FCA4,2025-01,2025-01-25,1513.3,1547.3,34.0,False,False
T6372E1147F,2025-01,2025-01-21,992.2,992.2,0.0,True,False
T8B4FC280C2,2025-01,2025-01-21,403.4,,,False,False
T0AF0DD2FE5,2025-01,2025-01-24,945.4,953.2,7.8,False,False
T9BABD62590,2025-01,2025-01-23,1042.6,1096.3,53.7,False,False
TBBD0028CDB,2025-01,2025-01-20,821.0,836.1,15.1,False,False
T30E453AB34,2025-01,2025-01-21,901.8,914.6,12.8,False,False
T7DC59256DC,2025-01,2025-01-23,497.2,521.5,24.3,False,False
TCC371206BC,2025-01,2025-01-22,419.3,432.7,13.4,False,False
TDEF092A4C5,2025-01,2025-01-24,1369.3,1379.4,10.1,False,False
TE13FCEC631,2025-01,2025-01-24,1008.3,1022.1,13.8,False,False
T7C3F6A8162,2025-01,2025-01-23,1303.7,1318.8,15.1,False,False
T0F4A3A74ED,2025-01,2025-01-25,724.5,743.9,19.4,False,False
T5BEF82BC17,2025-01,2025-01-25,1239.3,1250.6,11.3,False,False
T07AC5856A4,2025-01,2025-01-20,563.8,563.8,0.0,True,False
T0185184B59,2025-01,2025-01-25,1093.2,1104.4,11.2,False,False
T79F8E1FAE8,2025-01,2025-01-25,152.7,34.32772480616287,12.9,False,False
T4D40D256FE,2025-01,2025-01-25,917.8,933.2,15.4,False,False
TE74495FCDD,2025-01,2025-01-25,1457.5,1467.9,10.4,False,False
TAD9ED625D1,2025-01,2025-01-25,1321.2,1333.3,12.1,False,False
TE7328B9E12,2025-01,2025-01-25,584.9,591.9,7.0,False,False
T5FC1C50126,2025-01,2025-01-25,1005.6,1028.3,22.7,False,False
T203C71CAC2,2025-01,2025-01-21,1501.1,1520.0,18.9,False,False
T1D1F227112,2025-01,2025-01-23,605.8,618.5,12.7,False,False
TF62BDC6E96,2025-01,2025-01-23,1500.6,1500.6,0.0,True,False
T5D35014BC6,2025-01,2025-01-24,1554.8,1561.5,6.7,False,False
T9C80DA594D,2025-01,2025-01-22,631.0,638.7,7.7,False,False
T575100FEE6,2025-01,2025-01-23,278.6,299.6,21.0,False,False
TFF833858D4,2025-01,2025-01-25,1553.5,1564.9,11.4,False,False
T44C452513D,2025-01,2025-01-21,700.4,718.4,18.0,False,False
TC11C4F89B7,2025-01,2025-01-20,298.1,317.8,19.7,False,False
T519E11C12F,2025-01,2025-01-22,196.1,204.7,8.6,False,False
T1D1C3809AD,2025-01,2025-01-20,885.3,925.3,40.0,False,False
T2F89E8ED6F,2025-01,2025-01-24,1299.9,1318.1,18.2,False,False
TED624C9B29,2025-01,2025-01-21,1299.4,1313.5,14.1,False,False
T80599540B9,2025-01,2025-01-23,259.5,287.0,27.5,False,False
T99F86EAA03,2025-01,2025-01-20,772.0,793.0,21.0,False,False
T48E474E620,2025-01,2025-01-25,1251.8,1266.0,14.2,False,False
T62F138B69F,2025-01,2025-01-22,1285.8,1302.6,16.8,False,False
T0ABCC73F5F,2025-01,2025-01-24,1269.4,1282.0,12.6,False,False
T451A03E5F4,2025-01,2025-01-21,716.9,744.0,27.1,False,False
T28A5C3A212,2025-01,2025-01-23,850.7,861.7,11.0,False,False
T9BF23AC92B,2025-01,2025-01-25,980.9,996.7,15.8,False,False
T8D847ABAD5,2025-01,2025-01-21,840.7,851.2,10.5,False,False
T79AD100612,2025-01,2025-01-20,1149.0,1164.8,15.8,False,False
T595C48877B,2025-01,2025-01-22,1010.4,1028.4,18.0,False,False
T7E1F631507,2025-01,2025-01-25,153.7,166.9,13.2,False,False
T7CEE29F570,2025-01,2025-01-20,395.2,403.9,8.7,False,False
TB28F8F08F4,2025-01,2025-01-20,764.1,775.6,11.5,False,False
T741A1119FA,2025-01,2025-01-25,416.2,438.4,22.2,False,False
T26862D1A4A,2025-01,2025-01-22,1677.5,1707.3,29.8,False,False
TCB96D14BFD,2025-01,2025-01-22,630.0,639.8,9.8,False,False
TF07D19AE17,2025-01,2025-01-25,337.2,369.2,32.0,False,False
T7AE1E63696,2025-01,2025-01-24,1406.0,1417.5,11.5,False,False
TEA687BEEC8,2025-01,2025-01-20,416.3,430.2,13.9,False,False
T5C97BD73CE,2025-01,2025-01-25,1503.5,1518.7,15.2,False,False
T64DF103F27,2025-01,2025-01-20,337.9,350.1,12.2,False,False
T962D5133B5,2025-01,2025-01-25,1210.9,1227.5,16.6,False,False
TFAE2AFD636,2025-01,2025-01-20,1383.8,1392.1,8.3,False,False
T8237A9AE83,2025-01,2025-01-21,428.7,445.3,16.6,False,False
T124789ED12,2025-01,2025-01-21,847.6,854.8,7.2,False,False
T77D8F1F07B,2025-01,2025-01-24,940.4,940.4,0.0,True,False
T88E01EE6A9,2025-01,2025-01-20,642.7,642.7,0.0,True,False
TCCA2F0E6D1,2025-01,2025-01-25,480.6,494.0,13.4,False,False
TE7C4074532,2025-01,2025-01-21,330.6,358.4,27.8,False,False
TE08ACE6D71,2025-01,2025-01-21,1469.6,1486.6,17.0,False,False
TF5AB4BC37D,2025-01,2025-01-21,492.9,508.3,15.4,False,False
T31A37C291B,2025-01,2025-01-21,147.7,156.5,8.8,False,False
T85072A41C6,2025-01,2025-01-24,1297.5,1307.9,10.4,False,False
T3DB8E8C91B,2025-01,2025-01-25,1008.1,1020.6,12.5,False,False
T1F21C0A526,2025-01,2025-01-21,332.6,351.3,18.7,False,False
TC653350390,2025-01,2025-01-25,1396.7,1407.3,10.6,False,False
TF357DF2C85,2025-01,2025-01-22,623.9,623.9,0.0,True,False
TC2B54F643A,2025-01,2025-01-24,362.3,372.0,9.7,False,False
T62A907AFA1,2025-01,2025-01-25,616.7,625.4,8.7,False,False
T9B926E1A60,2025-01,2025-01-23,827.1,837.4,10.3,False,False
T95A557D58C,2025-01,2025-01-25,1577.1,1751.3,174.2,False,False
T4FD73F8DF8,2025-01,2025-01-25,224.3,230.4,6.1,False,False
TAA9E781779,2025-01,2025-01-21,1096.5,1106.8,10.3,False,False
T5AB667FA59,2025-01,2025-01-22,1187.8,1203.1,15.3,False,False
T2FB8838715,2025-01,2025-01-23,1518.9,1533.9,15.0,False,False
TDC0B728E72,2025-01,2025-01-20,1091.3,1139.5,48.2,False,False
T500E1E73A5,2025-01,2025-01-25,845.2,854.5,9.3,False,False
T518D652731,2025-01,2025-01-20,620.5,642.2,21.7,False,False
T5F78380FF1,2025-01,2025-01-20,865.1,875.2,10.1,False,False
T2269F4C04A,2025-01,2025-01-20,1108.3,1161.4,53.1,False,False
T75D0C6EEF9,2025-01,2025-01-24,1755.3,1846.0,90.7,False,False
T08C84C6180,2025-01,2025-01-20,331.0,347.7,16.7,False,False
TBE3328794F,2025-01,2025-01-21,1037.2,1044.5,7.3,False,False
T7BF732B1D4,2025-01,2025-01-21,1134.6,1147.9,13.3,False,False
T680C591820,2025-01,2025-01-23,1128.4,1134.0,5.6,False,False
T87B30A11CA,2025-01,2025-01-24,1499.1,1509.8,10.7,False,False
T2C69DDD554,2025-01,2025-01-25,1002.1,1036.6,34.5,False,False
TB5DCDB3D2B,2025-01,2025-01-23,1364.2,1371.4,7.2,False,False
TF1BF705581,2025-01,2025-01-20,750.6,767.4,16.8,False,False
T7861C2062B,2025-01,2025-01-20,1700.4,1731.5,31.1,False,False
T3E7A117328,2025-01,2025-01-23,411.9,431.4,19.5,False,False
T626DE7D352,2025-01,2025-01-21,1292.8,1338.9,46.1,False,False
T30CED3EF6B,2025-01,2025-01-22,990.5,1009.8,19.3,False,False
T6F621D315F,2025-01,2025-01-25,305.2,326.5,21.3,False,False
T5AEAFABEEB,2025-01,2025-01-21,1025.7,1039.4,13.7,False,False
T6E1A658692,2025-01,2025-01-23,610.1,626.2,16.1,False,False
TDFD739AFF7,2025-01,2025-01-21,1405.3,1415.8,10.5,False,False
T0E7497BE87,2025-01,2025-01-22,310.7,319.1,8.4,False,False
T63245D9338,2025-01,2025-01-23,351.6,351.6,0.0,True,False
T2FC1A9FEB9,2025-01,2025-01-21,397.4,414.2,16.8,False,False
TE5572E3B77,2025-01,2025-01-25,1492.3,1498.1,5.8,False,False
T93AE74FC8C,2025-01,2025-01-24,910.2,929.4,19.2,False,False
TCE4F3C1854,2025-01,2025-01-21,1748.4,1770.9,22.5,False,False
T623FDA0FEC,2025-01,2025-01-24,627.6,668.2,40.6,False,True
T6FCD9FC327,2025-01,2025-01-25,443.0,448.1,5.1,False,False
T26D49D2B10,2025-01,2025-01-20,1049.4,1069.2,19.8,False,False
T6B0F45148F,2025-01,2025-01-20,1066.3,1149.3,83.0,False,False
T5DA6DABC22,2025-01,2025-01-20,624.2,637.0,12.8,False,False
T4C0FAA9237,2025-01,2025-01-20,930.1,946.7,16.6,False,False
T629B85F6AE,2025-01,2025-01-23,1419.2,1437.7,18.5,False,False
TE6221DA147,2025-01,2025-01-20,827.1,827.1,0.0,True,False
T7092CB932F,2025-01,2025-01-24,1353.0,1365.5,12.5,False,False
T38F3AD60D6,2025-01,2025-01-25,428.6,443.0,14.4,False,False
T051D6304AA,2025-01,2025-01-23,1063.4,1075.3,11.9,False,False
T1677509027,2025-01,2025-01-23,477.6,492.6,15.0,False,False
TCE43CAAFDD,2025-01,2025-01-24,1029.2,1039.2,10.0,False,False
TD6051C60DD,2025-01,2025-01-23,1315.5,1352.9,37.4,False,False
TD81C7B0AC7,2025-01,2025-01-20,1514.5,1526.8,12.3,False,False
TEB9B6A4FBC,2025-01,2025-01-24,854.6,869.4,14.8,False,False
T8E67D26322,2025-01,2025-01-22,1650.6,1665.9,15.3,False,False
T0E8259349E,2025-01,2025-01-23,249.6,265.6,16.0,False,False
TEC586A8374,2025-01,2025-01-22,1014.2,1024.9,10.7,False,False
T1E40F3A239,2025-01,2025-01-24,1064.7,1078.8,14.1,False,False
T716C530DED,2025-01,2025-01-23,577.5,577.5,0.0,True,False
T7562476AEF,2025-01,2025-01-22,1587.7,1587.7,0.0,True,False
TB460453C4D,2025-01,2025-01-24,299.1,315.0,15.9,False,False
T4A69C0BA6F,2025-01,2025-01-21,528.0,558.2,30.2,False,False
TB3006B8F03,2025-01,2025-01-21,760.0,772.6,12.6,False,False
TED3E393477,2025-01,2025-01-21,1567.3,1590.6,23.3,False,False
TA014F1FF15,2025-01,2025-01-21,1145.6,1161.6,16.0,False,False
T08D24C843D,2025-01,2025-01-25,358.1,376.7,18.6,False,False
T328C38D103,2025-01,2025-01-25,1627.2,1645.8,18.6,False,False
T5D52776F44,2025-01,2025-01-24,455.9,463.8,7.9,False,False
T350C7F0CAD,2025-01,2025-01-20,527.0,527.0,0.0,True,False
TE4BF83F9A5,2025-01,2025-01-20,1405.0,1427.1,22.1,False,False
T363192FB18,2025-01,2025-01-25,1032.4,1052.5,20.1,False,False
TE7D390D6E1,2025-01,2025-01-24,949.8,967.4,17.6,False,False
TEAED0D702E,2025-01,2025-01-25,986.7,1005.1,18.4,False,False
T76D2631BBE,2025-01,2025-01-23,1267.1,1278.8,11.7,False,False
T41D9DAD65E,2025-01,2025-01-24,639.7,649.8,10.1,False,False
T4FB688BCF2,2025-01,2025-01-22,1139.0,1160.4,21.4,False,False
T49C247A691,2025-01,2025-01-24,587.8,607.0,19.2,False,False
TAD97E4B580,2025-01,2025-01-24,186.9,201.5,14.6,False,False
TA6D3C701E5,2025-01,2025-01-25,347.5,369.8,22.3,False,False
T1629374829,2025-01,2025-01-24,743.3,774.4,31.1,False,False
TE380DFCDD5,2025-01,2025-01-24,1136.9,1154.9,18.0,False,False
TC71E645A97,2025-01,2025-01-22,839.9,852.1,12.2,False,False
T3B2D063348,2025-01,2025-01-23,379.8,385.5,5.7,False,False
T6B0703F297,2025-01,2025-01-25,1026.6,1041.5,14.9,False,False
T2442BBD224,2025-01,2025-01-21,729.2,746.6,17.4,False,False
T94AEE9D59A,2025-01,2025-01-24,1025.1,1035.3,10.2,False,False
TC36C8FB548,2025-01,2025-01-21,1410.1,1417.7,7.6,False,False
TEA6C60108F,2025-01,2025-01-22,1494.8,1535.6,40.8,False,False
T5D0DA4A5A3,2025-01,2025-01-21,944.9,957.6,12.7,False,False
TCE2F3968A5,2025-01,2025-01-24,943.9,957.9,14.0,False,False
T3290CE40ED,2025-01,2025-01-24,1460.5,1479.6,19.1,False,False
TFF800A383C,2025-01,2025-01-25,1124.6,1135.3,10.7,False,False
T43D369AD4F,2025-01,2025-01-22,765.9,777.7,11.8,False,False
T2558B25F4A,2025-01,2025-01-21,153.0,166.0,13.0,False,False
TF2D53B5266,2025-01,2025-01-24,1416.8,1430.8,14.0,False,False
T46E626FB09,2025-01,2025-01-21,245.6,265.3,19.7,False,False
T7E0A59EC74,2025-01,2025-01-21,390.9,398.0,7.1,False,False
TDB77C6E5BA,2025-01,2025-01-20,594.2,610.2,16.0,False,False
TB2420A8657,2025-01,2025-01-23,1141.9,1152.3,10.4,False,False
TB1246EBDB6,2025-01,2025-01-24,648.0,651.4,3.4,False,False
T8C8BD1D187,2025-01,2025-01-25,1209.0,1270.3,61.3,False,True
T9A87FD75BB,2025-01,2025-01-22,539.9,551.7,11.8,False,False
T7220DB253B,2025-01,2025-01-24,690.8,709.3,18.5,False,False
T024582A041,2025-01,2025-01-25,1456.9,1481.7,24.8,False,False
TA3D7EB0EB6,2025-01,2025-01-24,1402.3,1402.3,0.0,True,False
T980F08905D,2025-01,2025-01-21,1362.3,1375.3,13.0,False,False
T0070991C4A,2025-01,2025-01-23,414.4,424.7,10.3,False,False
TE62F9D24A2,2025-01,2025-01-21,785.9,805.7,19.8,False,False
T660F58D22C,2025-01,2025-01-21,1263.9,1280.9,17.0,False,False
TC9C59FD3C0,2025-01,2025-01-25,1401.4,1411.7,10.3,False,False
TC85BCF4679,2025-01,2025-01-22,681.2,699.4,18.2,False,False
T711A4FB3DC,2025-01,2025-01-23,1282.7,1290.3,7.6,False,False
TDA01857472,2025-01,2025-01-22,667.7,672.9,5.2,False,False
T593C7D2F36,2025-01,2025-01-23,932.9,942.5,9.6,False,False
TAD1B3ECAF6,2025-01,2025-01-21,760.5,778.8,18.3,False,False
T62DB418771,2025-02,2025-02-20,1206.3,1227.8,21.5,False,False
T516D296A99,2025-02,2025-02-24,787.6,797.4,9.8,False,False
TF6199DECCB,2025-02,2025-02-21,1307.5,1346.7,39.2,False,False
TBFDD3649BD,2025-02,2025-02-20,1398.4,1410.2,11.8,False,False
T1A8F7C05C9,2025-02,2025-02-21,1281.1,1288.7,7.6,False,False
T6B4FC6C7C6,2025-02,2025-02-20,797.6,797.6,0.0,True,False
T6EE7490E19,2025-02,2025-02-25,1498.1,1512.5,14.4,False,False
T771EC6B537,2025-02,2025-02-20,917.4,921.4,4.0,False,False
TA87CD37475,2025-02,2025-02-22,465.2,483.1,17.9,False,False
T00048F12E2,2025-02,2025-02-24,185.0,193.8,8.8,False,False
TDE3B85E449,2025-02,2025-02-24,1089.2,1110.6,21.4,False,False
TDFD5EF1E2B,2025-02,2025-02-24,697.1,710.0,12.9,False,False
T6BE1C12D07,2025-02,2025-02-21,2005.2,2005.2,0.0,True,False
TE17C7596F7,2025-02,2025-02-25,283.6,299.6,16.0,False,False
TF0590D064A,2025-02,2025-02-21,552.2,561.9,9.7,False,False
T0201C8273D,2025-02,2025-02-22,457.2,465.6,8.4,False,False
T416D725964,2025-02,2025-02-24,1218.9,1234.7,15.8,False,False
T592985E849,2025-02,2025-02-20,392.8,408.2,15.4,False,False
T8CFD079CB6,2025-02,2025-02-23,1618.9,1631.5,12.6,False,False
TD10A6EDCA0,2025-02,2025-02-24,954.1,982.0,27.9,False,False
T0CE7987E4B,2025-02,2025-02-24,994.7,1064.7,70.0,False,False
T0F12629295,2025-02,2025-02-22,401.7,401.7,0.0,True,False
T7833B36159,2025-02,2025-02-23,709.1,726.1,17.0,False,False
T997FF51E88,2025-02,2025-02-25,862.5,871.2,8.7,False,False
TB0AFAFC426,2025-02,2025-02-20,1923.3,1962.1,38.8,False,False
T4B2228F178,2025-02,2025-02-21,642.1,654.5,12.4,False,False
T5D1D63651A,2025-02,2025-02-21,433.4,450.3,16.9,False,False
T005A9CE174,2025-02,2025-02-20,1317.3,1329.6,12.3,False,False
T0E572DDC2C,2025-02,2025-02-23,1070.1,1080.8,10.7,False,False
T6B4C3EB33E,2025-02,2025-02-20,1344.9,1348.2,3.3,False,False
T98621FD0F2,2025-02,2025-02-22,1684.8,1810.7,125.9,False,False
TCED7759D69,2025-02,2025-02-21,1337.0,1357.2,20.2,False,False
T148BA00559,2025-02,2025-02-23,1281.7,1312.5,30.8,False,False
T8EF8382AF5,2025-02,2025-02-21,1560.5,1569.5,9.0,False,False
T294140BCEC,2025-02,2025-02-22,424.1,440.9,16.8,False,False
T2B4ECE5F7A,2025-02,2025-02-24,434.9,451.1,16.2,False,False
TFCDB644B38,2025-02,2025-02-24,397.9,417.7,19.8,False,False
TF46C85CB55,2025-02,2025-02-21,679.2,684.9,5.7,False,False
T635E7348B0,2025-02,2025-02-25,439.0,464.0,25.0,False,False
TD950C1321E,2025-02,2025-02-21,391.9,406.3,14.4,False,False
T79F7CA1313,2025-02,2025-02-22,277.8,285.0,7.2,False,False
T1890D0D69D,2025-02,2025-02-23,868.9,880.1,11.2,False,False
T92ED6C6BBC,2025-02,2025-02-22,474.9,481.2,6.3,False,False
T1A234D637E,2025-02,2025-02-25,1222.3,1236.2,13.9,False,False
T0FA07C2AE6,2025-02,2025-02-22,378.5,386.2,7.7,False,False
T85D9327E38,2025-02,2025-02-21,1395.6,1410.5,14.9,False,False
T9B2220E701,2025-02,2025-02-20,1110.2,1133.7,23.5,False,False
T75AE25B236,2025-02,2025-02-22,930.7,940.6,9.9,False,False
T85C4B9E9BD,2025-02,2025-02-25,1202.5,1209.6,7.1,False,False
TAAC46C752C,2025-02,2025-02-21,1535.6,1540.3,4.7,False,False
TB5ABA37301,2025-02,2025-02-24,953.1,974.5,21.4,False,False
TDB1931905E,2025-02,2025-02-22,1021.4,1034.9,13.5,False,False
T8A79BCF725,2025-02,2025-02-22,1313.7,1313.7,0.0,True,False
T1383BC162C,2025-02,2025-02-20,1618.7,1639.1,20.4,False,False
TE3F34F661C,2025-02,2025-02-24,1232.9,1287.3,54.4,False,False
T945DF5CC73,2025-02,2025-02-22,1091.2,1101.4,10.2,False,False
T89289351AD,2025-02,2025-02-24,1209.3,1223.2,13.9,False,False
T3C6A8E589D,2025-02,2025-02-22,371.5,395.5,24.0,False,False
T9EDB41553F,2025-02,2025-02-25,253.4,260.3,6.9,False,False
T39FECD2D40,2025-02,2025-02-24,848.3,848.3,0.0,True,False
T393F331539,2025-02,2025-02-21,440.7,452.8,12.1,False,False
T44E572D176,2025-02,2025-02-25,459.0,476.4,17.4,False,False
T6A0C9518A5,2025-02,2025-02-24,1281.9,1294.0,12.1,False,False
T6F6C091F32,2025-02,2025-02-20,1403.2,1414.2,11.0,False,False
T0A7DFC3903,2025-02,2025-02-20,1477.7,1496.4,18.7,False,False
T4CA807AAAE,2025-02,2025-02-23,548.5,584.5,36.0,False,False
T292B036CC6,2025-02,2025-02-22,949.6,965.6,16.0,False,False
TF252236170,2025-02,2025-02-24,174.1,188.0,13.9,False,False
T47A88C447A,2025-02,2025-02-21,730.3,738.9,8.6,False,False
T29274E7656,2025-02,2025-02-21,388.4,404.4,16.0,False,False
TF94B3B4CEA,2025-02,2025-02-21,635.4,648.1,12.7,False,False
TD79C86593F,2025-02,2025-02-22,1080.6,1099.8,19.2,False,False
T042B2178D1,2025-02,2025-02-20,244.4,266.2,21.8,False,False
TE9E2B18053,2025-02,2025-02-22,860.5,900.5,40.0,False,False
T80D9A080BE,2025-02,2025-02-23,1977.5,2014.4,36.9,False,False
T580C1D0E5A,2025-02,2025-02-25,951.1,1000.8,49.7,False,False
T262047037E,2025-02,2025-02-21,586.1,600.2,14.1,False,False
T997FBB56CB,2025-02,2025-02-24,1509.8,1520.4,10.6,False,False
T488907BADA,2025-02,2025-02-22,542.1,563.4,21.3,False,False
T959B664297,2025-02,2025-02-25,159.1,173.9,14.8,False,False
TCE4FA87780,2025-02,2025-02-20,1305.5,1315.4,9.9,False,False
T6A6F416B64,2025-02,2025-02-22,1080.5,1096.0,15.5,False,False
T5C22EC11B8,2025-02,2025-02-25,1008.5,1057.5,49.0,False,False
T132EB7CE2B,2025-02,2025-02-20,1179.2,1192.0,12.8,False,False
T011F73020E,2025-02,2025-02-23,1204.7,1217.5,12.8,False,False
T0197678D11,2025-02,2025-02-22,935.0,963.0,28.0,False,False
TBA58CFEBC6,2025-02,2025-02-20,1618.0,1644.7,26.7,False,False
T78A401EEAD,2025-02,2025-02-25,330.2,349.3,19.1,False,False
TE33F90B286,2025-02,2025-02-24,404.0,416.6,12.6,False,False
T761C9E26E6,2025-02,2025-02-20,343.6,353.1,9.5,False,False
T65187CE62C,2025-02,2025-02-25,844.7,844.7,0.0,True,False
T6DD4962896,2025-02,2025-02-25,319.4,331.1,11.7,False,False
T57E5EAB9B8,2025-02,2025-02-23,1102.8,1112.0,9.2,False,False
T0D1C506545,2025-02,2025-02-20,849.0,862.0,13.0,False,False
T16385BC409,2025-02,2025-02-24,303.0,314.3,11.3,False,False
T703E749B16,2025-02,2025-02-21,776.8,789.5,12.7,False,False
TE03815B898,2025-02,2025-02-22,1566.5,1584.5,18.0,False,False
T5EDC8CD764,2025-02,2025-02-22,1118.5,1136.2,17.7,False,False
T8A0E42EA46,2025-02,2025-02-24,1255.7,1267.1,11.4,False,False
T58E4665FE8,2025-02,2025-02-21,423.0,443.9,20.9,False,False
T45A3829C6C,2025-02,2025-02-25,307.8,323.9,16.1,False,False
T0F2B41D96D,2025-02,2025-02-20,380.6,417.0,36.4,False,False
T45E4DAC832,2025-02,2025-02-23,846.1,846.1,0.0,True,False
TB308B5DC7A,2025-02,2025-02-25,1198.5,1214.7,16.2,False,False
T5A52BDFD5B,2025-02,2025-02-20,1216.1,1220.7,4.6,False,False
T3B6195226D,2025-02,2025-02-23,597.2,610.3,13.1,False,False
TEF3ACC364D,2025-02,2025-02-24,186.7,199.5,12.8,False,False
T0E3944E1C7,2025-02,2025-02-25,1482.3,1493.7,11.4,False,False
TC5E02C2AE1,2025-02,2025-02-21,897.8,903.8,6.0,False,False
T9C181CA6B2,2025-02,2025-02-20,776.7,790.3,13.6,False,False
T46D0D9FE06,2025-02,2025-02-20,1007.4,1019.0,11.6,False,False
T3763EE0258,2025-02,2025-02-20,347.1,353.9,6.8,False,False
TB6793708AF,2025-02,2025-02-25,823.0,832.2,9.2,False,False
T02BF3919B7,2025-02,2025-02-21,1257.5,1269.6,12.1,False,False
T61903D0C08,2025-02,2025-02-25,464.7,476.5,11.8,False,False
T1540962193,2025-02,2025-02-23,938.7,998.4,59.7,False,False
TE8DF4BFC62,2025-02,2025-02-22,1700.9,1744.1,43.2,False,False
T97A5E4F98E,2025-02,2025-02-21,1269.8,1287.8,18.0,False,False
TB2B631F6DE,2025-02,2025-02-24,173.1,184.4,11.3,False,False
TFD4476DD46,2025-02,2025-02-21,755.0,778.1,23.1,False,False
T63AE43B763,2025-02,2025-02-23,1008.9,1028.4,19.5,False,False
TF7E0F3ADFA,2025-02,2025-02-22,589.8,589.8,0.0,True,False
T9F3D4A99A8,2025-02,2025-02-23,1008.2,1012.6,4.4,False,False
T3AF0CA5142,2025-02,2025-02-20,1150.7,1240.6,89.9,False,True
T525C93E294,2025-02,2025-02-25,321.4,321.4,0.0,True,False
TA60FF3309B,2025-02,2025-02-21,1221.6,1232.4,10.8,False,False
T6230F0F81A,2025-02,2025-02-24,243.7,243.7,0.0,True,False
T486DC7662A,2025-02,2025-02-23,2789.9,2962.7,172.8,False,False
T0DD0FDF0BD,2025-02,2025-02-24,718.8,718.8,0.0,True,False
T81EEF6FCD3,2025-02,2025-02-21,832.6,843.0,10.4,False,False
T6269371CAA,2025-02,2025-02-20,1403.2,1412.1,8.9,False,False
TF7BDB30AC3,2025-02,2025-02-20,681.3,711.9,30.6,False,False
TC1EBE75CAC,2025-02,2025-02-22,1047.2,1065.6,18.4,False,False
T0A0805FB46,2025-02,2025-02-23,1669.6,1688.5,18.9,False,False
T7C1EBC3C4C,2025-02,2025-02-22,483.4,499.4,16.0,False,False
TFB5558315C,2025-02,2025-02-20,270.9,289.3,18.4,False,False
T4D34DCD6FE,2025-02,2025-02-25,759.1,773.5,14.4,False,False
T8F2163E1AC,2025-02,2025-02-22,1546.6,1574.9,28.3,False,False
T6D36EEA27E,2025-02,2025-02-23,240.8,253.5,12.7,False,False
TD718599337,2025-02,2025-02-20,1075.2,1114.7,39.5,False,False
TACFC1D584E,2025-02,2025-02-23,1284.3,1322.8,38.5,False,True
TE1CE4D9E5A,2025-02,2025-02-21,367.8,384.4,16.6,False,False
TEEB9050E6F,2025-02,2025-02-25,776.4,803.4,27.0,False,False
T266175A7E1,2025-02,2025-02-21,1498.4,1519.7,21.3,False,False
T188F8436EB,2025-02,2025-02-25,503.0,510.2,7.2,False,False
TBF5EF4019A,2025-02,2025-02-24,863.8,872.8,9.0,False,False
TF8038E3438,2025-02,2025-02-23,727.1,739.8,12.7,False,False
T14A35B501D,2025-02,2025-02-22,1128.0,1155.8,27.8,False,False
TACA1F6575E,2025-02,2025-02-25,121.8,121.8,0.0,True,False
T425CF74F89,2025-02,2025-02-21,975.0,977.7,2.7,False,False
T7E561E41DF,2025-02,2025-02-23,1603.6,1603.6,0.0,True,False
TAE21909B09,2025-02,2025-02-25,572.8,586.3,13.5,False,False
TA49FD77129,2025-02,2025-02-25,1122.4,1152.2,29.8,False,False
T83C53CBDE3,2025-02,2025-02-24,858.1,873.0,14.9,False,False
T8989E9F3E0,2025-02,2025-02-24,1134.3,1154.6,20.3,False,False
T0E868A3F47,2025-02,2025-02-24,1612.4,1633.2,20.8,False,False
TAA4A146A6F,2025-02,2025-02-21,948.4,959.5,11.1,False,False
T929701588B,2025-02,2025-02-24,616.9,623.5,6.6,False,False
TCBA87E8F93,2025-02,2025-02-21,1528.9,1540.9,12.0,False,False
T71B2CE98BC,2025-02,2025-02-22,1572.6,1598.4,25.8,False,False
T3104E606FB,2025-02,2025-02-23,1554.7,1570.4,15.7,False,False
TC9C584B8EF,2025-02,2025-02-25,612.5,626.7,14.2,False,False
T42EAACA5A6,2025-02,2025-02-20,483.9,496.6,12.7,False,False
T27CD292019,2025-02,2025-02-21,1470.4,1492.8,22.4,False,False
T2631941D4D,2025-02,2025-02-22,1601.7,1622.7,21.0,False,False
TD6D0D046B5,2025-02,2025-02-20,411.9,419.4,7.5,False,False
T930BCF26DA,2025-02,2025-02-20,1522.6,1541.1,18.5,False,False
T7A263D97A8,2025-02,2025-02-20,312.5,333.7,21.2,False,False
T84CC232045,2025-02,2025-02-21,1050.0,1062.8,12.8,False,False
T1F7089E5B3,2025-02,2025-02-22,1252.2,1277.3,25.1,False,False
T6DD01C39D7,2025-02,2025-02-22,1214.6,1249.2,34.6,False,False
TE3814F5946,2025-02,2025-02-20,1136.7,1144.5,7.8,False,False
T260F6D657D,2025-02,2025-02-21,1610.6,1630.2,19.6,False,False
TF9F158A927,2025-02,2025-02-25,783.6,802.7,19.1,False,False
T2A78E596A5,2025-02,2025-02-25,578.7,596.9,18.2,False,False
T48829C6681,2025-02,2025-02-21,739.4,753.3,13.9,False,False
T5446AB5D4F,2025-02,2025-02-23,1407.6,1414.9,7.3,False,False
T6FEE2A0A85,2025-02,2025-02-25,363.9,363.9,0.0,True,False
T37BA3005AD,2025-02,2025-02-20,1165.1,1183.8,18.7,False,False
T599538981A,2025-02,2025-02-20,1191.2,1239.9,48.7,False,False
TC1FE3D7E79,2025-02,2025-02-23,1148.7,1166.5,17.8,False,False
TAB633F4546,2025-02,2025-02-20,326.1,338.9,12.8,False,False
TEF123948C4,2025-02,2025-02-24,645.7,654.5,8.8,False,False
T50EA3E30B0,2025-02,2025-02-23,1151.5,1159.2,7.7,False,False
T10E8B50E63,2025-02,2025-02-23,1346.0,1376.0,30.0,False,False
T75445AB825,2025-02,2025-02-23,1186.5,1197.3,10.8,False,False
T9AEC04CEE6,2025-02,2025-02-22,259.5,270.8,11.3,False,False
TE59C7E0558,2025-02,2025-02-25,436.1,442.9,6.8,False,False
T017F5CC857,2025-02,2025-02-23,1429.1,1429.1,0.0,True,False
T5740214D00,2025-02,2025-02-23,467.6,472.8,5.2,False,False
TA54FDBC969,2025-02,2025-02-24,812.1,844.8,32.7,False,False
T79348D1D8C,2025-02,2025-02-24,663.3,731.7,68.4,False,False
T0C38B9638D,2025-02,2025-02-24,976.9,1002.1,25.2,False,False
TF8CD7DEDDA,2025-02,2025-02-20,774.2,793.8,19.6,False,False
TD4AA44C620,2025-02,2025-02-23,739.4,760.1,20.7,False,False
TBA22021045,2025-02,2025-02-22,737.1,787.1,50.0,False,False
TAE4991C39A,2025-02,2025-02-24,1523.8,1541.0,17.2,False,False
T926427EC22,2025-02,2025-02-20,699.1,712.7,13.6,False,False
T03F3726F54,2025-02,2025-02-25,996.3,1009.2,12.9,False,False
T9C5C1B51E6,2025-02,2025-02-22,298.7,298.7,0.0,True,False
TAB67F85714,2025-02,2025-02-22,1647.9,1663.7,15.8,False,False
T021E4A2B45,2025-02,2025-02-24,606.3,617.3,11.0,False,False
T9C284C6EDE,2025-02,2025-02-24,1515.3,1530.5,15.2,False,False
TE5AE06739E,2025-02,2025-02-20,241.9,256.3,14.4,False,False
T01F422D988,2025-02,2025-02-25,1579.7,1587.2,7.5,False,False
T812E69DF24,2025-02,2025-02-25,947.2,1003.1,55.9,False,False
T1753290875,2025-02,2025-02-21,1459.8,1473.5,13.7,False,False
T6453265506,2025-02,2025-02-24,2162.8,2235.4,72.6,False,False
T3DCE54CBCD,2025-02,2025-02-24,267.5,277.4,9.9,False,False
T25A59C1230,2025-02,2025-02-24,272.4,298.4,26.0,False,False
T7149DBE7E7,2025-02,2025-02-21,1023.4,1059.9,36.5,False,False
T17B01CE93D,2025-02,2025-02-21,1398.8,1413.1,14.3,False,False
T2A7B7C0706,2025-02,2025-02-24,1362.8,1373.3,10.5,False,False
TA2A12750E0,2025-02,2025-02-21,510.4,523.1,12.7,False,False
TCDF5CCF9D1,2025-02,2025-02-21,1645.2,1666.1,20.9,False,False
T136877D852,2025-02,2025-02-21,1081.6,1100.8,19.2,False,False
TD93E7F3525,2025-02,2025-02-22,1219.9,1230.1,10.2,False,False
T9E698DAD97,2025-02,2025-02-21,365.1,377.4,12.3,False,False
TA7CD008CD2,2025-02,2025-02-24,1372.8,1389.4,16.6,False,False
TB5E2F0D295,2025-02,2025-02-23,907.0,919.4,12.4,False,False
T886651EB56,2025-02,2025-02-22,1651.6,1673.8,22.2,False,False
T726E26C014,2025-02,2025-02-20,500.3,506.1,5.8,False,False
T47801013F9,2025-02,2025-02-20,256.1,270.5,14.4,False,False
T7B44E5C01C,2025-02,2025-02-23,1130.1,1134.5,4.4,False,False
T06E1B5C91E,2025-02,2025-02-25,667.9,679.0,11.1,False,False
TBD7AFAA9AB,2025-02,2025-02-21,1206.4,1206.4,0.0,True,False
T3A8AE15DE9,2025-02,2025-02-25,1032.6,1043.6,11.0,False,False
T90FCBE8560,2025-02,2025-02-23,1281.1,1290.7,9.6,False,False
T6B76BCDCC8,2025-02,2025-02-24,1676.5,1716.6,40.1,False,False
T6B61D786E8,2025-02,2025-02-20,1065.0,1075.6,10.6,False,False
TD8B8E83F9D,2025-02,2025-02-23,1351.3,1365.2,13.9,False,False
T353F39960E,2025-02,2025-02-24,444.1,451.2,7.1,False,False
TC44518846F,2025-02,2025-02-25,358.1,373.6,15.5,False,False
T3DBD424B8F,2025-02,2025-02-23,601.4,611.3,9.9,False,False
TB8E4E6CA4C,2025-02,2025-02-25,780.6,,,False,False
T54630B6404,2025-02,2025-02-20,327.3,343.4,16.1,False,False
T71623730B1,2025-02,2025-02-23,1072.8,1087.8,15.0,False,False
T7436A106AE,2025-02,2025-02-21,447.7,457.4,9.7,False,False
T6191B8FD69,2025-02,2025-02-25,1160.5,1171.7,11.2,False,False
TBA7727A83B,2025-02,2025-02-20,485.7,494.3,8.6,False,False
T66B24DDB8C,2025-02,2025-02-21,1623.5,1636.4,12.9,False,False
T0EAA0EDBAF,2025-02,2025-02-20,799.2,821.3,22.1,False,False
TDCBC842E3A,2025-02,2025-02-25,498.3,519.9,21.6,False,False
T305BACE840,2025-02,2025-02-25,763.6,778.7,15.1,False,False
TAD0E244201,2025-02,2025-02-23,1112.3,1136.7,24.4,False,False
T824A68B378,2025-02,2025-02-22,1268.4,1273.3,4.9,False,False
T9F72B39B89,2025-02,2025-02-25,670.9,683.3,12.4,False,False
T0380D1AD85,2025-02,2025-02-23,1045.1,1067.0,21.9,False,False
TD58AFBB420,2025-02,2025-02-20,1850.1,1907.0,56.9,False,False
TB1A6FA6009,2025-02,2025-02-20,360.8,372.2,11.4,False,False
TB95EB354D9,2025-02,2025-02-21,1031.7,1048.9,17.2,False,False
T6EBEC2B9E3,2025-02,2025-02-25,554.7,564.7,10.0,False,False
TCBAFB86C54,2025-02,2025-02-24,1545.9,,,False,False
T2D884BEE59,2025-02,2025-02-23,1200.6,1239.0,38.4,False,True
T81E3CAC404,2025-02,2025-02-25,1252.4,1259.3,6.9,False,False
TB13246DF04,2025-02,2025-02-24,1907.3,1948.1,40.8,False,False
T38FC29870C,2025-02,2025-02-23,913.5,921.8,8.3,False,False
T0B952300A6,2025-02,2025-02-22,1110.3,1126.5,16.2,False,False
T592EE5AE5A,2025-02,2025-02-20,486.4,502.5,16.1,False,False
T8AB7B992DC,2025-02,2025-02-22,1521.7,1534.0,12.3,False,False
TE13531501B,2025-02,2025-02-23,233.7,242.9,9.2,False,False
T603C6A7DDF,2025-02,2025-02-20,1689.5,1730.2,40.7,False,False
T9B1CF87E17,2025-02,2025-02-21,580.7,594.6,13.9,False,False
T7E47E27FFB,2025-02,2025-02-22,1059.2,1071.1,11.9,False,False
T2FE3E18EED,2025-02,2025-02-24,1013.6,1026.0,12.4,False,False
T518FD2CD05,2025-02,2025-02-22,727.6,739.0,11.4,False,False
TCA03B52F53,2025-02,2025-02-21,324.8,340.9,16.1,False,False
TC97F0C81C8,2025-02,2025-02-23,1645.6,1788.2,142.6,False,False
T5825BB17FC,2025-02,2025-02-24,542.1,586.2,44.1,False,False
TC5E185C6E8,2025-02,2025-02-22,161.4,161.4,0.0,True,False
TEAD9E81003,2025-02,2025-02-22,813.5,826.8,13.3,False,False
TE23D5A574A,2025-02,2025-02-24,858.1,867.7,9.6,False,False
T04048D53A3,2025-02,2025-02-20,659.4,668.0,8.6,False,False
TE1AA9E77A7,2025-02,2025-02-23,927.9,932.6,4.7,False,False
TC54C99BA73,2025-02,2025-02-20,655.3,681.3,26.0,False,False
T013C0F8B57,2025-02,2025-02-24,1324.0,1335.0,11.0,False,False
T3C23C0A42C,2025-02,2025-02-22,930.0,948.5,18.5,False,False
TEDB2598366,2025-02,2025-02-24,1167.6,1177.9,10.3,False,False
T03D524AC98,2025-02,2025-02-24,1421.7,1433.0,11.3,False,False
T9B658694D7,2025-02,2025-02-21,572.8,592.9,20.1,False,False
T827DB403EF,2025-02,2025-02-21,1007.8,1009.8,2.0,False,False
TD5960FA89C,2025-02,2025-02-21,1043.1,1054.1,11.0,False,False
TEB9CD6778B,2025-02,2025-02-20,1408.5,1420.9,12.4,False,False
TCFB896C903,2025-02,2025-02-22,641.6,652.0,10.4,False,False
T4EBE5132B6,2025-02,2025-02-25,769.9,783.0,13.1,False,False
TD6D7800440,2025-02,2025-02-22,1364.4,1377.2,12.8,False,False
TB1AE49FA20,2025-02,2025-02-22,512.2,517.7,5.5,False,False
TF4940B0970,2025-02,2025-02-22,1081.5,1092.8,11.3,False,False
T6492EC951E,2025-02,2025-02-24,580.3,623.8,43.5,False,False
T5B2FD74A85,2025-02,2025-02-21,1323.5,1340.9,17.4,False,False
TCF1A6CDF80,2025-02,2025-02-22,362.7,373.5,10.8,False,False
TBA965CD37E,2025-02,2025-02-24,253.3,267.4,14.1,False,False
T8917AF33E8,2025-02,2025-02-21,743.4,827.4,84.0,False,False
T4F696F6C0E,2025-02,2025-02-24,277.6,289.7,12.1,False,False
TFB9BD0FCA4,2025-02,2025-02-23,1547.3,1574.9,27.6,False,False
T6372E1147F,2025-02,2025-02-25,992.2,1004.3,12.1,False,False
T8B4FC280C2,2025-02,2025-02-25,414.1,425.2,11.1,False,False
T0AF0DD2FE5,2025-02,2025-02-20,953.2,961.3,8.1,False,False
T9BABD62590,2025-02,2025-02-21,1096.3,1136.8,40.5,False,False
TBBD0028CDB,2025-02,2025-02-25,836.1,852.5,16.4,False,False
T30E453AB34,2025-02,2025-02-22,914.6,926.4,11.8,False,False
T7DC59256DC,2025-02,2025-02-21,521.5,546.4,24.9,False,False
TCC371206BC,2025-02,2025-02-23,432.7,446.0,13.3,False,False
TDEF092A4C5,2025-02,2025-02-24,1379.4,1390.5,11.1,False,False
TE13FCEC631,2025-02,2025-02-20,1022.1,1039.9,17.8,False,False
T7C3F6A8162,2025-02,2025-02-24,1318.8,1335.9,17.1,False,False
T0F4A3A74ED,2025-02,2025-02-22,743.9,768.6,24.7,False,False
T5BEF82BC17,2025-02,2025-02-23,1250.6,1262.9,12.3,False,False
T07AC5856A4,2025-02,2025-02-24,563.8,576.9,13.1,False,False
T0185184B59,2025-02,2025-02-23,1104.4,1117.6,13.2,False,False
T79F8E1FAE8,2025-02,2025-02-23,165.6,181.4,15.8,False,False
T4D40D256FE,2025-02,2025-02-25,933.2,951.6,18.4,False,False
TE74495FCDD,2025-02,2025-02-23,1467.9,1476.7,8.8,False,False
TAD9ED625D1,2025-02,2025-02-24,1333.3,1348.9,15.6,False,False
TE7328B9E12,2025-02,2025-02-22,591.9,591.9,0.0,True,False
T5FC1C50126,2025-02,2025-02-25,1028.3,1059.1,30.8,False,False
T203C71CAC2,2025-02,2025-02-22,1520.0,1544.3,24.3,False,False
T1D1F227112,2025-02,2025-02-20,618.5,635.9,17.4,False,False
TF62BDC6E96,2025-02,2025-02-22,1500.6,1521.8,21.2,False,False
T5D35014BC6,2025-02,2025-02-25,1561.5,1568.7,7.2,False,False
T9C80DA594D,2025-02,2025-02-23,638.7,645.2,6.5,False,False
T575100FEE6,2025-02,2025-02-23,299.6,333.2,33.6,False,False
TFF833858D4,2025-02,2025-02-21,1564.9,1575.3,10.4,False,False
T44C452513D,2025-02,2025-02-25,718.4,733.3,14.9,False,False
TC11C4F89B7,2025-02,2025-02-22,317.8,339.7,21.9,False,False
T519E11C12F,2025-02,2025-02-20,204.7,216.3,11.6,False,False
T1D1C3809AD,2025-02,2025-02-24,925.3,,,False,False
T2F89E8ED6F,2025-02,2025-02-22,1318.1,1337.0,18.9,False,False
TED624C9B29,2025-02,2025-02-22,1313.5,1328.3,14.8,False,False
T80599540B9,2025-02,2025-02-22,287.0,312.0,25.0,False,False
T99F86EAA03,2025-02,2025-02-20,793.0,813.8,20.8,False,False
T48E474E620,2025-02,2025-02-22,1266.0,1281.8,15.8,False,False
T62F138B69F,2025-02,2025-02-22,1302.6,1321.7,19.1,False,False
T0ABCC73F5F,2025-02,2025-02-22,1282.0,1295.4,13.4,False,False
T451A03E5F4,2025-02,2025-02-20,744.0,771.1,27.1,False,False
T28A5C3A212,2025-02,2025-02-20,861.7,868.7,7.0,False,False
T9BF23AC92B,2025-02,2025-02-21,996.7,1010.4,13.7,False,False
T8D847ABAD5,2025-02,2025-02-23,851.2,858.8,7.6,False,False
T79AD100612,2025-02,2025-02-20,1164.8,1179.9,15.1,False,False
T595C48877B,2025-02,2025-02-24,1028.4,1048.0,19.6,False,False
T7E1F631507,2025-02,2025-02-22,166.9,180.7,13.8,False,False
T7CEE29F570,2025-02,2025-02-20,403.9,414.2,10.3,False,False
TB28F8F08F4,2025-02,2025-02-21,775.6,786.3,10.7,False,False
T741A1119FA,2025-02,2025-02-22,438.4,457.4,19.0,False,False
T26862D1A4A,2025-02,2025-02-22,1707.3,1740.0,32.7,False,False
TCB96D14BFD,2025-02,2025-02-23,639.8,653.3,13.5,False,False
TF07D19AE17,2025-02,2025-02-25,369.2,396.3,27.1,False,False
T7AE1E63696,2025-02,2025-02-24,1417.5,1428.3,10.8,False,False
TEA687BEEC8,2025-02,2025-02-25,430.2,443.3,13.1,False,False
T5C97BD73CE,2025-02,2025-02-24,1518.7,1534.0,15.3,False,False
T64DF103F27,2025-02,2025-02-25,350.1,361.4,11.3,False,False
T962D5133B5,2025-02,2025-02-25,1227.5,1244.0,16.5,False,False
TFAE2AFD636,2025-02,2025-02-21,1392.1,1399.1,7.0,False,False
T8237A9AE83,2025-02,2025-02-24,445.3,460.7,15.4,False,False
T124789ED12,2025-02,2025-02-23,854.8,,,False,False
T77D8F1F07B,2025-02,2025-02-20,940.4,997.0,56.6,False,False
T88E01EE6A9,2025-02,2025-02-21,642.7,659.5,16.8,False,False
TCCA2F0E6D1,2025-02,2025-02-21,494.0,506.0,12.0,False,False
TE7C4074532,2025-02,2025-02-23,358.4,390.7,32.3,False,False
TE08ACE6D71,2025-02,2025-02-23,1486.6,1510.3,23.7,False,False
TF5AB4BC37D,2025-02,2025-02-24,508.3,526.4,18.1,False,False
T31A37C291B,2025-02,2025-02-20,156.5,169.2,12.7,False,False
T85072A41C6,2025-02,2025-02-24,1307.9,1315.9,8.0,False,False
T3DB8E8C91B,2025-02,2025-02-25,1020.6,1031.5,10.9,False,False
T1F21C0A526,2025-02,2025-02-21,351.3,372.7,21.4,False,False
TC653350390,2025-02,2025-02-24,1407.3,1418.0,10.7,False,False
TF357DF2C85,2025-02,2025-02-25,623.9,645.3,21.4,False,False
TC2B54F643A,2025-02,2025-02-20,372.0,385.5,13.5,False,False
T62A907AFA1,2025-02,2025-02-23,625.4,631.5,6.1,False,False
T9B926E1A60,2025-02,2025-02-25,837.4,846.8,9.4,False,False
T95A557D58C,2025-02,2025-02-23,1751.3,1873.2,121.9,False,False
T4FD73F8DF8,2025-02,2025-02-20,230.4,239.8,9.4,False,False
TAA9E781779,2025-02,2025-02-24,1106.8,1118.3,11.5,False,False
T5AB667FA59,2025-02,2025-02-24,1203.1,1225.4,22.3,False,False
T2FB8838715,2025-02,2025-02-25,1533.9,1551.1,17.2,False,False
TDC0B728E72,2025-02,2025-02-24,1139.5,1181.4,41.9,False,False
T500E1E73A5,2025-02,2025-02-20,854.5,867.8,13.3,False,False
T518D652731,2025-02,2025-02-20,642.2,659.3,17.1,False,False
T5F78380FF1,2025-02,2025-02-24,875.2,888.6,13.4,False,False
T2269F4C04A,2025-02,2025-02-20,1161.4,1201.7,40.3,False,False
T75D0C6EEF9,2025-02,2025-02-23,1846.0,1941.5,95.5,False,False
T08C84C6180,2025-02,2025-02-23,347.7,365.5,17.8,False,False
TBE3328794F,2025-02,2025-02-23,1044.5,1052.3,7.8,False,False
T7BF732B1D4,2025-02,2025-02-24,1147.9,1156.3,8.4,False,False
T680C591820,2025-02,2025-02-22,1134.0,1140.1,6.1,False,False
T87B30A11CA,2025-02,2025-02-20,1509.8,1524.6,14.8,False,False
T2C69DDD554,2025-02,2025-02-23,1036.6,1074.7,38.1,False,False
TB5DCDB3D2B,2025-02,2025-02-21,1371.4,1371.4,0.0,True,False
TF1BF705581,2025-02,2025-02-23,767.4,783.1,15.7,False,False
T7861C2062B,2025-02,2025-02-20,1731.5,1765.5,34.0,False,False
T3E7A117328,2025-02,2025-02-23,431.4,445.8,14.4,False,False
T626DE7D352,2025-02,2025-02-21,1338.9,1389.6,50.7,False,False
T30CED3EF6B,2025-02,2025-02-24,1009.8,1028.0,18.2,False,False
T6F621D315F,2025-02,2025-02-22,326.5,350.6,24.1,False,False
T5AEAFABEEB,2025-02,2025-02-23,1039.4,1052.4,13.0,False,False
T6E1A658692,2025-02,2025-02-21,626.2,644.0,17.8,False,False
TDFD739AFF7,2025-02,2025-02-20,1415.8,1426.2,10.4,False,False
T0E7497BE87,2025-02,2025-02-21,319.1,329.0,9.9,False,False
T63245D9338,2025-02,2025-02-21,351.6,368.4,16.8,False,False
T2FC1A9FEB9,2025-02,2025-02-21,414.2,431.1,16.9,False,False
TE5572E3B77,2025-02,2025-02-24,1498.1,1504.5,6.4,False,False
T93AE74FC8C,2025-02,2025-02-23,929.4,947.5,18.1,False,False
TCE4F3C1854,2025-02,2025-02-20,1770.9,1802.8,31.9,False,False
T623FDA0FEC,2025-02,2025-02-22,668.2,705.7,37.5,False,True
T6FCD9FC327,2025-02,2025-02-22,448.1,455.9,7.8,False,False
T26D49D2B10,2025-02,2025-02-21,1069.2,1090.8,21.6,False,False
T6B0F45148F,2025-02,2025-02-24,1149.3,1223.0,73.7,False,False
T5DA6DABC22,2025-02,2025-02-25,637.0,651.3,14.3,False,False
T4C0FAA9237,2025-02,2025-02-25,946.7,965.5,18.8,False,False
T629B85F6AE,2025-02,2025-02-20,1437.7,1452.8,15.1,False,False
TE6221DA147,2025-02,2025-02-23,827.1,835.4,8.3,False,False
T7092CB932F,2025-02,2025-02-21,1365.5,1381.2,15.7,False,False
T38F3AD60D6,2025-02,2025-02-24,443.0,443.0,0.0,True,False
T051D6304AA,2025-02,2025-02-21,1075.3,1085.4,10.1,False,False
T1677509027,2025-02,2025-02-25,492.6,512.0,19.4,False,False
TCE43CAAFDD,2025-02,2025-02-20,1039.2,1051.6,12.4,False,False
TD6051C60DD,2025-02,2025-02-23,1352.9,1352.9,0.0,True,False
TD81C7B0AC7,2025-02,2025-02-22,1526.8,1540.0,13.2,False,False
TEB9B6A4FBC,2025-02,2025-02-20,869.4,881.8,12.4,False,False
T8E67D26322,2025-02,2025-02-24,1665.9,1677.6,11.7,False,False
T0E8259349E,2025-02,2025-02-20,265.6,279.3,13.7,False,False
TEC586A8374,2025-02,2025-02-23,1024.9,1035.6,10.7,False,False
T1E40F3A239,2025-02,2025-02-25,1078.8,1090.5,11.7,False,False
T716C530DED,2025-02,2025-02-21,577.5,594.1,16.6,False,False
T7562476AEF,2025-02,2025-02-20,1587.7,1614.8,27.1,False,False
TB460453C4D,2025-02,2025-02-22,315.0,330.4,15.4,False,False
T4A69C0BA6F,2025-02,2025-02-25,558.2,572.7,14.5,False,False
TB3006B8F03,2025-02,2025-02-21,772.6,782.8,10.2,False,False
TED3E393477,2025-02,2025-02-25,1590.6,1606.4,15.8,False,False
TA014F1FF15,2025-02,2025-02-21,1161.6,1179.2,17.6,False,False
T08D24C843D,2025-02,2025-02-20,376.7,400.9,24.2,False,False
T328C38D103,2025-02,2025-02-22,1645.8,1664.4,18.6,False,False
T5D52776F44,2025-02,2025-02-21,463.8,473.1,9.3,False,False
T350C7F0CAD,2025-02,2025-02-23,527.0,,,False,False
TE4BF83F9A5,2025-02,2025-02-23,1427.1,1450.1,23.0,False,False
T363192FB18,2025-02,2025-02-23,1052.5,1071.8,19.3,False,False
TE7D390D6E1,2025-02,2025-02-23,967.4,992.2,24.8,False,False
TEAED0D702E,2025-02,2025-02-20,1005.1,1018.0,12.9,False,False
T76D2631BBE,2025-02,2025-02-20,1278.8,1278.8,0.0,True,False
T41D9DAD65E,2025-02,2025-02-22,649.8,661.3,11.5,False,False
T4FB688BCF2,2025-02,2025-02-24,1160.4,1174.6,14.2,False,False
T49C247A691,2025-02,2025-02-21,607.0,625.5,18.5,False,False
TAD97E4B580,2025-02,2025-02-24,201.5,218.6,17.1,False,False
TA6D3C701E5,2025-02,2025-02-21,369.8,369.8,0.0,True,False
T1629374829,2025-02,2025-02-24,774.4,808.9,34.5,False,False
TE380DFCDD5,2025-02,2025-02-24,1154.9,1170.8,15.9,False,False
TC71E645A97,2025-02,2025-02-25,852.1,867.3,15.2,False,False
T3B2D063348,2025-02,2025-02-20,385.5,393.2,7.7,False,False
T6B0703F297,2025-02,2025-02-21,1041.5,1052.0,10.5,False,False
T2442BBD224,2025-02,2025-02-24,746.6,746.6,0.0,True,False
T94AEE9D59A,2025-02,2025-02-25,1035.3,1044.7,9.4,False,False
TC36C8FB548,2025-02,2025-02-25,1417.7,1429.8,12.1,False,False
TEA6C60108F,2025-02,2025-02-20,1535.6,1586.8,51.2,False,False
T5D0DA4A5A3,2025-02,2025-02-24,957.6,971.2,13.6,False,False
TCE2F3968A5,2025-02,2025-02-25,957.9,971.1,13.2,False,False
T3290CE40ED,2025-02,2025-02-25,1479.6,1501.9,22.3,False,False
TFF800A383C,2025-02,2025-02-23,1135.3,1150.0,14.7,False,False
T43D369AD4F,2025-02,2025-02-23,777.7,787.5,9.8,False,False
T2558B25F4A,2025-02,2025-02-21,166.0,179.0,13.0,False,False
TF2D53B5266,2025-02,2025-02-23,1430.8,1444.2,13.4,False,False
T46E626FB09,2025-02,2025-02-23,265.3,285.0,19.7,False,False
T7E0A59EC74,2025-02,2025-02-21,398.0,403.3,5.3,False,False
TDB77C6E5BA,2025-02,2025-02-22,610.2,620.9,10.7,False,False
TB2420A8657,2025-02,2025-02-24,1152.3,1162.2,9.9,False,False
TB1246EBDB6,2025-02,2025-02-21,651.4,658.5,7.1,False,False
T8C8BD1D187,2025-02,2025-02-20,1270.3,1327.0,56.7,False,True
T9A87FD75BB,2025-02,2025-02-25,551.7,567.2,15.5,False,False
T7220DB253B,2025-02,2025-02-22,709.3,727.5,18.2,False,False
T024582A041,2025-02,2025-02-22,1481.7,1506.1,24.4,False,False
TA3D7EB0EB6,2025-02,2025-02-24,1402.3,1404.0,1.7,False,False
T980F08905D,2025-02,2025-02-22,1375.3,1385.8,10.5,False,False
T0070991C4A,2025-02,2025-02-20,424.7,438.5,13.8,False,False
TE62F9D24A2,2025-02,2025-02-22,805.7,825.9,20.2,False,False
T660F58D22C,2025-02,2025-02-20,1280.9,1298.6,17.7,False,False
TC9C59FD3C0,2025-02,2025-02-24,1411.7,1423.5,11.8,False,False
TC85BCF4679,2025-02,2025-02-21,699.4,719.7,20.3,False,False
T711A4FB3DC,2025-02,2025-02-21,1290.3,1297.9,7.6,False,False
TDA01857472,2025-02,2025-02-21,672.9,678.7,5.8,False,False
T593C7D2F36,2025-02,2025-02-20,942.5,952.9,10.4,False,False
TAD1B3ECAF6,2025-02,2025-02-22,778.8,795.9,17.1,False,False
T62DB418771,2025-03,2025-03-23,1227.8,1251.7,23.9,False,False
T516D296A99,2025-03,2025-03-25,797.4,806.5,9.1,False,False
TF6199DECCB,2025-03,2025-03-21,1346.7,1386.7,40.0,False,False
TBFDD3649BD,2025-03,2025-03-21,1410.2,1426.7,16.5,False,False
T1A8F7C05C9,2025-03,2025-03-24,1288.7,1288.7,0.0,True,False
T6B4FC6C7C6,2025-03,2025-03-21,797.6,819.6,22.0,False,False
T6EE7490E19,2025-03,2025-03-24,1512.5,1525.8,13.3,False,False
T771EC6B537,2025-03,2025-03-20,921.4,925.8,4.4,False,False
TA87CD37475,2025-03,2025-03-22,483.1,499.0,15.9,False,False
T00048F12E2,2025-03,2025-03-22,193.8,205.3,11.5,False,False
TDE3B85E449,2025-03,2025-03-24,1110.6,1129.6,19.0,False,False
TDFD5EF1E2B,2025-03,2025-03-21,710.0,729.7,19.7,False,False
T6BE1C12D07,2025-03,2025-03-22,2005.2,2109.1,103.9,False,False
TE17C7596F7,2025-03,2025-03-25,299.6,316.3,16.7,False,False
TF0590D064A,2025-03,2025-03-21,561.9,574.4,12.5,False,False
T0201C8273D,2025-03,2025-03-23,465.6,473.7,8.1,False,False
T416D725964,2025-03,2025-03-23,1234.7,1249.0,14.3,False,False
T592985E849,2025-03,2025-03-21,408.2,408.2,0.0,True,False
T8CFD079CB6,2025-03,2025-03-25,1631.5,1647.5,16.0,False,False
TD10A6EDCA0,2025-03,2025-03-21,982.0,1009.7,27.7,False,False
T0CE7987E4B,2025-03,2025-03-21,1064.7,1154.2,89.5,False,False
T0F12629295,2025-03,2025-03-21,401.7,406.4,4.7,False,False
T7833B36159,2025-03,2025-03-25,726.1,743.7,17.6,False,False
T997FF51E88,2025-03,2025-03-21,871.2,879.8,8.6,False,False
TB0AFAFC426,2025-03,2025-03-23,1962.1,670.5517819818641,83.7,False,False
T4B2228F178,2025-03,2025-03-24,654.5,673.4,18.9,False,False
T5D1D63651A,2025-03,2025-03-23,450.3,469.4,19.1,False,False
T005A9CE174,2025-03,2025-03-23,1329.6,1341.7,12.1,False,False
T0E572DDC2C,2025-03,2025-03-20,1080.8,1090.2,9.4,False,False
T6B4C3EB33E,2025-03,2025-03-25,1348.2,1353.8,5.6,False,False
T98621FD0F2,2025-03,2025-03-24,1810.7,1913.8,103.1,False,False
TCED7759D69,2025-03,2025-03-25,1357.2,1377.9,20.7,False,False
T148BA00559,2025-03,2025-03-20,1312.5,1339.8,27.3,False,False
T8EF8382AF5,2025-03,2025-03-21,1569.5,1581.4,11.9,False,False
T294140BCEC,2025-03,2025-03-24,440.9,472.7,31.8,False,False
T2B4ECE5F7A,2025-03,2025-03-22,451.1,472.5,21.4,False,False
TFCDB644B38,2025-03,2025-03-23,417.7,435.8,18.1,False,False
TF46C85CB55,2025-03,2025-03-20,684.9,692.7,7.8,False,False
T635E7348B0,2025-03,2025-03-24,464.0,496.0,32.0,False,False
TD950C1321E,2025-03,2025-03-23,406.3,423.0,16.7,False,False
T79F7CA1313,2025-03,2025-03-22,285.0,292.7,7.7,False,False
T1890D0D69D,2025-03,2025-03-22,880.1,890.8,10.7,False,False
T92ED6C6BBC,2025-03,2025-03-24,481.2,489.7,8.5,False,False
T1A234D637E,2025-03,2025-03-24,1236.2,1248.3,12.1,False,False
T0FA07C2AE6,2025-03,2025-03-24,386.2,395.2,9.0,False,False
T85D9327E38,2025-03,2025-03-22,1410.5,1429.8,19.3,False,False
T9B2220E701,2025-03,2025-03-23,1133.7,1133.7,0.0,True,False
T75AE25B236,2025-03,2025-03-22,940.6,953.5,12.9,False,False
T85C4B9E9BD,2025-03,2025-03-25,1209.6,1215.5,5.9,False,False
TAAC46C752C,2025-03,2025-03-21,1540.3,1545.6,5.3,False,False
TB5ABA37301,2025-03,2025-03-20,974.5,997.7,23.2,False,False
TDB1931905E,2025-03,2025-03-24,1034.9,1044.2,9.3,False,False
T8A79BCF725,2025-03,2025-03-20,1313.7,1320.3,6.6,False,False
T1383BC162C,2025-03,2025-03-22,1639.1,1650.2,11.1,False,False
TE3F34F661C,2025-03,2025-03-21,1287.3,1361.2,73.9,False,False
T945DF5CC73,2025-03,2025-03-21,1101.4,1111.3,9.9,False,False
T89289351AD,2025-03,2025-03-20,1223.2,1240.8,17.6,False,False
T3C6A8E589D,2025-03,2025-03-23,395.5,439.3,43.8,False,True
T9EDB41553F,2025-03,2025-03-25,260.3,268.1,7.8,False,False
T39FECD2D40,2025-03,2025-03-23,848.3,877.7,29.4,False,False
T393F331539,2025-03,2025-03-22,452.8,468.5,15.7,False,False
T44E572D176,2025-03,2025-03-22,476.4,498.3,21.9,False,False
T6A0C9518A5,2025-03,2025-03-24,1294.0,1304.8,10.8,False,False
T6F6C091F32,2025-03,2025-03-23,1414.2,1427.6,13.4,False,False
T0A7DFC3903,2025-03,2025-03-25,1496.4,1528.0,31.6,False,False
T4CA807AAAE,2025-03,2025-03-20,584.5,632.3,47.8,False,False
T292B036CC6,2025-03,2025-03-23,965.6,986.9,21.3,False,False
TF252236170,2025-03,2025-03-20,188.0,208.3,20.3,False,False
T47A88C447A,2025-03,2025-03-22,738.9,751.1,12.2,False,False
T29274E7656,2025-03,2025-03-20,404.4,404.4,0.0,True,False
TF94B3B4CEA,2025-03,2025-03-22,648.1,213.6100428022697,16.6,False,False
TD79C86593F,2025-03,2025-03-20,1099.8,1121.4,21.6,False,False
T042B2178D1,2025-03,2025-03-24,266.2,288.6,22.4,False,False
TE9E2B18053,2025-03,2025-03-25,900.5,970.7,70.2,False,False
T80D9A080BE,2025-03,2025-03-25,2014.4,2070.3,55.9,False,False
T580C1D0E5A,2025-03,2025-03-25,1000.8,1044.5,43.7,False,False
T262047037E,2025-03,2025-03-22,600.2,614.5,14.3,False,False
T997FBB56CB,2025-03,2025-03-21,1520.4,1537.0,16.6,False,False
T488907BADA,2025-03,2025-03-25,563.4,595.8,32.4,False,False
T959B664297,2025-03,2025-03-24,173.9,186.4,12.5,False,False
TCE4FA87780,2025-03,2025-03-20,1315.4,1327.9,12.5,False,False
T6A6F416B64,2025-03,2025-03-22,1096.0,1112.6,16.6,False,False
T5C22EC11B8,2025-03,2025-03-23,1057.5,1106.9,49.4,False,False
T132EB7CE2B,2025-03,2025-03-25,1192.0,1206.6,14.6,False,False
T011F73020E,2025-03,2025-03-22,1217.5,1235.3,17.8,False,False
T0197678D11,2025-03,2025-03-20,963.0,999.4,36.4,False,False
TBA58CFEBC6,2025-03,2025-03-24,1644.7,1670.1,25.4,False,False
T78A401EEAD,2025-03,2025-03-25,349.3,367.4,18.1,False,False
TE33F90B286,2025-03,2025-03-24,416.6,428.3,11.7,False,False
T761C9E26E6,2025-03,2025-03-25,353.1,364.2,11.1,False,False
T65187CE62C,2025-03,2025-03-20,844.7,893.1,48.4,False,False
T6DD4962896,2025-03,2025-03-22,331.1,346.2,15.1,False,False
T57E5EAB9B8,2025-03,2025-03-24,1112.0,1126.8,14.8,False,False
T0D1C506545,2025-03,2025-03-25,862.0,880.7,18.7,False,False
T16385BC409,2025-03,2025-03-23,314.3,324.6,10.3,False,False
T703E749B16,2025-03,2025-03-24,789.5,804.1,14.6,False,False
TE03815B898,2025-03,2025-03-24,1584.5,1584.5,0.0,True,False
T5EDC8CD764,2025-03,2025-03-21,1136.2,1147.6,11.4,False,False
T8A0E42EA46,2025-03,2025-03-24,1267.1,1279.0,11.9,False,False
T58E4665FE8,2025-03,2025-03-20,443.9,461.5,17.6,False,False
T45A3829C6C,2025-03,2025-03-23,323.9,337.7,13.8,False,False
T0F2B41D96D,2025-03,2025-03-22,417.0,464.1,47.1,False,False
T45E4DAC832,2025-03,2025-03-25,846.1,858.3,12.2,False,False
TB308B5DC7A,2025-03,2025-03-22,1214.7,1230.0,15.3,False,False
T5A52BDFD5B,2025-03,2025-03-20,1220.7,1228.2,7.5,False,False
T3B6195226D,2025-03,2025-03-24,610.3,629.1,18.8,False,False
TEF3ACC364D,2025-03,2025-03-21,199.5,211.8,12.3,False,False
T0E3944E1C7,2025-03,2025-03-24,1493.7,1511.7,18.0,False,False
TC5E02C2AE1,2025-03,2025-03-20,903.8,910.0,6.2,False,False
T9C181CA6B2,2025-03,2025-03-23,790.3,805.9,15.6,False,False
T46D0D9FE06,2025-03,2025-03-20,1019.0,1032.4,13.4,False,False
T3763EE0258,2025-03,2025-03-21,353.9,366.8,12.9,False,False
TB6793708AF,2025-03,2025-03-22,832.2,843.2,11.0,False,False
T02BF3919B7,2025-03,2025-03-25,1269.6,1281.6,12.0,False,False
T61903D0C08,2025-03,2025-03-24,476.5,487.4,10.9,False,False
T1540962193,2025-03,2025-03-24,998.4,1071.3,72.9,False,False
TE8DF4BFC62,2025-03,2025-03-22,1744.1,1775.8,31.7,False,False
T97A5E4F98E,2025-03,2025-03-25,1287.8,1304.7,16.9,False,False
TB2B631F6DE,2025-03,2025-03-21,184.4,195.8,11.4,False,False
TFD4476DD46,2025-03,2025-03-24,778.1,808.0,29.9,False,False
T63AE43B763,2025-03,2025-03-21,1028.4,1052.7,24.3,False,False
TF7E0F3ADFA,2025-03,2025-03-22,589.8,589.8,0.0,True,False
T9F3D4A99A8,2025-03,2025-03-20,1012.6,1017.9,5.3,False,False
T3AF0CA5142,2025-03,2025-03-23,1240.6,1299.5,58.9,False,False
T525C93E294,2025-03,2025-03-22,321.4,331.7,10.3,False,False
TA60FF3309B,2025-03,2025-03-25,1232.4,1247.3,14.9,False,False
T6230F0F81A,2025-03,2025-03-25,243.7,257.4,13.7,False,False
T486DC7662A,2025-03,2025-03-21,2962.7,3165.6,202.9,False,False
T0DD0FDF0BD,2025-03,2025-03-23,718.8,741.2,22.4,False,False
T81EEF6FCD3,2025-03,2025-03-24,843.0,852.2,9.2,False,False
T6269371CAA,2025-03,2025-03-25,1412.1,1423.6,11.5,False,False
TF7BDB30AC3,2025-03,2025-03-21,711.9,739.6,27.7,False,False
TC1EBE75CAC,2025-03,2025-03-23,1065.6,1082.3,16.7,False,False
T0A0805FB46,2025-03,2025-03-24,1688.5,1707.3,18.8,False,False
T7C1EBC3C4C,2025-03,2025-03-22,499.4,514.7,15.3,False,False
TFB5558315C,2025-03,2025-03-22,289.3,308.7,19.4,False,False
T4D34DCD6FE,2025-03,2025-03-21,773.5,790.1,16.6,False,False
T8F2163E1AC,2025-03,2025-03-22,1574.9,1595.1,20.2,False,False
T6D36EEA27E,2025-03,2025-03-24,253.5,268.3,14.8,False,False
TD718599337,2025-03,2025-03-20,1114.7,1158.1,43.4,False,False
TACFC1D584E,2025-03,2025-03-23,1322.8,1345.7,22.9,False,False
TE1CE4D9E5A,2025-03,2025-03-21,384.4,394.8,10.4,False,False
TEEB9050E6F,2025-03,2025-03-20,803.4,830.2,26.8,False,False
T266175A7E1,2025-03,2025-03-22,1519.7,1546.8,27.1,False,False
T188F8436EB,2025-03,2025-03-22,510.2,518.3,8.1,False,False
TBF5EF4019A,2025-03,2025-03-25,872.8,881.2,8.4,False,False
TF8038E3438,2025-03,2025-03-22,739.8,751.6,11.8,False,False
T14A35B501D,2025-03,2025-03-20,1155.8,1197.5,41.7,False,False
TACA1F6575E,2025-03,2025-03-20,121.8,133.3,11.5,False,False
T425CF74F89,2025-03,2025-03-21,977.7,979.9,2.2,False,False
T7E561E41DF,2025-03,2025-03-22,1603.6,1616.3,12.7,False,False
TAE21909B09,2025-03,2025-03-25,586.3,602.0,15.7,False,False
TA49FD77129,2025-03,2025-03-24,1152.2,1185.8,33.6,False,False
T83C53CBDE3,2025-03,2025-03-23,873.0,895.9,22.9,False,False
T8989E9F3E0,2025-03,2025-03-21,1154.6,1181.4,26.8,False,False
T0E868A3F47,2025-03,2025-03-21,1633.2,1651.6,18.4,False,False
TAA4A146A6F,2025-03,2025-03-24,959.5,959.5,0.0,True,False
T929701588B,2025-03,2025-03-22,623.5,631.9,8.4,False,False
TCBA87E8F93,2025-03,2025-03-24,1540.9,1559.7,18.8,False,False
T71B2CE98BC,2025-03,2025-03-22,1598.4,1627.0,28.6,False,False
T3104E606FB,2025-03,2025-03-21,1570.4,1583.9,13.5,False,False
TC9C584B8EF,2025-03,2025-03-25,626.7,636.1,9.4,False,False
T42EAACA5A6,2025-03,2025-03-22,496.6,511.7,15.1,False,False
T27CD292019,2025-03,2025-03-21,1492.8,1517.8,25.0,False,False
T2631941D4D,2025-03,2025-03-24,1622.7,1646.8,24.1,False,False
TD6D0D046B5,2025-03,2025-03-22,419.4,419.4,0.0,True,False
T930BCF26DA,2025-03,2025-03-22,1541.1,1558.7,17.6,False,False
T7A263D97A8,2025-03,2025-03-24,333.7,351.2,17.5,False,False
T84CC232045,2025-03,2025-03-22,1062.8,1078.4,15.6,False,False
T1F7089E5B3,2025-03,2025-03-21,1277.3,1305.7,28.4,False,False
T6DD01C39D7,2025-03,2025-03-23,1249.2,1281.8,32.6,False,False
TE3814F5946,2025-03,2025-03-25,1144.5,1152.4,7.9,False,False
T260F6D657D,2025-03,2025-03-25,1630.2,1630.2,0.0,True,False
TF9F158A927,2025-03,2025-03-22,802.7,821.5,18.8,False,False
T2A78E596A5,2025-03,2025-03-23,596.9,615.3,18.4,False,False
T48829C6681,2025-03,2025-03-23,753.3,773.3,20.0,False,False
T5446AB5D4F,2025-03,2025-03-20,1414.9,1422.5,7.6,False,False
T6FEE2A0A85,2025-03,2025-03-25,363.9,374.1,10.2,False,False
T37BA3005AD,2025-03,2025-03-22,1183.8,1210.1,26.3,False,False
T599538981A,2025-03,2025-03-21,1239.9,1305.2,65.3,False,False
TC1FE3D7E79,2025-03,2025-03-22,1166.5,1187.1,20.6,False,False
TAB633F4546,2025-03,2025-03-23,338.9,358.3,19.4,False,False
TEF123948C4,2025-03,2025-03-21,654.5,665.4,10.9,False,False
T50EA3E30B0,2025-03,2025-03-20,1159.2,1171.2,12.0,False,False
T10E8B50E63,2025-03,2025-03-24,1376.0,1418.1,42.1,False,False
T75445AB825,2025-03,2025-03-22,1197.3,1209.7,12.4,False,False
T9AEC04CEE6,2025-03,2025-03-24,270.8,281.9,11.1,False,False
TE59C7E0558,2025-03,2025-03-24,442.9,454.0,11.1,False,False
T017F5CC857,2025-03,2025-03-23,1429.1,1447.2,18.1,False,False
T5740214D00,2025-03,2025-03-25,472.8,477.5,4.7,False,False
TA54FDBC969,2025-03,2025-03-21,844.8,886.3,41.5,False,False
T79348D1D8C,2025-03,2025-03-22,731.7,786.0,54.3,False,False
T0C38B9638D,2025-03,2025-03-20,1002.1,1031.3,29.2,False,False
TF8CD7DEDDA,2025-03,2025-03-24,793.8,816.5,22.7,False,False
TD4AA44C620,2025-03,2025-03-20,760.1,776.4,16.3,False,False
TBA22021045,2025-03,2025-03-21,787.1,860.9,73.8,False,False
TAE4991C39A,2025-03,2025-03-22,1541.0,1558.4,17.4,False,False
T926427EC22,2025-03,2025-03-25,712.7,729.0,16.3,False,False
T03F3726F54,2025-03,2025-03-22,1009.2,1022.7,13.5,False,False
T9C5C1B51E6,2025-03,2025-03-20,298.7,326.9,28.2,False,False
TAB67F85714,2025-03,2025-03-20,1663.7,1679.6,15.9,False,False
T021E4A2B45,2025-03,2025-03-21,617.3,630.0,12.7,False,False
T9C284C6EDE,2025-03,2025-03-20,1530.5,1552.2,21.7,False,False
TE5AE06739E,2025-03,2025-03-21,256.3,271.8,15.5,False,False
T01F422D988,2025-03,2025-03-23,1587.2,1587.2,0.0,True,False
T812E69DF24,2025-03,2025-03-22,1003.1,1060.6,57.5,False,False
T1753290875,2025-03,2025-03-21,1473.5,1489.9,16.4,False,False
T6453265506,2025-03,2025-03-22,2235.4,2355.7,120.3,False,False
T3DCE54CBCD,2025-03,2025-03-22,277.4,287.8,10.4,False,False
T25A59C1230,2025-03,2025-03-21,298.4,324.2,25.8,False,False
T7149DBE7E7,2025-03,2025-03-22,1059.9,1101.2,41.3,False,False
T17B01CE93D,2025-03,2025-03-23,1413.1,1433.4,20.3,False,False
T2A7B7C0706,2025-03,2025-03-20,1373.3,1386.8,13.5,False,False
TA2A12750E0,2025-03,2025-03-21,523.1,539.0,15.9,False,False
TCDF5CCF9D1,2025-03,2025-03-23,1666.1,1686.0,19.9,False,False
T136877D852,2025-03,2025-03-24,1100.8,1121.6,20.8,False,False
TD93E7F3525,2025-03,2025-03-21,1230.1,1236.8,6.7,False,False
T9E698DAD97,2025-03,2025-03-21,377.4,377.4,0.0,True,False
TA7CD008CD2,2025-03,2025-03-20,1389.4,1410.2,20.8,False,False
TB5E2F0D295,2025-03,2025-03-21,919.4,931.2,11.8,False,False
T886651EB56,2025-03,2025-03-22,1673.8,1700.5,26.7,False,False
T726E26C014,2025-03,2025-03-25,506.1,506.1,0.0,True,False
T47801013F9,2025-03,2025-03-23,270.5,285.6,15.1,False,False
T7B44E5C01C,2025-03,2025-03-24,1134.5,1134.5,0.0,True,False
T06E1B5C91E,2025-03,2025-03-25,679.0,690.0,11.0,False,False
TBD7AFAA9AB,2025-03,2025-03-24,1206.4,1224.7,18.3,False,False
T3A8AE15DE9,2025-03,2025-03-20,1043.6,1053.3,9.7,False,False
T90FCBE8560,2025-03,2025-03-21,1290.7,1302.6,11.9,False,False
T6B76BCDCC8,2025-03,2025-03-21,1716.6,1766.3,49.7,False,False
T6B61D786E8,2025-03,2025-03-22,1075.6,1091.1,15.5,False,False
TD8B8E83F9D,2025-03,2025-03-22,1365.2,1376.1,10.9,False,False
T353F39960E,2025-03,2025-03-24,451.2,458.1,6.9,False,False
TC44518846F,2025-03,2025-03-25,373.6,389.5,15.9,False,False
T3DBD424B8F,2025-03,2025-03-25,611.3,622.8,11.5,False,False
TB8E4E6CA4C,2025-03,2025-03-20,822.1,857.3,35.2,False,False
T54630B6404,2025-03,2025-03-24,343.4,363.4,20.0,False,False
T71623730B1,2025-03,2025-03-25,1087.8,1099.7,11.9,False,False
T7436A106AE,2025-03,2025-03-25,457.4,468.9,11.5,False,False
T6191B8FD69,2025-03,2025-03-25,1171.7,1180.7,9.0,False,False
TBA7727A83B,2025-03,2025-03-20,494.3,503.6,9.3,False,False
T66B24DDB8C,2025-03,2025-03-23,1636.4,1652.5,16.1,False,False
T0EAA0EDBAF,2025-03,2025-03-20,821.3,845.5,24.2,False,False
TDCBC842E3A,2025-03,2025-03-25,519.9,549.3,29.4,False,False
T305BACE840,2025-03,2025-03-20,778.7,795.1,16.4,False,False
TAD0E244201,2025-03,2025-03-23,1136.7,1158.5,21.8,False,False
T824A68B378,2025-03,2025-03-23,1273.3,1273.3,0.0,True,False
T9F72B39B89,2025-03,2025-03-20,683.3,692.6,9.3,False,False
T0380D1AD85,2025-03,2025-03-24,1067.0,1086.9,19.9,False,False
TD58AFBB420,2025-03,2025-03-21,1907.0,1967.4,60.4,False,False
TB1A6FA6009,2025-03,2025-03-22,372.2,385.0,12.8,False,False
TB95EB354D9,2025-03,2025-03-24,1048.9,1070.1,21.2,False,False
T6EBEC2B9E3,2025-03,2025-03-24,564.7,576.4,11.7,False,False
TCBAFB86C54,2025-03,2025-03-23,1557.1,1572.2,15.1,False,False
T2D884BEE59,2025-03,2025-03-21,1239.0,1262.3,23.3,False,False
T81E3CAC404,2025-03,2025-03-20,1259.3,1259.3,0.0,True,False
TB13246DF04,2025-03,2025-03-20,1948.1,2002.9,54.8,False,False
T38FC29870C,2025-03,2025-03-20,921.8,929.9,8.1,False,False
T0B952300A6,2025-03,2025-03-25,1126.5,1140.8,14.3,False,False
T592EE5AE5A,2025-03,2025-03-23,502.5,515.2,12.7,False,False
T8AB7B992DC,2025-03,2025-03-22,1534.0,1546.7,12.7,False,False
TE13531501B,2025-03,2025-03-21,242.9,254.2,11.3,False,False
T603C6A7DDF,2025-03,2025-03-23,1730.2,1781.2,51.0,False,False
T9B1CF87E17,2025-03,2025-03-21,594.6,610.7,16.1,False,False
T7E47E27FFB,2025-03,2025-03-20,1071.1,1086.7,15.6,False,False
T2FE3E18EED,2025-03,2025-03-25,1026.0,1037.9,11.9,False,False
T518FD2CD05,2025-03,2025-03-24,739.0,757.0,18.0,False,False
TCA03B52F53,2025-03,2025-03-21,340.9,354.3,13.4,False,False
TC97F0C81C8,2025-03,2025-03-25,1788.2,1917.3,129.1,False,False
T5825BB17FC,2025-03,2025-03-24,586.2,648.7,62.5,False,False
TC5E185C6E8,2025-03,2025-03-21,161.4,174.7,13.3,False,False
TEAD9E81003,2025-03,2025-03-20,826.8,841.5,14.7,False,False
TE23D5A574A,2025-03,2025-03-25,867.7,880.1,12.4,False,False
T04048D53A3,2025-03,2025-03-23,668.0,677.2,9.2,False,False
TE1AA9E77A7,2025-03,2025-03-23,932.6,938.3,5.7,False,False
TC54C99BA73,2025-03,2025-03-21,681.3,719.9,38.6,False,False
T013C0F8B57,2025-03,2025-03-25,1335.0,1346.6,11.6,False,False
T3C23C0A42C,2025-03,2025-03-20,948.5,971.6,23.1,False,False
TEDB2598366,2025-03,2025-03-21,1177.9,1190.6,12.7,False,False
T03D524AC98,2025-03,2025-03-24,1433.0,1453.0,20.0,False,False
T9B658694D7,2025-03,2025-03-21,592.9,614.7,21.8,False,False
T827DB403EF,2025-03,2025-03-24,1009.8,1011.9,2.1,False,False
TD5960FA89C,2025-03,2025-03-22,1054.1,1076.9,22.8,False,False
TEB9CD6778B,2025-03,2025-03-25,1420.9,1420.9,0.0,True,False
TCFB896C903,2025-03,2025-03-25,652.0,668.5,16.5,False,False
T4EBE5132B6,2025-03,2025-03-22,783.0,799.9,16.9,False,False
TD6D7800440,2025-03,2025-03-25,1377.2,1391.6,14.4,False,False
TB1AE49FA20,2025-03,2025-03-21,517.7,526.5,8.8,False,False
TF4940B0970,2025-03,2025-03-21,1092.8,1106.9,14.1,False,False
T6492EC951E,2025-03,2025-03-20,623.8,661.5,37.7,False,False
T5B2FD74A85,2025-03,2025-03-25,1340.9,1364.0,23.1,False,False
TCF1A6CDF80,2025-03,2025-03-24,373.5,388.9,15.4,False,False
TBA965CD37E,2025-03,2025-03-20,267.4,282.5,15.1,False,False
T8917AF33E8,2025-03,2025-03-25,827.4,902.1,74.7,False,False
T4F696F6C0E,2025-03,2025-03-20,289.7,307.4,17.7,False,False
TFB9BD0FCA4,2025-03,2025-03-23,1574.9,1614.2,39.3,False,False
T6372E1147F,2025-03,2025-03-22,1004.3,1022.9,18.6,False,False
T8B4FC280C2,2025-03,2025-03-22,425.2,436.3,11.1,False,False
T0AF0DD2FE5,2025-03,2025-03-23,961.3,972.8,11.5,False,False
T9BABD62590,2025-03,2025-03-22,1136.8,1189.0,52.2,False,False
TBBD0028CDB,2025-03,2025-03-24,852.5,863.0,10.5,False,False
T30E453AB34,2025-03,2025-03-21,926.4,937.4,11.0,False,False
T7DC59256DC,2025-03,2025-03-21,546.4,,,False,False
TCC371206BC,2025-03,2025-03-24,446.0,457.2,11.2,False,False
TDEF092A4C5,2025-03,2025-03-23,1390.5,1403.7,13.2,False,False
TE13FCEC631,2025-03,2025-03-21,1039.9,1039.9,0.0,True,False
T7C3F6A8162,2025-03,2025-03-25,1335.9,1356.2,20.3,False,False
T0F4A3A74ED,2025-03,2025-03-22,768.6,783.8,15.2,False,False
T5BEF82BC17,2025-03,2025-03-20,1262.9,1279.5,16.6,False,False
T07AC5856A4,2025-03,2025-03-25,576.9,589.7,12.8,False,False
T0185184B59,2025-03,2025-03-22,1117.6,1132.5,14.9,False,False
T79F8E1FAE8,2025-03,2025-03-22,181.4,,,False,False
T4D40D256FE,2025-03,2025-03-24,951.6,982.0,30.4,False,False
TE74495FCDD,2025-03,2025-03-24,1476.7,1487.1,10.4,False,False
TAD9ED625D1,2025-03,2025-03-24,1348.9,1368.8,19.9,False,False
TE7328B9E12,2025-03,2025-03-23,591.9,599.9,8.0,False,False
T5FC1C50126,2025-03,2025-03-23,1059.1,1083.2,24.1,False,False
T203C71CAC2,2025-03,2025-03-24,1544.3,1561.2,16.9,False,False
T1D1F227112,2025-03,2025-03-21,635.9,652.6,16.7,False,False
TF62BDC6E96,2025-03,2025-03-22,1521.8,1540.7,18.9,False,False
T5D35014BC6,2025-03,2025-03-22,1568.7,1575.9,7.2,False,False
T9C80DA594D,2025-03,2025-03-22,645.2,655.0,9.8,False,False
T575100FEE6,2025-03,2025-03-22,333.2,358.5,25.3,False,False
TFF833858D4,2025-03,2025-03-24,1575.3,1586.4,11.1,False,False
T44C452513D,2025-03,2025-03-21,733.3,752.8,19.5,False,False
TC11C4F89B7,2025-03,2025-03-23,339.7,359.3,19.6,False,False
T519E11C12F,2025-03,2025-03-23,216.3,229.4,13.1,False,False
T1D1C3809AD,2025-03,2025-03-22,960.9,1018.6,57.7,False,False
T2F89E8ED6F,2025-03,2025-03-22,1337.0,1358.7,21.7,False,False
TED624C9B29,2025-03,2025-03-24,1328.3,1345.5,17.2,False,False
T80599540B9,2025-03,2025-03-22,312.0,339.4,27.4,False,False
T99F86EAA03,2025-03,2025-03-22,813.8,832.1,18.3,False,False
T48E474E620,2025-03,2025-03-20,1281.8,1302.5,20.7,False,False
T62F138B69F,2025-03,2025-03-24,1321.7,1345.5,23.8,False,False
T0ABCC73F5F,2025-03,2025-03-25,1295.4,1305.3,9.9,False,False
T451A03E5F4,2025-03,2025-03-22,771.1,811.5,40.4,False,False
T28A5C3A212,2025-03,2025-03-20,868.7,878.5,9.8,False,False
T9BF23AC92B,2025-03,2025-03-21,1010.4,1024.7,14.3,False,False
T8D847ABAD5,2025-03,2025-03-25,858.8,869.7,10.9,False,False
T79AD100612,2025-03,2025-03-25,1179.9,1179.9,0.0,True,False
T595C48877B,2025-03,2025-03-22,1048.0,1048.0,0.0,True,False
T7E1F631507,2025-03,2025-03-21,180.7,197.4,16.7,False,False
T7CEE29F570,2025-03,2025-03-20,414.2,428.0,13.8,False,False
TB28F8F08F4,2025-03,2025-03-22,786.3,799.4,13.1,False,False
T741A1119FA,2025-03,2025-03-24,457.4,472.9,15.5,False,False
T26862D1A4A,2025-03,2025-03-23,1740.0,1789.3,49.3,False,False
TCB96D14BFD,2025-03,2025-03-21,653.3,653.3,0.0,True,False
TF07D19AE17,2025-03,2025-03-25,396.3,431.1,34.8,False,False
T7AE1E63696,2025-03,2025-03-23,1428.3,1439.4,11.1,False,False
TEA687BEEC8,2025-03,2025-03-22,443.3,455.3,12.0,False,False
T5C97BD73CE,2025-03,2025-03-23,1534.0,1551.9,17.9,False,False
T64DF103F27,2025-03,2025-03-25,361.4,371.5,10.1,False,False
T962D5133B5,2025-03,2025-03-20,1244.0,1259.0,15.0,False,False
TFAE2AFD636,2025-03,2025-03-21,1399.1,1409.3,10.2,False,False
T8237A9AE83,2025-03,2025-03-25,460.7,477.3,16.6,False,False
T124789ED12,2025-03,2025-03-24,861.0,870.9,9.9,False,False
T77D8F1F07B,2025-03,2025-03-22,997.0,1040.5,43.5,False,False
T88E01EE6A9,2025-03,2025-03-24,659.5,684.4,24.9,False,False
TCCA2F0E6D1,2025-03,2025-03-21,506.0,521.3,15.3,False,False
TE7C4074532,2025-03,2025-03-25,390.7,413.5,22.8,False,False
TE08ACE6D71,2025-03,2025-03-23,1510.3,1529.3,19.0,False,False
TF5AB4BC37D,2025-03,2025-03-23,526.4,541.6,15.2,False,False
T31A37C291B,2025-03,2025-03-24,169.2,189.3,20.1,False,False
T85072A41C6,2025-03,2025-03-23,1315.9,1328.1,12.2,False,False
T3DB8E8C91B,2025-03,2025-03-21,1031.5,1046.0,14.5,False,False
T1F21C0A526,2025-03,2025-03-22,372.7,392.2,19.5,False,False
TC653350390,2025-03,2025-03-25,1418.0,1418.0,0.0,True,False
TF357DF2C85,2025-03,2025-03-21,645.3,666.7,21.4,False,False
TC2B54F643A,2025-03,2025-03-20,385.5,402.6,17.1,False,False
T62A907AFA1,2025-03,2025-03-20,631.5,639.8,8.3,False,False
T9B926E1A60,2025-03,2025-03-24,846.8,855.6,8.8,False,False
T95A557D58C,2025-03,2025-03-23,1873.2,2015.0,141.8,False,False
T4FD73F8DF8,2025-03,2025-03-25,239.8,247.8,8.0,False,False
TAA9E781779,2025-03,2025-03-20,1118.3,1129.3,11.0,False,False
T5AB667FA59,2025-03,2025-03-24,1225.4,1253.4,28.0,False,False
T2FB8838715,2025-03,2025-03-21,1551.1,1551.1,0.0,True,False
TDC0B728E72,2025-03,2025-03-22,1181.4,1240.4,59.0,False,False
T500E1E73A5,2025-03,2025-03-21,867.8,879.7,11.9,False,False
T518D652731,2025-03,2025-03-25,659.3,687.4,28.1,False,False
T5F78380FF1,2025-03,2025-03-21,888.6,899.0,10.4,False,False
T2269F4C04A,2025-03,2025-03-23,1201.7,1267.5,65.8,False,False
T75D0C6EEF9,2025-03,2025-03-20,1941.5,2106.3,164.8,False,False
T08C84C6180,2025-03,2025-03-21,365.5,48.17749765429098,28.5,False,False
TBE3328794F,2025-03,2025-03-24,1052.3,1060.9,8.6,False,False
T7BF732B1D4,2025-03,2025-03-21,1156.3,1171.3,15.0,False,False
T680C591820,2025-03,2025-03-20,1140.1,1147.8,7.7,False,False
T87B30A11CA,2025-03,2025-03-20,1524.6,1535.2,10.6,False,False
T2C69DDD554,2025-03,2025-03-22,1074.7,1125.0,50.3,False,False
TB5DCDB3D2B,2025-03,2025-03-25,1371.4,1378.8,7.4,False,False
TF1BF705581,2025-03,2025-03-20,783.1,783.1,0.0,True,False
T7861C2062B,2025-03,2025-03-22,1765.5,1795.9,30.4,False,False
T3E7A117328,2025-03,2025-03-25,445.8,461.1,15.3,False,False
T626DE7D352,2025-03,2025-03-24,1389.6,1447.0,57.4,False,False
T30CED3EF6B,2025-03,2025-03-22,1028.0,1051.2,23.2,False,False
T6F621D315F,2025-03,2025-03-23,350.6,372.5,21.9,False,False
T5AEAFABEEB,2025-03,2025-03-22,1052.4,1068.5,16.1,False,False
T6E1A658692,2025-03,2025-03-20,644.0,658.3,14.3,False,False
TDFD739AFF7,2025-03,2025-03-25,1426.2,1439.5,13.3,False,False
T0E7497BE87,2025-03,2025-03-21,329.0,338.4,9.4,False,False
T63245D9338,2025-03,2025-03-20,368.4,389.9,21.5,False,False
T2FC1A9FEB9,2025-03,2025-03-22,431.1,449.2,18.1,False,False
TE5572E3B77,2025-03,2025-03-22,1504.5,,,False,False
T93AE74FC8C,2025-03,2025-03-25,947.5,968.3,20.8,False,False
TCE4F3C1854,2025-03,2025-03-22,1802.8,1837.4,34.6,False,False
T623FDA0FEC,2025-03,2025-03-21,705.7,752.2,46.5,False,True
T6FCD9FC327,2025-03,2025-03-20,455.9,461.1,5.2,False,False
T26D49D2B10,2025-03,2025-03-24,1090.8,1116.0,25.2,False,False
T6B0F45148F,2025-03,2025-03-24,1223.0,1298.9,75.9,False,False
T5DA6DABC22,2025-03,2025-03-23,651.3,668.7,17.4,False,False
T4C0FAA9237,2025-03,2025-03-22,965.5,984.2,18.7,False,False
T629B85F6AE,2025-03,2025-03-25,1452.8,1474.2,21.4,False,False
TE6221DA147,2025-03,2025-03-23,835.4,850.1,14.7,False,False
T7092CB932F,2025-03,2025-03-24,1381.2,1401.3,20.1,False,False
T38F3AD60D6,2025-03,2025-03-23,443.0,462.6,19.6,False,False
T051D6304AA,2025-03,2025-03-20,1085.4,1100.7,15.3,False,False
T1677509027,2025-03,2025-03-25,512.0,531.0,19.0,False,False
TCE43CAAFDD,2025-03,2025-03-25,1051.6,1066.2,14.6,False,False
TD6051C60DD,2025-03,2025-03-21,1352.9,1394.1,41.2,False,False
TD81C7B0AC7,2025-03,2025-03-24,1540.0,1560.6,20.6,False,False
TEB9B6A4FBC,2025-03,2025-03-21,881.8,894.6,12.8,False,False
T8E67D26322,2025-03,2025-03-20,1677.6,1697.0,19.4,False,False
T0E8259349E,2025-03,2025-03-21,279.3,292.8,13.5,False,False
TEC586A8374,2025-03,2025-03-25,1035.6,1051.8,16.2,False,False
T1E40F3A239,2025-03,2025-03-20,1090.5,1101.1,10.6,False,False
T716C530DED,2025-03,2025-03-23,594.1,614.7,20.6,False,False
T7562476AEF,2025-03,2025-03-25,1614.8,1639.7,24.9,False,False
TB460453C4D,2025-03,2025-03-22,330.4,344.9,14.5,False,False
T4A69C0BA6F,2025-03,2025-03-20,572.7,596.4,23.7,False,False
TB3006B8F03,2025-03,2025-03-22,782.8,798.3,15.5,False,False
TED3E393477,2025-03,2025-03-23,1606.4,1632.1,25.7,False,False
TA014F1FF15,2025-03,2025-03-23,1179.2,1196.1,16.9,False,False
T08D24C843D,2025-03,2025-03-24,400.9,427.6,26.7,False,False
T328C38D103,2025-03,2025-03-23,1664.4,1679.8,15.4,False,False
T5D52776F44,2025-03,2025-03-23,473.1,482.2,9.1,False,False
T350C7F0CAD,2025-03,2025-03-23,540.5,553.7,13.2,False,False
TE4BF83F9A5,2025-03,2025-03-21,1450.1,1475.5,25.4,False,False
T363192FB18,2025-03,2025-03-23,1071.8,1089.4,17.6,False,False
TE7D390D6E1,2025-03,2025-03-25,992.2,1015.8,23.6,False,False
TEAED0D702E,2025-03,2025-03-23,1018.0,1037.1,19.1,False,False
T76D2631BBE,2025-03,2025-03-25,1278.8,1294.0,15.2,False,False
T41D9DAD65E,2025-03,2025-03-25,661.3,675.1,13.8,False,False
T4FB688BCF2,2025-03,2025-03-22,1174.6,1193.2,18.6,False,False
T49C247A691,2025-03,2025-03-24,625.5,645.2,19.7,False,False
TAD97E4B580,2025-03,2025-03-21,218.6,242.0,23.4,False,False
TA6D3C701E5,2025-03,2025-03-23,369.8,390.9,21.1,False,False
T1629374829,2025-03,2025-03-22,808.9,847.3,38.4,False,False
TE380DFCDD5,2025-03,2025-03-20,1170.8,1184.4,13.6,False,False
TC71E645A97,2025-03,2025-03-23,867.3,883.9,16.6,False,False
T3B2D063348,2025-03,2025-03-23,393.2,402.1,8.9,False,False
T6B0703F297,2025-03,2025-03-20,1052.0,1066.6,14.6,False,False
T2442BBD224,2025-03,2025-03-25,746.6,763.4,16.8,False,False
T94AEE9D59A,2025-03,2025-03-21,1044.7,1054.6,9.9,False,False
TC36C8FB548,2025-03,2025-03-22,1429.8,1438.4,8.6,False,False
TEA6C60108F,2025-03,2025-03-21,1586.8,1641.7,54.9,False,False
T5D0DA4A5A3,2025-03,2025-03-23,971.2,971.2,0.0,True,False
TCE2F3968A5,2025-03,2025-03-22,971.1,992.1,21.0,False,False
T3290CE40ED,2025-03,2025-03-21,1501.9,1520.8,18.9,False,False
TFF800A383C,2025-03,2025-03-25,1150.0,1162.6,12.6,False,False
T43D369AD4F,2025-03,2025-03-24,787.5,47.15464639420405,21.0,False,False
T2558B25F4A,2025-03,2025-03-23,179.0,192.2,13.2,False,False
TF2D53B5266,2025-03,2025-03-24,1444.2,1459.4,15.2,False,False
T46E626FB09,2025-03,2025-03-23,285.0,306.3,21.3,False,False
T7E0A59EC74,2025-03,2025-03-21,403.3,411.7,8.4,False,False
TDB77C6E5BA,2025-03,2025-03-22,620.9,635.8,14.9,False,False
TB2420A8657,2025-03,2025-03-21,1162.2,1171.0,8.8,False,False
TB1246EBDB6,2025-03,2025-03-25,658.5,665.5,7.0,False,False
T8C8BD1D187,2025-03,2025-03-22,1327.0,1356.1,29.1,False,False
T9A87FD75BB,2025-03,2025-03-21,567.2,581.7,14.5,False,False
T7220DB253B,2025-03,2025-03-22,727.5,748.3,20.8,False,False
T024582A041,2025-03,2025-03-20,1506.1,1506.1,0.0,True,False
TA3D7EB0EB6,2025-03,2025-03-24,1404.0,1406.4,2.4,False,False
T980F08905D,2025-03,2025-03-23,1385.8,1395.8,10.0,False,False
T0070991C4A,2025-03,2025-03-20,438.5,452.0,13.5,False,False
TE62F9D24A2,2025-03,2025-03-22,825.9,838.4,12.5,False,False
T660F58D22C,2025-03,2025-03-25,1298.6,1319.8,21.2,False,False
TC9C59FD3C0,2025-03,2025-03-22,1423.5,1436.2,12.7,False,False
TC85BCF4679,2025-03,2025-03-25,719.7,741.0,21.3,False,False
T711A4FB3DC,2025-03,2025-03-24,1297.9,1305.0,7.1,False,False
TDA01857472,2025-03,2025-03-24,678.7,685.3,6.6,False,False
T593C7D2F36,2025-03,2025-03-20,952.9,963.4,10.5,False,False
TAD1B3ECAF6,2025-03,2025-03-23,795.9,814.5,18.6,False,False
T62DB418771,2025-04,2025-04-20,1251.7,1279.2,27.5,False,False
T516D296A99,2025-04,2025-04-20,806.5,815.0,8.5,False,False
TF6199DECCB,2025-04,2025-04-23,1386.7,1425.7,39.0,False,False
TBFDD3649BD,2025-04,2025-04-23,1426.7,1444.6,17.9,False,False
T1A8F7C05C9,2025-04,2025-04-22,1288.7,1298.1,9.4,False,False
T6B4FC6C7C6,2025-04,2025-04-23,819.6,837.8,18.2,False,False
T6EE7490E19,2025-04,2025-04-20,1525.8,1543.5,17.7,False,False
T771EC6B537,2025-04,2025-04-20,925.8,925.8,0.0,True,False
TA87CD37475,2025-04,2025-04-22,499.0,499.0,0.0,True,False
T00048F12E2,2025-04,2025-04-21,205.3,218.0,12.7,False,False
TDE3B85E449,2025-04,2025-04-21,1129.6,1146.9,17.3,False,False
TDFD5EF1E2B,2025-04,2025-04-24,729.7,,,False,False
T6BE1C12D07,2025-04,2025-04-20,2109.1,2242.2,133.1,False,False
TE17C7596F7,2025-04,2025-04-20,316.3,332.5,16.2,False,False
TF0590D064A,2025-04,2025-04-24,574.4,586.1,11.7,False,False
T0201C8273D,2025-04,2025-04-23,473.7,487.1,13.4,False,False
T416D725964,2025-04,2025-04-20,1249.0,1268.5,19.5,False,False
T592985E849,2025-04,2025-04-22,408.2,,,False,False
T8CFD079CB6,2025-04,2025-04-21,1647.5,1664.5,17.0,False,False
TD10A6EDCA0,2025-04,2025-04-23,1009.7,1041.8,32.1,False,False
T0CE7987E4B,2025-04,2025-04-23,1154.2,1242.7,88.5,False,False
T0F12629295,2025-04,2025-04-20,406.4,410.7,4.3,False,False
T7833B36159,2025-04,2025-04-22,743.7,763.7,20.0,False,False
T997FF51E88,2025-04,2025-04-24,879.8,890.2,10.4,False,False
TB0AFAFC426,2025-04,2025-04-25,2045.8,2108.4,62.6,False,False
T4B2228F178,2025-04,2025-04-20,673.4,693.8,20.4,False,False
T5D1D63651A,2025-04,2025-04-23,469.4,495.0,25.6,False,False
T005A9CE174,2025-04,2025-04-23,1341.7,1351.3,9.6,False,False
T0E572DDC2C,2025-04,2025-04-20,1090.2,1100.8,10.6,False,False
T6B4C3EB33E,2025-04,2025-04-24,1353.8,1359.8,6.0,False,False
T98621FD0F2,2025-04,2025-04-20,1913.8,2029.6,115.8,False,False
TCED7759D69,2025-04,2025-04-23,1377.9,1397.0,19.1,False,False
T148BA00559,2025-04,2025-04-20,1339.8,1364.0,24.2,False,False
T8EF8382AF5,2025-04,2025-04-21,1581.4,1595.4,14.0,False,False
T294140BCEC,2025-04,2025-04-24,472.7,501.4,28.7,False,False
T2B4ECE5F7A,2025-04,2025-04-22,472.5,491.5,19.0,False,False
TFCDB644B38,2025-04,2025-04-23,435.8,460.1,24.3,False,False
TF46C85CB55,2025-04,2025-04-23,692.7,698.4,5.7,False,False
T635E7348B0,2025-04,2025-04-21,496.0,519.0,23.0,False,False
TD950C1321E,2025-04,2025-04-22,423.0,440.0,17.0,False,False
T79F7CA1313,2025-04,2025-04-22,292.7,301.5,8.8,False,False
T1890D0D69D,2025-04,2025-04-20,890.8,909.0,18.2,False,False
T92ED6C6BBC,2025-04,2025-04-21,489.7,496.9,7.2,False,False
T1A234D637E,2025-04,2025-04-21,1248.3,1260.4,12.1,False,False
T0FA07C2AE6,2025-04,2025-04-24,395.2,395.2,0.0,True,False
T85D9327E38,2025-04,2025-04-22,1429.8,1443.7,13.9,False,False
T9B2220E701,2025-04,2025-04-21,1133.7,1167.5,33.8,False,False
T75AE25B236,2025-04,2025-04-21,953.5,967.4,13.9,False,False
T85C4B9E9BD,2025-04,2025-04-22,1215.5,1221.8,6.3,False,False
TAAC46C752C,2025-04,2025-04-25,1545.6,1550.7,5.1,False,False
TB5ABA37301,2025-04,2025-04-23,997.7,1023.5,25.8,False,False
TDB1931905E,2025-04,2025-04-24,1044.2,1059.8,15.6,False,False
T8A79BCF725,2025-04,2025-04-22,1320.3,1325.9,5.6,False,False
T1383BC162C,2025-04,2025-04-21,1650.2,1666.8,16.6,False,False
TE3F34F661C,2025-04,2025-04-22,1361.2,1447.2,86.0,False,False
T945DF5CC73,2025-04,2025-04-25,1111.3,1119.7,8.4,False,False
T89289351AD,2025-04,2025-04-22,1240.8,1255.1,14.3,False,False
T3C6A8E589D,2025-04,2025-04-23,439.3,550.0,110.7,False,True
T9EDB41553F,2025-04,2025-04-23,268.1,277.1,9.0,False,False
T39FECD2D40,2025-04,2025-04-23,877.7,905.2,27.5,False,False
T393F331539,2025-04,2025-04-25,468.5,468.5,0.0,True,False
T44E572D176,2025-04,2025-04-21,498.3,519.3,21.0,False,False
T6A0C9518A5,2025-04,2025-04-21,1304.8,1319.5,14.7,False,False
T6F6C091F32,2025-04,2025-04-20,1427.6,1442.6,15.0,False,False
T0A7DFC3903,2025-04,2025-04-23,1528.0,1554.1,26.1,False,False
T4CA807AAAE,2025-04,2025-04-23,632.3,666.3,34.0,False,False
T292B036CC6,2025-04,2025-04-22,986.9,1004.6,17.7,False,False
TF252236170,2025-04,2025-04-21,208.3,238.0,29.7,False,False
T47A88C447A,2025-04,2025-04-23,751.1,760.7,9.6,False,False
T29274E7656,2025-04,2025-04-22,404.4,418.0,13.6,False,False
TF94B3B4CEA,2025-04,2025-04-25,664.7,685.6,20.9,False,False
TD79C86593F,2025-04,2025-04-21,1121.4,1142.7,21.3,False,False
T042B2178D1,2025-04,2025-04-25,288.6,310.4,21.8,False,False
TE9E2B18053,2025-04,2025-04-24,970.7,1037.3,66.6,False,False
T80D9A080BE,2025-04,2025-04-20,2070.3,2122.1,51.8,False,False
T580C1D0E5A,2025-04,2025-04-23,1044.5,1115.4,70.9,False,False
T262047037E,2025-04,2025-04-21,614.5,629.1,14.6,False,False
T997FBB56CB,2025-04,2025-04-23,1537.0,1537.0,0.0,True,False
T488907BADA,2025-04,2025-04-23,595.8,619.3,23.5,False,False
T959B664297,2025-04,2025-04-23,186.4,201.2,14.8,False,False
TCE4FA87780,2025-04,2025-04-25,1327.9,1340.1,12.2,False,False
T6A6F416B64,2025-04,2025-04-22,1112.6,1134.5,21.9,False,False
T5C22EC11B8,2025-04,2025-04-23,1106.9,1173.5,66.6,False,False
T132EB7CE2B,2025-04,2025-04-25,1206.6,1220.8,14.2,False,False
T011F73020E,2025-04,2025-04-24,1235.3,1252.7,17.4,False,False
T0197678D11,2025-04,2025-04-23,999.4,1030.0,30.6,False,False
TBA58CFEBC6,2025-04,2025-04-23,1670.1,1694.9,24.8,False,False
T78A401EEAD,2025-04,2025-04-20,367.4,388.5,21.1,False,False
TE33F90B286,2025-04,2025-04-25,428.3,444.6,16.3,False,False
T761C9E26E6,2025-04,2025-04-24,364.2,379.9,15.7,False,False
T65187CE62C,2025-04,2025-04-25,893.1,943.3,50.2,False,False
T6DD4962896,2025-04,2025-04-23,346.2,358.1,11.9,False,False
T57E5EAB9B8,2025-04,2025-04-21,1126.8,1140.7,13.9,False,False
T0D1C506545,2025-04,2025-04-24,880.7,894.7,14.0,False,False
T16385BC409,2025-04,2025-04-22,324.6,337.7,13.1,False,False
T703E749B16,2025-04,2025-04-25,804.1,818.1,14.0,False,False
TE03815B898,2025-04,2025-04-23,1584.5,1608.2,23.7,False,False
T5EDC8CD764,2025-04,2025-04-24,1147.6,1163.5,15.9,False,False
T8A0E42EA46,2025-04,2025-04-24,1279.0,1292.9,13.9,False,False
T58E4665FE8,2025-04,2025-04-22,461.5,484.9,23.4,False,False
T45A3829C6C,2025-04,2025-04-22,337.7,350.8,13.1,False,False
T0F2B41D96D,2025-04,2025-04-23,464.1,506.2,42.1,False,False
T45E4DAC832,2025-04,2025-04-23,858.3,873.7,15.4,False,False
TB308B5DC7A,2025-04,2025-04-25,1230.0,1247.5,17.5,False,False
T5A52BDFD5B,2025-04,2025-04-25,1228.2,1239.3,11.1,False,False
T3B6195226D,2025-04,2025-04-20,629.1,629.1,0.0,True,False
TEF3ACC364D,2025-04,2025-04-21,211.8,222.8,11.0,False,False
T0E3944E1C7,2025-04,2025-04-21,1511.7,1524.9,13.2,False,False
TC5E02C2AE1,2025-04,2025-04-20,910.0,921.6,11.6,False,False
T9C181CA6B2,2025-04,2025-04-21,805.9,825.9,20.0,False,False
T46D0D9FE06,2025-04,2025-04-22,1032.4,1045.1,12.7,False,False
T3763EE0258,2025-04,2025-04-21,366.8,366.8,0.0,True,False
TB6793708AF,2025-04,2025-04-25,843.2,853.0,9.8,False,False
T02BF3919B7,2025-04,2025-04-25,1281.6,1293.9,12.3,False,False
T61903D0C08,2025-04,2025-04-24,487.4,505.5,18.1,False,False
T1540962193,2025-04,2025-04-23,1071.3,1071.3,0.0,True,False
TE8DF4BFC62,2025-04,2025-04-23,1775.8,1826.9,51.1,False,False
T97A5E4F98E,2025-04,2025-04-23,1304.7,1326.6,21.9,False,False
TB2B631F6DE,2025-04,2025-04-20,195.8,208.2,12.4,False,False
TFD4476DD46,2025-04,2025-04-24,808.0,840.9,32.9,False,False
T63AE43B763,2025-04,2025-04-20,1052.7,1089.0,36.3,False,False
TF7E0F3ADFA,2025-04,2025-04-22,589.8,589.8,0.0,True,False
T9F3D4A99A8,2025-04,2025-04-23,1017.9,1024.2,6.3,False,False
T3AF0CA5142,2025-04,2025-04-20,1299.5,1345.3,45.8,False,False
T525C93E294,2025-04,2025-04-22,331.7,340.2,8.5,False,False
TA60FF3309B,2025-04,2025-04-21,1247.3,1260.0,12.7,False,False
T6230F0F81A,2025-04,2025-04-22,257.4,268.2,10.8,False,False
T486DC7662A,2025-04,2025-04-25,3165.6,3421.0,255.4,False,False
T0DD0FDF0BD,2025-04,2025-04-21,741.2,762.4,21.2,False,False
T81EEF6FCD3,2025-04,2025-04-22,852.2,867.7,15.5,False,False
T6269371CAA,2025-04,2025-04-20,1423.6,1432.8,9.2,False,False
TF7BDB30AC3,2025-04,2025-04-23,739.6,778.8,39.2,False,False
TC1EBE75CAC,2025-04,2025-04-25,1082.3,1099.3,17.0,False,False
T0A0805FB46,2025-04,2025-04-24,1707.3,1744.5,37.2,False,False
T7C1EBC3C4C,2025-04,2025-04-24,514.7,537.7,23.0,False,False
TFB5558315C,2025-04,2025-04-24,308.7,326.6,17.9,False,False
T4D34DCD6FE,2025-04,2025-04-20,790.1,803.4,13.3,False,False
T8F2163E1AC,2025-04,2025-04-24,1595.1,1620.8,25.7,False,False
T6D36EEA27E,2025-04,2025-04-23,268.3,282.7,14.4,False,False
TD718599337,2025-04,2025-04-23,1158.1,1207.7,49.6,False,False
TACFC1D584E,2025-04,2025-04-21,1345.7,1367.7,22.0,False,False
TE1CE4D9E5A,2025-04,2025-04-24,394.8,408.2,13.4,False,False
TEEB9050E6F,2025-04,2025-04-21,830.2,854.6,24.4,False,False
T266175A7E1,2025-04,2025-04-21,1546.8,1569.0,22.2,False,False
T188F8436EB,2025-04,2025-04-21,518.3,527.8,9.5,False,False
TBF5EF4019A,2025-04,2025-04-25,881.2,894.4,13.2,False,False
TF8038E3438,2025-04,2025-04-20,751.6,761.5,9.9,False,False
T14A35B501D,2025-04,2025-04-22,1197.5,1232.9,35.4,False,False
TACA1F6575E,2025-04,2025-04-23,133.3,146.0,12.7,False,False
T425CF74F89,2025-04,2025-04-25,979.9,981.5,1.6,False,False
T7E561E41DF,2025-04,2025-04-21,1616.3,1639.4,23.1,False,False
TAE21909B09,2025-04,2025-04-25,602.0,619.2,17.2,False,False
TA49FD77129,2025-04,2025-04-25,1185.8,1233.7,47.9,False,False
T83C53CBDE3,2025-04,2025-04-24,895.9,924.5,28.6,False,False
T8989E9F3E0,2025-04,2025-04-23,1181.4,1211.1,29.7,False,False
T0E868A3F47,2025-04,2025-04-21,1651.6,1675.7,24.1,False,False
TAA4A146A6F,2025-04,2025-04-21,959.5,975.1,15.6,False,False
T929701588B,2025-04,2025-04-25,631.9,641.0,9.1,False,False
TCBA87E8F93,2025-04,2025-04-25,1559.7,1577.1,17.4,False,False
T71B2CE98BC,2025-04,2025-04-20,1627.0,1655.7,28.7,False,False
T3104E606FB,2025-04,2025-04-23,1583.9,1603.6,19.7,False,False
TC9C584B8EF,2025-04,2025-04-21,636.1,651.9,15.8,False,False
T42EAACA5A6,2025-04,2025-04-22,511.7,525.7,14.0,False,False
T27CD292019,2025-04,2025-04-23,1517.8,1548.2,30.4,False,False
T2631941D4D,2025-04,2025-04-23,1646.8,1669.9,23.1,False,False
TD6D0D046B5,2025-04,2025-04-23,419.4,426.9,7.5,False,False
T930BCF26DA,2025-04,2025-04-24,1558.7,1574.2,15.5,False,False
T7A263D97A8,2025-04,2025-04-24,351.2,385.8,34.6,False,False
T84CC232045,2025-04,2025-04-22,1078.4,1088.5,10.1,False,False
T1F7089E5B3,2025-04,2025-04-23,1305.7,1333.2,27.5,False,False
T6DD01C39D7,2025-04,2025-04-21,1281.8,1314.6,32.8,False,False
TE3814F5946,2025-04,2025-04-21,1152.4,1160.9,8.5,False,False
T260F6D657D,2025-04,2025-04-20,1630.2,1647.9,17.7,False,False
TF9F158A927,2025-04,2025-04-25,821.5,840.2,18.7,False,False
T2A78E596A5,2025-04,2025-04-21,615.3,636.3,21.0,False,False
T48829C6681,2025-04,2025-04-22,773.3,791.4,18.1,False,False
T5446AB5D4F,2025-04,2025-04-20,1422.5,1440.5,18.0,False,False
T6FEE2A0A85,2025-04,2025-04-21,374.1,387.1,13.0,False,False
T37BA3005AD,2025-04,2025-04-24,1210.1,1229.5,19.4,False,False
T599538981A,2025-04,2025-04-20,1305.2,1305.2,0.0,True,False
TC1FE3D7E79,2025-04,2025-04-23,1187.1,1210.0,22.9,False,False
TAB633F4546,2025-04,2025-04-23,358.3,379.7,21.4,False,False
TEF123948C4,2025-04,2025-04-21,665.4,677.5,12.1,False,False
T50EA3E30B0,2025-04,2025-04-25,1171.2,1183.2,12.0,False,False
T10E8B50E63,2025-04,2025-04-20,1418.1,1451.2,33.1,False,False
T75445AB825,2025-04,2025-04-24,1209.7,1222.5,12.8,False,False
T9AEC04CEE6,2025-04,2025-04-24,281.9,293.3,11.4,False,False
TE59C7E0558,2025-04,2025-04-23,454.0,465.9,11.9,False,False
T017F5CC857,2025-04,2025-04-23,1447.2,1469.1,21.9,False,False
T5740214D00,2025-04,2025-04-25,477.5,482.9,5.4,False,False
TA54FDBC969,2025-04,2025-04-24,886.3,936.5,50.2,False,False
T79348D1D8C,2025-04,2025-04-24,786.0,861.1,75.1,False,False
T0C38B9638D,2025-04,2025-04-20,1031.3,1055.3,24.0,False,False
TF8CD7DEDDA,2025-04,2025-04-21,816.5,839.8,23.3,False,False
TD4AA44C620,2025-04,2025-04-22,776.4,797.4,21.0,False,False
TBA22021045,2025-04,2025-04-21,860.9,930.4,69.5,False,False
TAE4991C39A,2025-04,2025-04-20,1558.4,1572.9,14.5,False,False
T926427EC22,2025-04,2025-04-25,729.0,746.4,17.4,False,False
T03F3726F54,2025-04,2025-04-25,1022.7,1039.2,16.5,False,False
T9C5C1B51E6,2025-04,2025-04-25,326.9,343.7,16.8,False,False
TAB67F85714,2025-04,2025-04-23,1679.6,1698.3,18.7,False,False
T021E4A2B45,2025-04,2025-04-22,630.0,645.2,15.2,False,False
T9C284C6EDE,2025-04,2025-04-25,1552.2,1568.6,16.4,False,False
TE5AE06739E,2025-04,2025-04-21,271.8,284.0,12.2,False,False
T01F422D988,2025-04,2025-04-23,1587.2,1597.7,10.5,False,False
T812E69DF24,2025-04,2025-04-24,1060.6,1135.6,75.0,False,False
T1753290875,2025-04,2025-04-22,1489.9,1503.2,13.3,False,False
T6453265506,2025-04,2025-04-23,2355.7,2477.8,122.1,False,False
T3DCE54CBCD,2025-04,2025-04-25,287.8,299.2,11.4,False,False
T25A59C1230,2025-04,2025-04-23,324.2,351.8,27.6,False,False
T7149DBE7E7,2025-04,2025-04-22,1101.2,1126.1,24.9,False,False
T17B01CE93D,2025-04,2025-04-25,1433.4,1433.4,0.0,True,False
T2A7B7C0706,2025-04,2025-04-25,1386.8,1404.4,17.6,False,False
TA2A12750E0,2025-04,2025-04-20,539.0,551.7,12.7,False,False
TCDF5CCF9D1,2025-04,2025-04-20,1686.0,1714.9,28.9,False,False
T136877D852,2025-04,2025-04-25,1121.6,1150.7,29.1,False,False
TD93E7F3525,2025-04,2025-04-20,1236.8,1258.1,21.3,False,True
T9E698DAD97,2025-04,2025-04-23,377.4,395.3,17.9,False,False
TA7CD008CD2,2025-04,2025-04-22,1410.2,1437.1,26.9,False,False
TB5E2F0D295,2025-04,2025-04-21,931.2,944.7,13.5,False,False
T886651EB56,2025-04,2025-04-20,1700.5,1729.7,29.2,False,False
T726E26C014,2025-04,2025-04-25,506.1,513.6,7.5,False,False
T47801013F9,2025-04,2025-04-24,285.6,305.1,19.5,False,False
T7B44E5C01C,2025-04,2025-04-23,1134.5,1139.9,5.4,False,False
T06E1B5C91E,2025-04,2025-04-20,690.0,707.0,17.0,False,False
TBD7AFAA9AB,2025-04,2025-04-20,1224.7,1242.3,17.6,False,False
T3A8AE15DE9,2025-04,2025-04-22,1053.3,1067.9,14.6,False,False
T90FCBE8560,2025-04,2025-04-23,1302.6,1317.2,14.6,False,False
T6B76BCDCC8,2025-04,2025-04-23,1766.3,1827.0,60.7,False,False
T6B61D786E8,2025-04,2025-04-25,1091.1,1109.0,17.9,False,False
TD8B8E83F9D,2025-04,2025-04-23,1376.1,1387.0,10.9,False,False
T353F39960E,2025-04,2025-04-24,458.1,465.9,7.8,False,False
TC44518846F,2025-04,2025-04-24,389.5,407.7,18.2,False,False
T3DBD424B8F,2025-04,2025-04-25,622.8,636.3,13.5,False,False
TB8E4E6CA4C,2025-04,2025-04-21,857.3,897.7,40.4,False,False
T54630B6404,2025-04,2025-04-25,363.4,382.9,19.5,False,False
T71623730B1,2025-04,2025-04-24,1099.7,1115.2,15.5,False,False
T7436A106AE,2025-04,2025-04-24,468.9,478.3,9.4,False,False
T6191B8FD69,2025-04,2025-04-22,1180.7,1192.5,11.8,False,False
TBA7727A83B,2025-04,2025-04-22,503.6,514.6,11.0,False,False
T66B24DDB8C,2025-04,2025-04-22,1652.5,1668.0,15.5,False,False
T0EAA0EDBAF,2025-04,2025-04-23,845.5,884.8,39.3,False,False
TDCBC842E3A,2025-04,2025-04-24,549.3,574.2,24.9,False,False
T305BACE840,2025-04,2025-04-20,795.1,818.7,23.6,False,False
TAD0E244201,2025-04,2025-04-22,1158.5,1179.9,21.4,False,False
T824A68B378,2025-04,2025-04-25,1273.3,1279.8,6.5,False,False
T9F72B39B89,2025-04,2025-04-20,692.6,704.1,11.5,False,False
T0380D1AD85,2025-04,2025-04-21,1086.9,1111.4,24.5,False,False
TD58AFBB420,2025-04,2025-04-20,1967.4,2025.5,58.1,False,False
TB1A6FA6009,2025-04,2025-04-22,385.0,403.5,18.5,False,False
TB95EB354D9,2025-04,2025-04-20,1070.1,1095.0,24.9,False,False
T6EBEC2B9E3,2025-04,2025-04-23,576.4,590.3,13.9,False,False
TCBAFB86C54,2025-04,2025-04-22,1572.2,1586.3,14.1,False,False
T2D884BEE59,2025-04,2025-04-21,1262.3,1286.3,24.0,False,False
T81E3CAC404,2025-04,2025-04-21,1259.3,1269.9,10.6,False,False
TB13246DF04,2025-04,2025-04-24,2002.9,2070.3,67.4,False,False
T38FC29870C,2025-04,2025-04-24,929.9,940.2,10.3,False,False
T0B952300A6,2025-04,2025-04-20,1140.8,1159.9,19.1,False,False
T592EE5AE5A,2025-04,2025-04-20,515.2,528.4,13.2,False,False
T8AB7B992DC,2025-04,2025-04-21,1546.7,1557.8,11.1,False,False
TE13531501B,2025-04,2025-04-20,254.2,265.7,11.5,False,False
T603C6A7DDF,2025-04,2025-04-25,1781.2,1781.2,0.0,True,False
T9B1CF87E17,2025-04,2025-04-23,610.7,631.1,20.4,False,False
T7E47E27FFB,2025-04,2025-04-22,1086.7,1099.0,12.3,False,False
T2FE3E18EED,2025-04,2025-04-21,1037.9,1054.5,16.6,False,False
T518FD2CD05,2025-04,2025-04-25,757.0,774.5,17.5,False,False
TCA03B52F53,2025-04,2025-04-24,354.3,369.3,15.0,False,False
TC97F0C81C8,2025-04,2025-04-20,1917.3,2057.9,140.6,False,False
T5825BB17FC,2025-04,2025-04-25,648.7,698.9,50.2,False,False
TC5E185C6E8,2025-04,2025-04-23,174.7,195.6,20.9,False,False
TEAD9E81003,2025-04,2025-04-21,841.5,841.5,0.0,True,False
TE23D5A574A,2025-04,2025-04-25,880.1,880.1,0.0,True,False
T04048D53A3,2025-04,2025-04-22,677.2,684.6,7.4,False,False
TE1AA9E77A7,2025-04,2025-04-23,938.3,943.8,5.5,False,False
TC54C99BA73,2025-04,2025-04-21,719.9,758.3,38.4,False,False
T013C0F8B57,2025-04,2025-04-23,1346.6,1360.7,14.1,False,False
T3C23C0A42C,2025-04,2025-04-23,971.6,993.5,21.9,False,False
TEDB2598366,2025-04,2025-04-23,1190.6,1190.6,0.0,True,False
T03D524AC98,2025-04,2025-04-20,1453.0,1465.4,12.4,False,False
T9B658694D7,2025-04,2025-04-21,614.7,638.3,23.6,False,False
T827DB403EF,2025-04,2025-04-25,1011.9,1014.8,2.9,False,False
TD5960FA89C,2025-04,2025-04-24,1076.9,1097.4,20.5,False,False
TEB9CD6778B,2025-04,2025-04-23,1420.9,1440.7,19.8,False,False
TCFB896C903,2025-04,2025-04-20,668.5,681.6,13.1,False,False
T4EBE5132B6,2025-04,2025-04-20,799.9,814.0,14.1,False,False
TD6D7800440,2025-04,2025-04-21,1391.6,1406.6,15.0,False,False
TB1AE49FA20,2025-04,2025-04-23,526.5,535.9,9.4,False,False
TF4940B0970,2025-04,2025-04-21,1106.9,1122.8,15.9,False,False
T6492EC951E,2025-04,2025-04-20,661.5,720.3,58.8,False,False
T5B2FD74A85,2025-04,2025-04-23,1364.0,1385.2,21.2,False,False
TCF1A6CDF80,2025-04,2025-04-24,388.9,404.4,15.5,False,False
TBA965CD37E,2025-04,2025-04-21,282.5,298.9,16.4,False,False
T8917AF33E8,2025-04,2025-04-20,902.1,970.0,67.9,False,False
T4F696F6C0E,2025-04,2025-04-25,307.4,327.6,20.2,False,False
TFB9BD0FCA4,2025-04,2025-04-20,1614.2,1651.1,36.9,False,False
T6372E1147F,2025-04,2025-04-20,1022.9,1040.5,17.6,False,False
T8B4FC280C2,2025-04,2025-04-21,436.3,447.5,11.2,False,False
T0AF0DD2FE5,2025-04,2025-04-20,972.8,985.7,12.9,False,False
T9BABD62590,2025-04,2025-04-24,1189.0,1247.6,58.6,False,False
TBBD0028CDB,2025-04,2025-04-22,863.0,877.8,14.8,False,False
T30E453AB34,2025-04,2025-04-24,937.4,949.5,12.1,False,False
T7DC59256DC,2025-04,2025-04-23,570.1,570.1,0.0,True,False
TCC371206BC,2025-04,2025-04-23,457.2,470.6,13.4,False,False
TDEF092A4C5,2025-04,2025-04-21,1403.7,1418.2,14.5,False,False
TE13FCEC631,2025-04,2025-04-23,1039.9,1053.0,13.1,False,False
T7C3F6A8162,2025-04,2025-04-25,1356.2,1374.7,18.5,False,False
T0F4A3A74ED,2025-04,2025-04-25,783.8,805.1,21.3,False,False
T5BEF82BC17,2025-04,2025-04-23,1279.5,1297.4,17.9,False,False
T07AC5856A4,2025-04,2025-04-23,589.7,602.4,12.7,False,False
T0185184B59,2025-04,2025-04-23,1132.5,1147.2,14.7,False,False
T79F8E1FAE8,2025-04,2025-04-24,195.8,,,False,False
T4D40D256FE,2025-04,2025-04-20,982.0,1016.3,34.3,False,False
TE74495FCDD,2025-04,2025-04-25,1487.1,1501.2,14.1,False,False
TAD9ED625D1,2025-04,2025-04-23,1368.8,1388.4,19.6,False,False
TE7328B9E12,2025-04,2025-04-22,599.9,606.6,6.7,False,False
T5FC1C50126,2025-04,2025-04-23,1083.2,1113.3,30.1,False,False
T203C71CAC2,2025-04,2025-04-23,1561.2,1579.3,18.1,False,False
T1D1F227112,2025-04,2025-04-25,652.6,668.4,15.8,False,False
TF62BDC6E96,2025-04,2025-04-21,1540.7,1562.8,22.1,False,False
T5D35014BC6,2025-04,2025-04-20,1575.9,1588.3,12.4,False,False
T9C80DA594D,2025-04,2025-04-25,655.0,662.9,7.9,False,False
T575100FEE6,2025-04,2025-04-20,358.5,397.2,38.7,False,False
TFF833858D4,2025-04,2025-04-25,1586.4,1600.7,14.3,False,False
T44C452513D,2025-04,2025-04-21,752.8,,,False,False
TC11C4F89B7,2025-04,2025-04-21,359.3,380.8,21.5,False,False
T519E11C12F,2025-04,2025-04-24,229.4,246.8,17.4,False,False
T1D1C3809AD,2025-04,2025-04-22,1018.6,1018.6,0.0,True,False
T2F89E8ED6F,2025-04,2025-04-25,1358.7,1380.0,21.3,False,False
TED624C9B29,2025-04,2025-04-20,1345.5,1365.1,19.6,False,False
T80599540B9,2025-04,2025-04-20,339.4,374.3,34.9,False,False
T99F86EAA03,2025-04,2025-04-24,832.1,860.3,28.2,False,False
T48E474E620,2025-04,2025-04-24,1302.5,1328.2,25.7,False,False
T62F138B69F,2025-04,2025-04-25,1345.5,1368.4,22.9,False,False
T0ABCC73F5F,2025-04,2025-04-21,1305.3,1318.4,13.1,False,False
T451A03E5F4,2025-04,2025-04-25,811.5,842.2,30.7,False,False
T28A5C3A212,2025-04,2025-04-22,878.5,878.5,0.0,True,False
T9BF23AC92B,2025-04,2025-04-24,1024.7,1024.7,0.0,True,False
T8D847ABAD5,2025-04,2025-04-21,869.7,879.3,9.6,False,False
T79AD100612,2025-04,2025-04-21,1179.9,1198.8,18.9,False,False
T595C48877B,2025-04,2025-04-21,1048.0,1066.2,18.2,False,False
T7E1F631507,2025-04,2025-04-20,197.4,213.0,15.6,False,False
T7CEE29F570,2025-04,2025-04-21,428.0,442.2,14.2,False,False
TB28F8F08F4,2025-04,2025-04-20,799.4,812.8,13.4,False,False
T741A1119FA,2025-04,2025-04-22,472.9,494.0,21.1,False,False
T26862D1A4A,2025-04,2025-04-20,1789.3,1831.6,42.3,False,False
TCB96D14BFD,2025-04,2025-04-22,653.3,666.2,12.9,False,False
TF07D19AE17,2025-04,2025-04-24,431.1,465.0,33.9,False,False
T7AE1E63696,2025-04,2025-04-22,1439.4,1453.0,13.6,False,False
TEA687BEEC8,2025-04,2025-04-24,455.3,477.0,21.7,False,False
T5C97BD73CE,2025-04,2025-04-21,1551.9,1572.5,20.6,False,False
T64DF103F27,2025-04,2025-04-23,371.5,386.3,14.8,False,False
T962D5133B5,2025-04,2025-04-22,1259.0,1276.7,17.7,False,False
TFAE2AFD636,2025-04,2025-04-21,1409.3,1418.6,9.3,False,False
T8237A9AE83,2025-04,2025-04-25,477.3,491.3,14.0,False,False
T124789ED12,2025-04,2025-04-22,870.9,879.7,8.8,False,False
T77D8F1F07B,2025-04,2025-04-23,1040.5,1091.3,50.8,False,False
T88E01EE6A9,2025-04,2025-04-24,684.4,702.0,17.6,False,False
TCCA2F0E6D1,2025-04,2025-04-20,521.3,538.1,16.8,False,False
TE7C4074532,2025-04,2025-04-24,413.5,443.7,30.2,False,False
TE08ACE6D71,2025-04,2025-04-22,1529.3,1551.6,22.3,False,False
TF5AB4BC37D,2025-04,2025-04-25,541.6,541.6,0.0,True,False
T31A37C291B,2025-04,2025-04-23,189.3,200.5,11.2,False,False
T85072A41C6,2025-04,2025-04-20,1328.1,1341.5,13.4,False,False
T3DB8E8C91B,2025-04,2025-04-25,1046.0,1061.2,15.2,False,False
T1F21C0A526,2025-04,2025-04-20,392.2,417.7,25.5,False,False
TC653350390,2025-04,2025-04-23,1418.0,1418.0,0.0,True,False
TF357DF2C85,2025-04,2025-04-24,666.7,691.2,24.5,False,False
TC2B54F643A,2025-04,2025-04-21,402.6,415.0,12.4,False,False
T62A907AFA1,2025-04,2025-04-24,639.8,651.9,12.1,False,False
T9B926E1A60,2025-04,2025-04-25,855.6,863.4,7.8,False,False
T95A557D58C,2025-04,2025-04-21,2015.0,2173.8,158.8,False,False
T4FD73F8DF8,2025-04,2025-04-25,247.8,259.8,12.0,False,False
TAA9E781779,2025-04,2025-04-24,1129.3,1147.1,17.8,False,False
T5AB667FA59,2025-04,2025-04-22,1253.4,1288.6,35.2,False,False
T2FB8838715,2025-04,2025-04-20,1551.1,1571.2,20.1,False,False
TDC0B728E72,2025-04,2025-04-20,1240.4,1303.7,63.3,False,False
T500E1E73A5,2025-04,2025-04-24,879.7,890.5,10.8,False,False
T518D652731,2025-04,2025-04-23,687.4,704.6,17.2,False,False
T5F78380FF1,2025-04,2025-04-25,899.0,914.1,15.1,False,False
T2269F4C04A,2025-04,2025-04-20,1267.5,1310.6,43.1,False,False
T75D0C6EEF9,2025-04,2025-04-23,2106.3,2228.8,122.5,False,False
T08C84C6180,2025-04,2025-04-21,394.0,422.1,28.1,False,False
TBE3328794F,2025-04,2025-04-24,1060.9,1060.9,0.0,True,False
T7BF732B1D4,2025-04,2025-04-25,1171.3,1187.0,15.7,False,False
T680C591820,2025-04,2025-04-24,1147.8,1154.8,7.0,False,False
T87B30A11CA,2025-04,2025-04-22,1535.2,1547.2,12.0,False,False
T2C69DDD554,2025-04,2025-04-25,1125.0,1179.9,54.9,False,False
TB5DCDB3D2B,2025-04,2025-04-23,1378.8,410.91658311596035,9.9,False,False
TF1BF705581,2025-04,2025-04-24,783.1,808.6,25.5,False,False
T7861C2062B,2025-04,2025-04-24,1795.9,1827.6,31.7,False,False
T3E7A117328,2025-04,2025-04-20,461.1,461.1,0.0,True,False
T626DE7D352,2025-04,2025-04-22,1447.0,1514.3,67.3,False,False
T30CED3EF6B,2025-04,2025-04-23,1051.2,1077.5,26.3,False,False
T6F621D315F,2025-04,2025-04-22,372.5,372.5,0.0,True,False
T5AEAFABEEB,2025-04,2025-04-21,1068.5,1081.0,12.5,False,False
T6E1A658692,2025-04,2025-04-23,658.3,678.2,19.9,False,False
TDFD739AFF7,2025-04,2025-04-20,1439.5,1453.8,14.3,False,False
T0E7497BE87,2025-04,2025-04-21,338.4,347.7,9.3,False,False
T63245D9338,2025-04,2025-04-24,389.9,415.2,25.3,False,False
T2FC1A9FEB9,2025-04,2025-04-20,449.2,473.2,24.0,False,False
TE5572E3B77,2025-04,2025-04-22,1513.2,1523.5,10.3,False,False
T93AE74FC8C,2025-04,2025-04-22,968.3,988.4,20.1,False,False
TCE4F3C1854,2025-04,2025-04-24,1837.4,1879.4,42.0,False,False
T623FDA0FEC,2025-04,2025-04-22,752.2,804.5,52.3,False,True
T6FCD9FC327,2025-04,2025-04-22,461.1,468.7,7.6,False,False
T26D49D2B10,2025-04,2025-04-24,1116.0,1149.8,33.8,False,False
T6B0F45148F,2025-04,2025-04-25,1298.9,1442.5,143.6,False,False
T5DA6DABC22,2025-04,2025-04-21,668.7,684.3,15.6,False,False
T4C0FAA9237,2025-04,2025-04-20,984.2,1007.4,23.2,False,False
T629B85F6AE,2025-04,2025-04-21,1474.2,1496.5,22.3,False,False
TE6221DA147,2025-04,2025-04-25,850.1,862.9,12.8,False,False
T7092CB932F,2025-04,2025-04-25,1401.3,1423.8,22.5,False,False
T38F3AD60D6,2025-04,2025-04-24,462.6,490.4,27.8,False,False
T051D6304AA,2025-04,2025-04-20,1100.7,1117.4,16.7,False,False
T1677509027,2025-04,2025-04-23,531.0,550.2,19.2,False,False
TCE43CAAFDD,2025-04,2025-04-25,1066.2,1082.0,15.8,False,False
TD6051C60DD,2025-04,2025-04-23,1394.1,1421.6,27.5,False,False
TD81C7B0AC7,2025-04,2025-04-24,1560.6,1575.9,15.3,False,False
TEB9B6A4FBC,2025-04,2025-04-24,894.6,909.5,14.9,False,False
T8E67D26322,2025-04,2025-04-22,1697.0,1714.3,17.3,False,False
T0E8259349E,2025-04,2025-04-23,292.8,314.5,21.7,False,False
TEC586A8374,2025-04,2025-04-24,1051.8,1065.2,13.4,False,False
T1E40F3A239,2025-04,2025-04-23,1101.1,1113.9,12.8,False,False
T716C530DED,2025-04,2025-04-20,614.7,631.7,17.0,False,False
T7562476AEF,2025-04,2025-04-24,1639.7,1660.6,20.9,False,False
TB460453C4D,2025-04,2025-04-23,344.9,363.6,18.7,False,False
T4A69C0BA6F,2025-04,2025-04-20,596.4,596.4,0.0,True,False
TB3006B8F03,2025-04,2025-04-21,798.3,815.1,16.8,False,False
TED3E393477,2025-04,2025-04-21,1632.1,1660.9,28.8,False,False
TA014F1FF15,2025-04,2025-04-25,1196.1,1212.2,16.1,False,False
T08D24C843D,2025-04,2025-04-25,427.6,449.0,21.4,False,False
T328C38D103,2025-04,2025-04-21,1679.8,1698.9,19.1,False,False
T5D52776F44,2025-04,2025-04-21,482.2,492.3,10.1,False,False
T350C7F0CAD,2025-04,2025-04-22,553.7,563.6,9.9,False,False
TE4BF83F9A5,2025-04,2025-04-23,1475.5,1501.7,26.2,False,False
T363192FB18,2025-04,2025-04-22,1089.4,1110.3,20.9,False,False
TE7D390D6E1,2025-04,2025-04-22,1015.8,1048.7,32.9,False,False
TEAED0D702E,2025-04,2025-04-23,1037.1,1055.4,18.3,False,False
T76D2631BBE,2025-04,2025-04-23,1294.0,1316.0,22.0,False,False
T41D9DAD65E,2025-04,2025-04-21,675.1,693.1,18.0,False,False
T4FB688BCF2,2025-04,2025-04-21,1193.2,1209.2,16.0,False,False
T49C247A691,2025-04,2025-04-22,645.2,665.9,20.7,False,False
TAD97E4B580,2025-04,2025-04-21,242.0,242.0,0.0,True,False
TA6D3C701E5,2025-04,2025-04-25,390.9,404.6,13.7,False,False
T1629374829,2025-04,2025-04-20,847.3,880.3,33.0,False,False
TE380DFCDD5,2025-04,2025-04-25,1184.4,1201.2,16.8,False,False
TC71E645A97,2025-04,2025-04-23,883.9,904.3,20.4,False,False
T3B2D063348,2025-04,2025-04-25,402.1,411.3,9.2,False,False
T6B0703F297,2025-04,2025-04-23,1066.6,1078.0,11.4,False,False
T2442BBD224,2025-04,2025-04-24,763.4,763.4,0.0,True,False
T94AEE9D59A,2025-04,2025-04-24,1054.6,1065.3,10.7,False,False
TC36C8FB548,2025-04,2025-04-20,1438.4,1450.6,12.2,False,False
TEA6C60108F,2025-04,2025-04-24,1641.7,1695.7,54.0,False,False
T5D0DA4A5A3,2025-04,2025-04-20,971.2,987.9,16.7,False,False
TCE2F3968A5,2025-04,2025-04-23,992.1,1017.7,25.6,False,False
T3290CE40ED,2025-04,2025-04-23,1520.8,1547.9,27.1,False,False
TFF800A383C,2025-04,2025-04-20,1162.6,1177.3,14.7,False,False
T43D369AD4F,2025-04,2025-04-23,808.5,823.8,15.3,False,False
T2558B25F4A,2025-04,2025-04-21,192.2,203.5,11.3,False,False
TF2D53B5266,2025-04,2025-04-21,1459.4,1472.0,12.6,False,False
T46E626FB09,2025-04,2025-04-25,306.3,331.0,24.7,False,False
T7E0A59EC74,2025-04,2025-04-23,411.7,419.5,7.8,False,False
TDB77C6E5BA,2025-04,2025-04-25,635.8,652.9,17.1,False,False
TB2420A8657,2025-04,2025-04-22,1171.0,1183.1,12.1,False,False
TB1246EBDB6,2025-04,2025-04-24,665.5,671.2,5.7,False,False
T8C8BD1D187,2025-04,2025-04-25,1356.1,1375.6,19.5,False,False
T9A87FD75BB,2025-04,2025-04-25,581.7,597.2,15.5,False,False
T7220DB253B,2025-04,2025-04-20,748.3,769.5,21.2,False,False
T024582A041,2025-04,2025-04-23,1506.1,1542.6,36.5,False,False
TA3D7EB0EB6,2025-04,2025-04-21,1406.4,1409.2,2.8,False,False
T980F08905D,2025-04,2025-04-23,1395.8,1406.6,10.8,False,False
T0070991C4A,2025-04,2025-04-20,452.0,463.5,11.5,False,False
TE62F9D24A2,2025-04,2025-04-22,838.4,861.0,22.6,False,False
T660F58D22C,2025-04,2025-04-21,1319.8,1340.4,20.6,False,False
TC9C59FD3C0,2025-04,2025-04-24,1436.2,1449.1,12.9,False,False
TC85BCF4679,2025-04,2025-04-24,741.0,762.0,21.0,False,False
T711A4FB3DC,2025-04,2025-04-24,1305.0,1313.1,8.1,False,False
TDA01857472,2025-04,2025-04-22,685.3,691.8,6.5,False,False
T593C7D2F36,2025-04,2025-04-24,963.4,975.2,11.8,False,False
TAD1B3ECAF6,2025-04,2025-04-23,814.5,838.3,23.8,False,False
T62DB418771,2025-05,2025-05-23,1279.2,1299.1,19.9,False,False
T516D296A99,2025-05,2025-05-21,815.0,826.0,11.0,False,False
TF6199DECCB,2025-05,2025-05-23,1425.7,1458.4,32.7,False,False
TBFDD3649BD,2025-05,2025-05-24,1444.6,1464.2,19.6,False,False
T1A8F7C05C9,2025-05,2025-05-22,1298.1,1307.6,9.5,False,False
T6B4FC6C7C6,2025-05,2025-05-20,837.8,860.7,22.9,False,False
T6EE7490E19,2025-05,2025-05-23,1543.5,1557.0,13.5,False,False
T771EC6B537,2025-05,2025-05-24,925.8,932.6,6.8,False,False
TA87CD37475,2025-05,2025-05-21,499.0,530.4,31.4,False,False
T00048F12E2,2025-05,2025-05-21,218.0,230.3,12.3,False,False
TDE3B85E449,2025-05,2025-05-24,1146.9,1164.7,17.8,False,False
TDFD5EF1E2B,2025-05,2025-05-23,746.5,777.5,31.0,False,False
T6BE1C12D07,2025-05,2025-05-24,2242.2,2457.0,214.8,False,False
TE17C7596F7,2025-05,2025-05-23,332.5,348.1,15.6,False,False
TF0590D064A,2025-05,2025-05-22,586.1,596.2,10.1,False,False
T0201C8273D,2025-05,2025-05-23,487.1,502.8,15.7,False,False
T416D725964,2025-05,2025-05-20,1268.5,1284.2,15.7,False,False
T592985E849,2025-05,2025-05-23,440.5,467.2,26.7,False,False
T8CFD079CB6,2025-05,2025-05-21,1664.5,1678.4,13.9,False,False
TD10A6EDCA0,2025-05,2025-05-20,1041.8,1063.0,21.2,False,False
T0CE7987E4B,2025-05,2025-05-20,1242.7,1321.2,78.5,False,False
T0F12629295,2025-05,2025-05-23,410.7,414.6,3.9,False,False
T7833B36159,2025-05,2025-05-25,763.7,783.0,19.3,False,False
T997FF51E88,2025-05,2025-05-20,890.2,902.0,11.8,False,False
TB0AFAFC426,2025-05,2025-05-20,2108.4,2166.6,58.2,False,False
T4B2228F178,2025-05,2025-05-22,693.8,718.6,24.8,False,False
T5D1D63651A,2025-05,2025-05-23,495.0,515.9,20.9,False,False
T005A9CE174,2025-05,2025-05-23,1351.3,1366.7,15.4,False,False
T0E572DDC2C,2025-05,2025-05-24,1100.8,1110.2,9.4,False,False
T6B4C3EB33E,2025-05,2025-05-20,1359.8,1366.4,6.6,False,False
T98621FD0F2,2025-05,2025-05-24,2029.6,2153.5,123.9,False,False
TCED7759D69,2025-05,2025-05-21,1397.0,1425.0,28.0,False,False
T148BA00559,2025-05,2025-05-24,1364.0,1387.9,23.9,False,False
T8EF8382AF5,2025-05,2025-05-25,1595.4,1609.6,14.2,False,False
T294140BCEC,2025-05,2025-05-22,501.4,528.6,27.2,False,False
T2B4ECE5F7A,2025-05,2025-05-23,491.5,511.9,20.4,False,False
TFCDB644B38,2025-05,2025-05-24,460.1,478.7,18.6,False,False
TF46C85CB55,2025-05,2025-05-20,698.4,707.3,8.9,False,False
T635E7348B0,2025-05,2025-05-23,519.0,541.8,22.8,False,False
TD950C1321E,2025-05,2025-05-20,440.0,459.7,19.7,False,False
T79F7CA1313,2025-05,2025-05-23,301.5,308.5,7.0,False,False
T1890D0D69D,2025-05,2025-05-21,909.0,925.7,16.7,False,False
T92ED6C6BBC,2025-05,2025-05-20,496.9,504.5,7.6,False,False
T1A234D637E,2025-05,2025-05-23,1260.4,1275.2,14.8,False,False
T0FA07C2AE6,2025-05,2025-05-22,395.2,404.3,9.1,False,False
T85D9327E38,2025-05,2025-05-24,1443.7,1458.0,14.3,False,False
T9B2220E701,2025-05,2025-05-24,1167.5,1197.8,30.3,False,False
T75AE25B236,2025-05,2025-05-20,967.4,983.1,15.7,False,False
T85C4B9E9BD,2025-05,2025-05-22,1221.8,1230.2,8.4,False,False
TAAC46C752C,2025-05,2025-05-22,1550.7,1557.0,6.3,False,False
TB5ABA37301,2025-05,2025-05-24,1023.5,1050.2,26.7,False,False
TDB1931905E,2025-05,2025-05-25,1059.8,1073.8,14.0,False,False
T8A79BCF725,2025-05,2025-05-20,1325.9,1333.7,7.8,False,False
T1383BC162C,2025-05,2025-05-22,1666.8,1679.6,12.8,False,False
TE3F34F661C,2025-05,2025-05-23,1447.2,1534.0,86.8,False,False
T945DF5CC73,2025-05,2025-05-25,1119.7,1129.4,9.7,False,False
T89289351AD,2025-05,2025-05-24,1255.1,1273.6,18.5,False,False
T3C6A8E589D,2025-05,2025-05-25,550.0,584.8,34.8,False,False
T9EDB41553F,2025-05,2025-05-25,277.1,289.1,12.0,False,False
T39FECD2D40,2025-05,2025-05-22,905.2,926.8,21.6,False,False
T393F331539,2025-05,2025-05-23,468.5,483.9,15.4,False,False
T44E572D176,2025-05,2025-05-21,519.3,542.9,23.6,False,False
T6A0C9518A5,2025-05,2025-05-24,1319.5,1333.2,13.7,False,False
T6F6C091F32,2025-05,2025-05-24,1442.6,1454.6,12.0,False,False
T0A7DFC3903,2025-05,2025-05-24,1554.1,1586.6,32.5,False,False
T4CA807AAAE,2025-05,2025-05-21,666.3,721.2,54.9,False,False
T292B036CC6,2025-05,2025-05-23,1004.6,1025.6,21.0,False,False
TF252236170,2025-05,2025-05-22,238.0,261.9,23.9,False,False
T47A88C447A,2025-05,2025-05-23,760.7,771.3,10.6,False,False
T29274E7656,2025-05,2025-05-23,418.0,440.8,22.8,False,False
TF94B3B4CEA,2025-05,2025-05-24,685.6,704.3,18.7,False,False
TD79C86593F,2025-05,2025-05-24,1142.7,1166.6,23.9,False,False
T042B2178D1,2025-05,2025-05-24,310.4,333.6,23.2,False,False
TE9E2B18053,2025-05,2025-05-25,1037.3,1117.5,80.2,False,False
T80D9A080BE,2025-05,2025-05-21,2122.1,2175.6,53.5,False,False
T580C1D0E5A,2025-05,2025-05-24,1115.4,1166.7,51.3,False,False
T262047037E,2025-05,2025-05-25,629.1,646.4,17.3,False,False
T997FBB56CB,2025-05,2025-05-25,1537.0,1553.4,16.4,False,False
T488907BADA,2025-05,2025-05-21,619.3,653.1,33.8,False,False
T959B664297,2025-05,2025-05-25,201.2,215.3,14.1,False,False
TCE4FA87780,2025-05,2025-05-24,1340.1,1351.8,11.7,False,False
T6A6F416B64,2025-05,2025-05-22,1134.5,1151.2,16.7,False,False
T5C22EC11B8,2025-05,2025-05-22,1173.5,1231.5,58.0,False,False
T132EB7CE2B,2025-05,2025-05-20,1220.8,1237.5,16.7,False,False
T011F73020E,2025-05,2025-05-21,1252.7,1275.7,23.0,False,False
T0197678D11,2025-05,2025-05-25,1030.0,1067.7,37.7,False,False
TBA58CFEBC6,2025-05,2025-05-24,1694.9,1694.9,0.0,True,False
T78A401EEAD,2025-05,2025-05-25,388.5,415.1,26.6,False,False
TE33F90B286,2025-05,2025-05-23,444.6,457.8,13.2,False,False
T761C9E26E6,2025-05,2025-05-23,379.9,393.6,13.7,False,False
T65187CE62C,2025-05,2025-05-24,943.3,998.5,55.2,False,False
T6DD4962896,2025-05,2025-05-21,358.1,369.6,11.5,False,False
T57E5EAB9B8,2025-05,2025-05-25,1140.7,1153.9,13.2,False,False
T0D1C506545,2025-05,2025-05-20,894.7,914.0,19.3,False,False
T16385BC409,2025-05,2025-05-23,337.7,349.3,11.6,False,False
T703E749B16,2025-05,2025-05-22,818.1,832.8,14.7,False,False
TE03815B898,2025-05,2025-05-20,1608.2,1629.5,21.3,False,False
T5EDC8CD764,2025-05,2025-05-22,1163.5,1179.6,16.1,False,False
T8A0E42EA46,2025-05,2025-05-25,1292.9,1311.8,18.9,False,False
T58E4665FE8,2025-05,2025-05-21,484.9,508.4,23.5,False,False
T45A3829C6C,2025-05,2025-05-21,350.8,379.0,28.2,False,False
T0F2B41D96D,2025-05,2025-05-21,506.2,545.2,39.0,False,False
T45E4DAC832,2025-05,2025-05-22,873.7,892.5,18.8,False,False
TB308B5DC7A,2025-05,2025-05-23,1247.5,1267.0,19.5,False,False
T5A52BDFD5B,2025-05,2025-05-24,1239.3,1250.7,11.4,False,False
T3B6195226D,2025-05,2025-05-24,629.1,649.8,20.7,False,False
TEF3ACC364D,2025-05,2025-05-21,222.8,237.3,14.5,False,False
T0E3944E1C7,2025-05,2025-05-24,1524.9,1537.4,12.5,False,False
TC5E02C2AE1,2025-05,2025-05-20,921.6,928.6,7.0,False,False
T9C181CA6B2,2025-05,2025-05-22,825.9,842.3,16.4,False,False
T46D0D9FE06,2025-05,2025-05-25,1045.1,1045.1,0.0,True,False
T3763EE0258,2025-05,2025-05-24,366.8,379.9,13.1,False,False
TB6793708AF,2025-05,2025-05-21,853.0,864.6,11.6,False,False
T02BF3919B7,2025-05,2025-05-21,1293.9,1308.6,14.7,False,False
T61903D0C08,2025-05,2025-05-25,505.5,517.7,12.2,False,False
T1540962193,2025-05,2025-05-24,1071.3,1189.1,117.8,False,False
TE8DF4BFC62,2025-05,2025-05-25,1826.9,1883.0,56.1,False,False
T97A5E4F98E,2025-05,2025-05-22,1326.6,1350.5,23.9,False,False
TB2B631F6DE,2025-05,2025-05-23,208.2,227.1,18.9,False,False
TFD4476DD46,2025-05,2025-05-25,840.9,875.8,34.9,False,False
T63AE43B763,2025-05,2025-05-23,1089.0,1089.0,0.0,True,False
TF7E0F3ADFA,2025-05,2025-05-23,589.8,593.0,3.2,False,False
T9F3D4A99A8,2025-05,2025-05-24,1024.2,1031.8,7.6,False,False
T3AF0CA5142,2025-05,2025-05-21,1345.3,1394.7,49.4,False,False
T525C93E294,2025-05,2025-05-23,340.2,340.2,0.0,True,False
TA60FF3309B,2025-05,2025-05-21,1260.0,1274.8,14.8,False,False
T6230F0F81A,2025-05,2025-05-22,268.2,281.5,13.3,False,False
T486DC7662A,2025-05,2025-05-23,3421.0,3421.0,0.0,True,False
T0DD0FDF0BD,2025-05,2025-05-25,762.4,783.4,21.0,False,False
T81EEF6FCD3,2025-05,2025-05-24,867.7,882.2,14.5,False,False
T6269371CAA,2025-05,2025-05-22,1432.8,1446.8,14.0,False,False
TF7BDB30AC3,2025-05,2025-05-20,778.8,813.2,34.4,False,False
TC1EBE75CAC,2025-05,2025-05-21,1099.3,1129.5,30.2,False,False
T0A0805FB46,2025-05,2025-05-21,1744.5,1773.7,29.2,False,False
T7C1EBC3C4C,2025-05,2025-05-22,537.7,556.4,18.7,False,False
TFB5558315C,2025-05,2025-05-21,326.6,343.1,16.5,False,False
T4D34DCD6FE,2025-05,2025-05-25,803.4,823.1,19.7,False,False
T8F2163E1AC,2025-05,2025-05-21,1620.8,1648.4,27.6,False,False
T6D36EEA27E,2025-05,2025-05-25,282.7,300.8,18.1,False,False
TD718599337,2025-05,2025-05-21,1207.7,1249.8,42.1,False,False
TACFC1D584E,2025-05,2025-05-22,1367.7,1396.7,29.0,False,False
TE1CE4D9E5A,2025-05,2025-05-21,408.2,425.7,17.5,False,False
TEEB9050E6F,2025-05,2025-05-20,854.6,885.0,30.4,False,False
T266175A7E1,2025-05,2025-05-24,1569.0,1593.3,24.3,False,False
T188F8436EB,2025-05,2025-05-22,527.8,539.4,11.6,False,False
TBF5EF4019A,2025-05,2025-05-22,894.4,904.7,10.3,False,False
TF8038E3438,2025-05,2025-05-22,761.5,778.2,16.7,False,False
T14A35B501D,2025-05,2025-05-24,1232.9,1279.4,46.5,False,False
TACA1F6575E,2025-05,2025-05-21,146.0,158.0,12.0,False,False
T425CF74F89,2025-05,2025-05-21,981.5,985.1,3.6,False,False
T7E561E41DF,2025-05,2025-05-23,1639.4,1659.8,20.4,False,False
TAE21909B09,2025-05,2025-05-21,619.2,634.7,15.5,False,False
TA49FD77129,2025-05,2025-05-21,1233.7,1279.6,45.9,False,False
T83C53CBDE3,2025-05,2025-05-23,924.5,946.7,22.2,False,False
T8989E9F3E0,2025-05,2025-05-20,1211.1,1244.6,33.5,False,False
T0E868A3F47,2025-05,2025-05-21,1675.7,1700.9,25.2,False,False
TAA4A146A6F,2025-05,2025-05-25,975.1,990.8,15.7,False,False
T929701588B,2025-05,2025-05-21,641.0,650.0,9.0,False,False
TCBA87E8F93,2025-05,2025-05-21,1577.1,1597.2,20.1,False,False
T71B2CE98BC,2025-05,2025-05-24,1655.7,1688.3,32.6,False,False
T3104E606FB,2025-05,2025-05-25,1603.6,1620.4,16.8,False,False
TC9C584B8EF,2025-05,2025-05-21,651.9,666.9,15.0,False,False
T42EAACA5A6,2025-05,2025-05-25,525.7,543.4,17.7,False,False
T27CD292019,2025-05,2025-05-20,1548.2,1573.9,25.7,False,False
T2631941D4D,2025-05,2025-05-21,1669.9,1697.1,27.2,False,False
TD6D0D046B5,2025-05,2025-05-22,426.9,435.9,9.0,False,False
T930BCF26DA,2025-05,2025-05-25,1574.2,1600.8,26.6,False,False
T7A263D97A8,2025-05,2025-05-24,385.8,406.0,20.2,False,False
T84CC232045,2025-05,2025-05-22,1088.5,1101.6,13.1,False,False
T1F7089E5B3,2025-05,2025-05-24,1333.2,1361.6,28.4,False,False
T6DD01C39D7,2025-05,2025-05-20,1314.6,1345.6,31.0,False,False
TE3814F5946,2025-05,2025-05-25,1160.9,1173.2,12.3,False,False
T260F6D657D,2025-05,2025-05-22,1647.9,1663.0,15.1,False,False
TF9F158A927,2025-05,2025-05-22,840.2,865.2,25.0,False,False
T2A78E596A5,2025-05,2025-05-21,636.3,665.2,28.9,False,False
T48829C6681,2025-05,2025-05-20,791.4,816.7,25.3,False,False
T5446AB5D4F,2025-05,2025-05-24,1440.5,1452.8,12.3,False,False
T6FEE2A0A85,2025-05,2025-05-22,387.1,401.1,14.0,False,False
T37BA3005AD,2025-05,2025-05-23,1229.5,1260.6,31.1,False,False
T599538981A,2025-05,2025-05-23,1305.2,1375.5,70.3,False,False
TC1FE3D7E79,2025-05,2025-05-23,1210.0,1228.6,18.6,False,False
TAB633F4546,2025-05,2025-05-20,379.7,401.0,21.3,False,False
TEF123948C4,2025-05,2025-05-24,677.5,686.9,9.4,False,False
T50EA3E30B0,2025-05,2025-05-22,1183.2,1200.7,17.5,False,False
T10E8B50E63,2025-05,2025-05-21,1451.2,1490.9,39.7,False,False
T75445AB825,2025-05,2025-05-22,1222.5,1244.5,22.0,False,False
T9AEC04CEE6,2025-05,2025-05-25,293.3,305.3,12.0,False,False
TE59C7E0558,2025-05,2025-05-21,465.9,478.2,12.3,False,False
T017F5CC857,2025-05,2025-05-20,1469.1,1498.4,29.3,False,False
T5740214D00,2025-05,2025-05-20,482.9,489.1,6.2,False,False
TA54FDBC969,2025-05,2025-05-20,936.5,983.8,47.3,False,False
T79348D1D8C,2025-05,2025-05-21,861.1,943.6,82.5,False,False
T0C38B9638D,2025-05,2025-05-21,1055.3,1077.5,22.2,False,False
TF8CD7DEDDA,2025-05,2025-05-20,839.8,859.3,19.5,False,False
TD4AA44C620,2025-05,2025-05-23,797.4,821.9,24.5,False,False
TBA22021045,2025-05,2025-05-24,930.4,995.8,65.4,False,False
TAE4991C39A,2025-05,2025-05-24,1572.9,1589.2,16.3,False,False
T926427EC22,2025-05,2025-05-24,746.4,761.8,15.4,False,False
T03F3726F54,2025-05,2025-05-23,1039.2,1054.1,14.9,False,False
T9C5C1B51E6,2025-05,2025-05-25,343.7,368.4,24.7,False,False
TAB67F85714,2025-05,2025-05-23,1698.3,1717.1,18.8,False,False
T021E4A2B45,2025-05,2025-05-21,645.2,664.1,18.9,False,False
T9C284C6EDE,2025-05,2025-05-20,1568.6,1587.2,18.6,False,False
TE5AE06739E,2025-05,2025-05-20,284.0,303.6,19.6,False,False
T01F422D988,2025-05,2025-05-24,1597.7,1610.1,12.4,False,False
T812E69DF24,2025-05,2025-05-23,1135.6,1210.6,75.0,False,False
T1753290875,2025-05,2025-05-23,1503.2,1516.9,13.7,False,False
T6453265506,2025-05,2025-05-24,2477.8,2626.7,148.9,False,False
T3DCE54CBCD,2025-05,2025-05-21,299.2,312.4,13.2,False,False
T25A59C1230,2025-05,2025-05-21,351.8,384.4,32.6,False,False
T7149DBE7E7,2025-05,2025-05-23,1126.1,1161.9,35.8,False,False
T17B01CE93D,2025-05,2025-05-21,1433.4,1448.1,14.7,False,False
T2A7B7C0706,2025-05,2025-05-22,1404.4,1429.4,25.0,False,False
TA2A12750E0,2025-05,2025-05-22,551.7,565.7,14.0,False,False
TCDF5CCF9D1,2025-05,2025-05-25,1714.9,1743.8,28.9,False,False
T136877D852,2025-05,2025-05-22,1150.7,1175.9,25.2,False,False
TD93E7F3525,2025-05,2025-05-24,1258.1,1280.3,22.2,False,True
T9E698DAD97,2025-05,2025-05-21,395.3,416.1,20.8,False,False
TA7CD008CD2,2025-05,2025-05-21,1437.1,1464.2,27.1,False,False
TB5E2F0D295,2025-05,2025-05-22,944.7,956.8,12.1,False,False
T886651EB56,2025-05,2025-05-21,1729.7,1761.5,31.8,False,False
T726E26C014,2025-05,2025-05-23,513.6,520.5,6.9,False,False
T47801013F9,2025-05,2025-05-24,305.1,327.8,22.7,False,False
T7B44E5C01C,2025-05,2025-05-24,1139.9,1145.2,5.3,False,False
T06E1B5C91E,2025-05,2025-05-25,707.0,719.2,12.2,False,False
TBD7AFAA9AB,2025-05,2025-05-21,1242.3,1259.1,16.8,False,False
T3A8AE15DE9,2025-05,2025-05-23,1067.9,1079.2,11.3,False,False
T90FCBE8560,2025-05,2025-05-22,1317.2,1331.7,14.5,False,False
T6B76BCDCC8,2025-05,2025-05-23,1827.0,1882.7,55.7,False,False
T6B61D786E8,2025-05,2025-05-24,1109.0,1109.0,0.0,True,False
TD8B8E83F9D,2025-05,2025-05-23,1387.0,1412.3,25.3,False,False
T353F39960E,2025-05,2025-05-25,465.9,475.6,9.7,False,False
TC44518846F,2025-05,2025-05-24,407.7,407.7,0.0,True,False
T3DBD424B8F,2025-05,2025-05-23,636.3,655.0,18.7,False,False
TB8E4E6CA4C,2025-05,2025-05-25,897.7,950.2,52.5,False,False
T54630B6404,2025-05,2025-05-23,382.9,402.2,19.3,False,False
T71623730B1,2025-05,2025-05-22,1115.2,1138.5,23.3,False,False
T7436A106AE,2025-05,2025-05-24,478.3,487.8,9.5,False,False
T6191B8FD69,2025-05,2025-05-20,1192.5,1204.5,12.0,False,False
TBA7727A83B,2025-05,2025-05-22,514.6,527.0,12.4,False,False
T66B24DDB8C,2025-05,2025-05-25,1668.0,1681.6,13.6,False,False
T0EAA0EDBAF,2025-05,2025-05-21,884.8,923.6,38.8,False,False
TDCBC842E3A,2025-05,2025-05-25,574.2,607.9,33.7,False,False
T305BACE840,2025-05,2025-05-23,818.7,839.8,21.1,False,False
TAD0E244201,2025-05,2025-05-21,1179.9,1218.0,38.1,False,False
T824A68B378,2025-05,2025-05-23,1279.8,1288.5,8.7,False,False
T9F72B39B89,2025-05,2025-05-23,704.1,716.6,12.5,False,False
T0380D1AD85,2025-05,2025-05-22,1111.4,1126.8,15.4,False,False
TD58AFBB420,2025-05,2025-05-23,2025.5,2087.1,61.6,False,False
TB1A6FA6009,2025-05,2025-05-25,403.5,416.1,12.6,False,False
TB95EB354D9,2025-05,2025-05-23,1095.0,1119.8,24.8,False,False
T6EBEC2B9E3,2025-05,2025-05-22,590.3,603.2,12.9,False,False
TCBAFB86C54,2025-05,2025-05-23,1586.3,1600.7,14.4,False,False
T2D884BEE59,2025-05,2025-05-23,1286.3,1306.7,20.4,False,False
T81E3CAC404,2025-05,2025-05-21,1269.9,1293.9,24.0,False,True
TB13246DF04,2025-05,2025-05-24,2070.3,2131.9,61.6,False,False
T38FC29870C,2025-05,2025-05-24,940.2,953.5,13.3,False,False
T0B952300A6,2025-05,2025-05-24,1159.9,1180.7,20.8,False,False
T592EE5AE5A,2025-05,2025-05-23,528.4,543.3,14.9,False,False
T8AB7B992DC,2025-05,2025-05-22,1557.8,1570.5,12.7,False,False
TE13531501B,2025-05,2025-05-25,265.7,278.9,13.2,False,False
T603C6A7DDF,2025-05,2025-05-20,1781.2,1832.6,51.4,False,False
T9B1CF87E17,2025-05,2025-05-25,631.1,652.2,21.1,False,False
T7E47E27FFB,2025-05,2025-05-25,1099.0,1113.7,14.7,False,False
T2FE3E18EED,2025-05,2025-05-24,1054.5,1067.6,13.1,False,False
T518FD2CD05,2025-05,2025-05-20,774.5,794.2,19.7,False,False
TCA03B52F53,2025-05,2025-05-23,369.3,387.9,18.6,False,False
TC97F0C81C8,2025-05,2025-05-23,2057.9,2207.0,149.1,False,False
T5825BB17FC,2025-05,2025-05-22,698.9,746.8,47.9,False,False
TC5E185C6E8,2025-05,2025-05-24,195.6,214.8,19.2,False,False
TEAD9E81003,2025-05,2025-05-20,841.5,859.6,18.1,False,False
TE23D5A574A,2025-05,2025-05-21,880.1,896.1,16.0,False,False
T04048D53A3,2025-05,2025-05-20,684.6,692.6,8.0,False,False
TE1AA9E77A7,2025-05,2025-05-23,943.8,943.8,0.0,True,False
TC54C99BA73,2025-05,2025-05-22,758.3,797.9,39.6,False,False
T013C0F8B57,2025-05,2025-05-25,1360.7,1376.0,15.3,False,False
T3C23C0A42C,2025-05,2025-05-25,993.5,1013.8,20.3,False,False
TEDB2598366,2025-05,2025-05-25,1190.6,1202.6,12.0,False,False
T03D524AC98,2025-05,2025-05-21,1465.4,1480.1,14.7,False,False
T9B658694D7,2025-05,2025-05-21,638.3,671.4,33.1,False,False
T827DB403EF,2025-05,2025-05-24,1014.8,1017.9,3.1,False,False
TD5960FA89C,2025-05,2025-05-25,1097.4,1131.9,34.5,False,True
TEB9CD6778B,2025-05,2025-05-20,1440.7,1459.3,18.6,False,False
TCFB896C903,2025-05,2025-05-22,681.6,693.3,11.7,False,False
T4EBE5132B6,2025-05,2025-05-20,814.0,833.1,19.1,False,False
TD6D7800440,2025-05,2025-05-23,1406.6,1423.9,17.3,False,False
TB1AE49FA20,2025-05,2025-05-20,535.9,545.8,9.9,False,False
TF4940B0970,2025-05,2025-05-21,1122.8,1136.4,13.6,False,False
T6492EC951E,2025-05,2025-05-22,720.3,774.0,53.7,False,False
T5B2FD74A85,2025-05,2025-05-25,1385.2,1406.2,21.0,False,False
TCF1A6CDF80,2025-05,2025-05-20,404.4,421.9,17.5,False,False
TBA965CD37E,2025-05,2025-05-21,298.9,312.5,13.6,False,False
T8917AF33E8,2025-05,2025-05-23,970.0,1047.6,77.6,False,False
T4F696F6C0E,2025-05,2025-05-22,327.6,347.0,19.4,False,False
TFB9BD0FCA4,2025-05,2025-05-21,1651.1,1699.5,48.4,False,False
T6372E1147F,2025-05,2025-05-25,1040.5,1060.6,20.1,False,False
T8B4FC280C2,2025-05,2025-05-22,447.5,461.4,13.9,False,False
T0AF0DD2FE5,2025-05,2025-05-22,985.7,1000.7,15.0,False,False
T9BABD62590,2025-05,2025-05-22,1247.6,1300.7,53.1,False,False
TBBD0028CDB,2025-05,2025-05-25,877.8,895.2,17.4,False,False
T30E453AB34,2025-05,2025-05-25,949.5,966.3,16.8,False,False
T7DC59256DC,2025-05,2025-05-20,570.1,615.4,45.3,False,False
TCC371206BC,2025-05,2025-05-23,470.6,488.6,18.0,False,False
TDEF092A4C5,2025-05,2025-05-23,1418.2,1418.2,0.0,True,False
TE13FCEC631,2025-05,2025-05-20,1053.0,1071.4,18.4,False,False
T7C3F6A8162,2025-05,2025-05-24,1374.7,1402.3,27.6,False,False
T0F4A3A74ED,2025-05,2025-05-20,805.1,827.5,22.4,False,False
T5BEF82BC17,2025-05,2025-05-21,1297.4,1318.0,20.6,False,False
T07AC5856A4,2025-05,2025-05-20,602.4,614.3,11.9,False,False
T0185184B59,2025-05,2025-05-22,1147.2,1164.7,17.5,False,False
T79F8E1FAE8,2025-05,2025-05-25,217.1,235.6,18.5,False,False
T4D40D256FE,2025-05,2025-05-25,1016.3,1054.5,38.2,False,False
TE74495FCDD,2025-05,2025-05-21,1501.2,1519.3,18.1,False,False
TAD9ED625D1,2025-05,2025-05-22,1388.4,1409.0,20.6,False,False
TE7328B9E12,2025-05,2025-05-20,606.6,613.1,6.5,False,False
T5FC1C50126,2025-05,2025-05-21,1113.3,1146.1,32.8,False,False
T203C71CAC2,2025-05,2025-05-20,1579.3,1601.6,22.3,False,False
T1D1F227112,2025-05,2025-05-21,668.4,702.6,34.2,False,True
TF62BDC6E96,2025-05,2025-05-20,1562.8,1592.4,29.6,False,False
T5D35014BC6,2025-05,2025-05-23,1588.3,1596.6,8.3,False,False
T9C80DA594D,2025-05,2025-05-20,662.9,671.3,8.4,False,False
T575100FEE6,2025-05,2025-05-21,397.2,439.5,42.3,False,False
TFF833858D4,2025-05,2025-05-23,1600.7,1614.3,13.6,False,False
T44C452513D,2025-05,2025-05-25,767.6,787.3,19.7,False,False
TC11C4F89B7,2025-05,2025-05-23,380.8,407.9,27.1,False,False
T519E11C12F,2025-05,2025-05-23,246.8,258.3,11.5,False,False
T1D1C3809AD,2025-05,2025-05-23,1018.6,1074.5,55.9,False,False
T2F89E8ED6F,2025-05,2025-05-23,1380.0,1400.8,20.8,False,False
TED624C9B29,2025-05,2025-05-22,1365.1,1365.1,0.0,True,False
T80599540B9,2025-05,2025-05-21,374.3,406.2,31.9,False,False
T99F86EAA03,2025-05,2025-05-23,860.3,880.3,20.0,False,False
T48E474E620,2025-05,2025-05-24,1328.2,1328.2,0.0,True,False
T62F138B69F,2025-05,2025-05-25,1368.4,1383.7,15.3,False,False
T0ABCC73F5F,2025-05,2025-05-22,1318.4,1329.9,11.5,False,False
T451A03E5F4,2025-05,2025-05-21,842.2,884.7,42.5,False,False
T28A5C3A212,2025-05,2025-05-25,878.5,888.0,9.5,False,False
T9BF23AC92B,2025-05,2025-05-20,1024.7,1044.5,19.8,False,False
T8D847ABAD5,2025-05,2025-05-24,879.3,888.1,8.8,False,False
T79AD100612,2025-05,2025-05-22,1198.8,1198.8,0.0,True,False
T595C48877B,2025-05,2025-05-24,1066.2,1085.6,19.4,False,False
T7E1F631507,2025-05,2025-05-24,213.0,232.1,19.1,False,False
T7CEE29F570,2025-05,2025-05-20,442.2,453.5,11.3,False,False
TB28F8F08F4,2025-05,2025-05-23,812.8,827.4,14.6,False,False
T741A1119FA,2025-05,2025-05-20,494.0,516.9,22.9,False,False
T26862D1A4A,2025-05,2025-05-25,1831.6,1871.1,39.5,False,False
TCB96D14BFD,2025-05,2025-05-24,666.2,680.0,13.8,False,False
TF07D19AE17,2025-05,2025-05-22,465.0,500.9,35.9,False,False
T7AE1E63696,2025-05,2025-05-25,1453.0,1467.7,14.7,False,False
TEA687BEEC8,2025-05,2025-05-23,477.0,494.3,17.3,False,False
T5C97BD73CE,2025-05,2025-05-20,1572.5,1592.0,19.5,False,False
T64DF103F27,2025-05,2025-05-21,386.3,399.7,13.4,False,False
T962D5133B5,2025-05,2025-05-23,1276.7,1295.1,18.4,False,False
TFAE2AFD636,2025-05,2025-05-23,1418.6,1429.1,10.5,False,False
T8237A9AE83,2025-05,2025-05-25,491.3,508.6,17.3,False,False
T124789ED12,2025-05,2025-05-24,879.7,890.1,10.4,False,False
T77D8F1F07B,2025-05,2025-05-25,1091.3,1137.9,46.6,False,False
T88E01EE6A9,2025-05,2025-05-24,702.0,725.2,23.2,False,False
TCCA2F0E6D1,2025-05,2025-05-20,538.1,554.8,16.7,False,False
TE7C4074532,2025-05,2025-05-20,443.7,471.5,27.8,False,False
TE08ACE6D71,2025-05,2025-05-21,1551.6,1582.6,31.0,False,False
TF5AB4BC37D,2025-05,2025-05-24,541.6,564.0,22.4,False,False
T31A37C291B,2025-05,2025-05-24,200.5,200.5,0.0,True,False
T85072A41C6,2025-05,2025-05-23,1341.5,1355.6,14.1,False,False
T3DB8E8C91B,2025-05,2025-05-20,1061.2,1076.1,14.9,False,False
T1F21C0A526,2025-05,2025-05-24,417.7,445.7,28.0,False,False
TC653350390,2025-05,2025-05-23,1418.0,1433.0,15.0,False,False
TF357DF2C85,2025-05,2025-05-24,691.2,714.1,22.9,False,False
TC2B54F643A,2025-05,2025-05-25,415.0,431.8,16.8,False,False
T62A907AFA1,2025-05,2025-05-20,651.9,662.9,11.0,False,False
T9B926E1A60,2025-05,2025-05-20,863.4,875.6,12.2,False,False
T95A557D58C,2025-05,2025-05-20,2173.8,2369.7,195.9,False,False
T4FD73F8DF8,2025-05,2025-05-20,259.8,272.0,12.2,False,False
TAA9E781779,2025-05,2025-05-25,1147.1,1162.0,14.9,False,False
T5AB667FA59,2025-05,2025-05-21,1288.6,1314.5,25.9,False,False
T2FB8838715,2025-05,2025-05-22,1571.2,1589.4,18.2,False,False
TDC0B728E72,2025-05,2025-05-22,1303.7,1303.7,0.0,True,False
T500E1E73A5,2025-05,2025-05-25,890.5,905.2,14.7,False,False
T518D652731,2025-05,2025-05-20,704.6,725.8,21.2,False,False
T5F78380FF1,2025-05,2025-05-23,914.1,934.9,20.8,False,False
T2269F4C04A,2025-05,2025-05-24,1310.6,1393.0,82.4,False,False
T75D0C6EEF9,2025-05,2025-05-20,2228.8,2399.8,171.0,False,False
T08C84C6180,2025-05,2025-05-20,422.1,444.2,22.1,False,False
TBE3328794F,2025-05,2025-05-25,1060.9,1070.6,9.7,False,False
T7BF732B1D4,2025-05,2025-05-23,1187.0,1200.4,13.4,False,False
T680C591820,2025-05,2025-05-24,1154.8,1163.4,8.6,False,False
T87B30A11CA,2025-05,2025-05-23,1547.2,1559.4,12.2,False,False
T2C69DDD554,2025-05,2025-05-21,1179.9,1262.9,83.0,False,False
TB5DCDB3D2B,2025-05,2025-05-20,1388.7,1395.8,7.1,False,False
TF1BF705581,2025-05,2025-05-21,808.6,830.5,21.9,False,False
T7861C2062B,2025-05,2025-05-24,1827.6,1870.6,43.0,False,False
T3E7A117328,2025-05,2025-05-22,461.1,481.6,20.5,False,False
T626DE7D352,2025-05,2025-05-21,1514.3,1579.7,65.4,False,False
T30CED3EF6B,2025-05,2025-05-24,1077.5,1104.7,27.2,False,False
T6F621D315F,2025-05,2025-05-25,372.5,406.6,34.1,False,False
T5AEAFABEEB,2025-05,2025-05-23,1081.0,1090.2,9.2,False,False
T6E1A658692,2025-05,2025-05-22,678.2,701.3,23.1,False,False
TDFD739AFF7,2025-05,2025-05-21,1453.8,1471.0,17.2,False,False
T0E7497BE87,2025-05,2025-05-22,347.7,359.2,11.5,False,False
T63245D9338,2025-05,2025-05-22,415.2,438.7,23.5,False,False
T2FC1A9FEB9,2025-05,2025-05-21,473.2,495.9,22.7,False,False
TE5572E3B77,2025-05,2025-05-21,1523.5,1531.3,7.8,False,False
T93AE74FC8C,2025-05,2025-05-24,988.4,1005.8,17.4,False,False
TCE4F3C1854,2025-05,2025-05-21,1879.4,1879.4,0.0,True,False
T623FDA0FEC,2025-05,2025-05-24,804.5,857.2,52.7,False,True
T6FCD9FC327,2025-05,2025-05-22,468.7,479.5,10.8,False,False
T26D49D2B10,2025-05,2025-05-23,1149.8,1176.3,26.5,False,False
T6B0F45148F,2025-05,2025-05-23,1442.5,1546.2,103.7,False,False
T5DA6DABC22,2025-05,2025-05-25,684.3,701.7,17.4,False,False
T4C0FAA9237,2025-05,2025-05-22,1007.4,1028.6,21.2,False,False
T629B85F6AE,2025-05,2025-05-23,1496.5,1517.3,20.8,False,False
TE6221DA147,2025-05,2025-05-20,862.9,878.7,15.8,False,False
T7092CB932F,2025-05,2025-05-23,1423.8,1449.4,25.6,False,False
T38F3AD60D6,2025-05,2025-05-20,490.4,525.1,34.7,False,False
T051D6304AA,2025-05,2025-05-23,1117.4,1129.8,12.4,False,False
T1677509027,2025-05,2025-05-20,550.2,571.6,21.4,False,False
TCE43CAAFDD,2025-05,2025-05-24,1082.0,1082.0,0.0,True,False
TD6051C60DD,2025-05,2025-05-20,1421.6,1460.1,38.5,False,False
TD81C7B0AC7,2025-05,2025-05-21,1575.9,1590.6,14.7,False,False
TEB9B6A4FBC,2025-05,2025-05-25,909.5,931.1,21.6,False,False
T8E67D26322,2025-05,2025-05-21,1714.3,1714.3,0.0,True,False
T0E8259349E,2025-05,2025-05-23,314.5,335.8,21.3,False,False
TEC586A8374,2025-05,2025-05-22,1065.2,1080.6,15.4,False,False
T1E40F3A239,2025-05,2025-05-24,1113.9,1125.8,11.9,False,False
T716C530DED,2025-05,2025-05-22,631.7,656.1,24.4,False,False
T7562476AEF,2025-05,2025-05-20,1660.6,1687.0,26.4,False,False
TB460453C4D,2025-05,2025-05-24,363.6,382.2,18.6,False,False
T4A69C0BA6F,2025-05,2025-05-25,596.4,620.0,23.6,False,False
TB3006B8F03,2025-05,2025-05-21,815.1,830.6,15.5,False,False
TED3E393477,2025-05,2025-05-23,1660.9,1681.6,20.7,False,False
TA014F1FF15,2025-05,2025-05-23,1212.2,1232.1,19.9,False,False
T08D24C843D,2025-05,2025-05-22,449.0,477.6,28.6,False,False
T328C38D103,2025-05,2025-05-25,1698.9,1718.0,19.1,False,False
T5D52776F44,2025-05,2025-05-20,492.3,501.5,9.2,False,False
T350C7F0CAD,2025-05,2025-05-25,563.6,582.7,19.1,False,False
TE4BF83F9A5,2025-05,2025-05-22,1501.7,1535.0,33.3,False,False
T363192FB18,2025-05,2025-05-25,1110.3,1132.2,21.9,False,False
TE7D390D6E1,2025-05,2025-05-22,1048.7,1072.5,23.8,False,False
TEAED0D702E,2025-05,2025-05-24,1055.4,1074.1,18.7,False,False
T76D2631BBE,2025-05,2025-05-21,1316.0,1336.1,20.1,False,False
T41D9DAD65E,2025-05,2025-05-22,693.1,708.6,15.5,False,False
T4FB688BCF2,2025-05,2025-05-24,1209.2,1227.5,18.3,False,False
T49C247A691,2025-05,2025-05-22,665.9,692.8,26.9,False,False
TAD97E4B580,2025-05,2025-05-23,242.0,265.3,23.3,False,False
TA6D3C701E5,2025-05,2025-05-24,404.6,422.8,18.2,False,False
T1629374829,2025-05,2025-05-24,880.3,919.7,39.4,False,False
TE380DFCDD5,2025-05,2025-05-25,1201.2,1221.0,19.8,False,False
TC71E645A97,2025-05,2025-05-20,904.3,920.6,16.3,False,False
T3B2D063348,2025-05,2025-05-25,411.3,420.6,9.3,False,False
T6B0703F297,2025-05,2025-05-20,1078.0,,,False,False
T2442BBD224,2025-05,2025-05-24,763.4,781.4,18.0,False,False
T94AEE9D59A,2025-05,2025-05-21,1065.3,1077.2,11.9,False,False
TC36C8FB548,2025-05,2025-05-21,1450.6,1460.0,9.4,False,False
TEA6C60108F,2025-05,2025-05-23,1695.7,1743.9,48.2,False,False
T5D0DA4A5A3,2025-05,2025-05-22,987.9,987.9,0.0,True,False
TCE2F3968A5,2025-05,2025-05-20,1017.7,1038.1,20.4,False,False
T3290CE40ED,2025-05,2025-05-22,1547.9,1567.9,20.0,False,False
TFF800A383C,2025-05,2025-05-20,1177.3,1190.5,13.2,False,False
T43D369AD4F,2025-05,2025-05-22,823.8,836.6,12.8,False,False
T2558B25F4A,2025-05,2025-05-25,203.5,220.4,16.9,False,False
TF2D53B5266,2025-05,2025-05-20,1472.0,1502.3,30.3,False,False
T46E626FB09,2025-05,2025-05-25,331.0,356.8,25.8,False,False
T7E0A59EC74,2025-05,2025-05-20,419.5,429.2,9.7,False,False
TDB77C6E5BA,2025-05,2025-05-22,652.9,666.5,13.6,False,False
TB2420A8657,2025-05,2025-05-24,1183.1,1192.5,9.4,False,False
TB1246EBDB6,2025-05,2025-05-24,671.2,671.2,0.0,True,False
T8C8BD1D187,2025-05,2025-05-21,1375.6,1401.8,26.2,False,False
T9A87FD75BB,2025-05,2025-05-24,597.2,613.1,15.9,False,False
T7220DB253B,2025-05,2025-05-21,769.5,790.7,21.2,False,False
T024582A041,2025-05,2025-05-24,1542.6,1577.1,34.5,False,False
TA3D7EB0EB6,2025-05,2025-05-25,1409.2,1411.2,2.0,False,False
T980F08905D,2025-05,2025-05-22,1406.6,1419.1,12.5,False,False
T0070991C4A,2025-05,2025-05-20,463.5,485.0,21.5,False,False
TE62F9D24A2,2025-05,2025-05-25,861.0,884.0,23.0,False,False
T660F58D22C,2025-05,2025-05-21,1340.4,1363.2,22.8,False,False
TC9C59FD3C0,2025-05,2025-05-21,1449.1,1463.8,14.7,False,False
TC85BCF4679,2025-05,2025-05-20,762.0,781.1,19.1,False,False
T711A4FB3DC,2025-05,2025-05-25,1313.1,1326.0,12.9,False,False
TDA01857472,2025-05,2025-05-24,691.8,699.8,8.0,False,False
T593C7D2F36,2025-05,2025-05-22,975.2,988.4,13.2,False,False
TAD1B3ECAF6,2025-05,2025-05-20,838.3,867.9,29.6,False,False
T62DB418771,2025-06,2025-06-25,1299.1,1331.0,31.9,False,False
T516D296A99,2025-06,2025-06-22,826.0,833.6,7.6,False,False
TF6199DECCB,2025-06,2025-06-20,1458.4,1502.7,44.3,False,False
TBFDD3649BD,2025-06,2025-06-22,1464.2,1480.2,16.0,False,False
T1A8F7C05C9,2025-06,2025-06-20,1307.6,1315.0,7.4,False,False
T6B4FC6C7C6,2025-06,2025-06-21,860.7,890.5,29.8,False,False
T6EE7490E19,2025-06,2025-06-21,1557.0,1570.5,13.5,False,False
T771EC6B537,2025-06,2025-06-22,932.6,,,False,False
TA87CD37475,2025-06,2025-06-21,530.4,553.9,23.5,False,False
T00048F12E2,2025-06,2025-06-24,230.3,242.1,11.8,False,False
TDE3B85E449,2025-06,2025-06-24,1164.7,1185.7,21.0,False,False
TDFD5EF1E2B,2025-06,2025-06-25,777.5,797.5,20.0,False,False
T6BE1C12D07,2025-06,2025-06-20,2457.0,2598.8,141.8,False,False
TE17C7596F7,2025-06,2025-06-21,348.1,363.1,15.0,False,False
TF0590D064A,2025-06,2025-06-22,596.2,607.8,11.6,False,False
T0201C8273D,2025-06,2025-06-23,502.8,515.9,13.1,False,False
T416D725964,2025-06,2025-06-24,1284.2,1305.0,20.8,False,False
T592985E849,2025-06,2025-06-24,467.2,491.8,24.6,False,False
T8CFD079CB6,2025-06,2025-06-23,1678.4,1696.1,17.7,False,False
TD10A6EDCA0,2025-06,2025-06-23,1063.0,1087.8,24.8,False,False
T0CE7987E4B,2025-06,2025-06-20,1321.2,1416.5,95.3,False,False
T0F12629295,2025-06,2025-06-20,414.6,418.8,4.2,False,False
T7833B36159,2025-06,2025-06-23,783.0,801.9,18.9,False,False
T997FF51E88,2025-06,2025-06-20,902.0,913.5,11.5,False,False
TB0AFAFC426,2025-06,2025-06-21,2166.6,2232.5,65.9,False,False
T4B2228F178,2025-06,2025-06-20,718.6,736.5,17.9,False,False
T5D1D63651A,2025-06,2025-06-22,515.9,515.9,0.0,True,False
T005A9CE174,2025-06,2025-06-24,1366.7,1379.8,13.1,False,False
T0E572DDC2C,2025-06,2025-06-20,1110.2,1122.1,11.9,False,False
T6B4C3EB33E,2025-06,2025-06-24,1366.4,1373.9,7.5,False,False
T98621FD0F2,2025-06,2025-06-25,2153.5,2319.2,165.7,False,False
TCED7759D69,2025-06,2025-06-23,1425.0,1446.1,21.1,False,False
T148BA00559,2025-06,2025-06-23,1387.9,1411.4,23.5,False,False
T8EF8382AF5,2025-06,2025-06-22,1609.6,1628.6,19.0,False,False
T294140BCEC,2025-06,2025-06-25,528.6,549.8,21.2,False,False
T2B4ECE5F7A,2025-06,2025-06-21,511.9,528.1,16.2,False,False
TFCDB644B38,2025-06,2025-06-21,478.7,499.5,20.8,False,False
TF46C85CB55,2025-06,2025-06-22,707.3,717.0,9.7,False,False
T635E7348B0,2025-06,2025-06-22,541.8,563.0,21.2,False,False
TD950C1321E,2025-06,2025-06-22,459.7,479.6,19.9,False,False
T79F7CA1313,2025-06,2025-06-24,308.5,315.8,7.3,False,False
T1890D0D69D,2025-06,2025-06-21,925.7,943.5,17.8,False,False
T92ED6C6BBC,2025-06,2025-06-23,504.5,512.5,8.0,False,False
T1A234D637E,2025-06,2025-06-24,1275.2,1295.3,20.1,False,False
T0FA07C2AE6,2025-06,2025-06-24,404.3,413.0,8.7,False,False
T85D9327E38,2025-06,2025-06-23,1458.0,1472.0,14.0,False,False
T9B2220E701,2025-06,2025-06-24,1197.8,1226.3,28.5,False,False
T75AE25B236,2025-06,2025-06-22,983.1,1003.4,20.3,False,False
T85C4B9E9BD,2025-06,2025-06-24,1230.2,1238.4,8.2,False,False
TAAC46C752C,2025-06,2025-06-23,1557.0,1563.2,6.2,False,False
TB5ABA37301,2025-06,2025-06-22,1050.2,1072.5,22.3,False,False
TDB1931905E,2025-06,2025-06-21,1073.8,1084.2,10.4,False,False
T8A79BCF725,2025-06,2025-06-23,1333.7,1343.2,9.5,False,False
T1383BC162C,2025-06,2025-06-20,1679.6,1698.7,19.1,False,False
TE3F34F661C,2025-06,2025-06-21,1534.0,1587.2,53.2,False,False
T945DF5CC73,2025-06,2025-06-24,1129.4,1142.6,13.2,False,False
T89289351AD,2025-06,2025-06-20,1273.6,1291.0,17.4,False,False
T3C6A8E589D,2025-06,2025-06-22,584.8,615.9,31.1,False,False
T9EDB41553F,2025-06,2025-06-20,289.1,297.3,8.2,False,False
T39FECD2D40,2025-06,2025-06-22,926.8,942.4,15.6,False,False
T393F331539,2025-06,2025-06-25,483.9,496.6,12.7,False,False
T44E572D176,2025-06,2025-06-23,542.9,564.5,21.6,False,False
T6A0C9518A5,2025-06,2025-06-20,1333.2,1346.6,13.4,False,False
T6F6C091F32,2025-06,2025-06-25,1454.6,1465.7,11.1,False,False
T0A7DFC3903,2025-06,2025-06-25,1586.6,1586.6,0.0,True,False
T4CA807AAAE,2025-06,2025-06-22,721.2,757.9,36.7,False,False
T292B036CC6,2025-06,2025-06-20,1025.6,1038.5,12.9,False,False
TF252236170,2025-06,2025-06-22,261.9,277.3,15.4,False,False
T47A88C447A,2025-06,2025-06-21,771.3,783.9,12.6,False,False
T29274E7656,2025-06,2025-06-22,440.8,462.9,22.1,False,False
TF94B3B4CEA,2025-06,2025-06-25,704.3,722.2,17.9,False,False
TD79C86593F,2025-06,2025-06-20,1166.6,1186.0,19.4,False,False
T042B2178D1,2025-06,2025-06-24,333.6,357.6,24.0,False,False
TE9E2B18053,2025-06,2025-06-22,1117.5,1202.5,85.0,False,False
T80D9A080BE,2025-06,2025-06-22,2175.6,2226.8,51.2,False,False
T580C1D0E5A,2025-06,2025-06-23,1166.7,1224.6,57.9,False,False
T262047037E,2025-06,2025-06-24,646.4,657.8,11.4,False,False
T997FBB56CB,2025-06,2025-06-20,1553.4,1569.8,16.4,False,False
T488907BADA,2025-06,2025-06-24,653.1,676.4,23.3,False,False
T959B664297,2025-06,2025-06-24,215.3,227.5,12.2,False,False
TCE4FA87780,2025-06,2025-06-20,1351.8,1365.9,14.1,False,False
T6A6F416B64,2025-06,2025-06-21,1151.2,1168.0,16.8,False,False
T5C22EC11B8,2025-06,2025-06-23,1231.5,1282.4,50.9,False,False
T132EB7CE2B,2025-06,2025-06-20,1237.5,1257.8,20.3,False,False
T011F73020E,2025-06,2025-06-25,1275.7,1291.1,15.4,False,False
T0197678D11,2025-06,2025-06-23,1067.7,1107.0,39.3,False,False
TBA58CFEBC6,2025-06,2025-06-25,1694.9,1723.8,28.9,False,False
T78A401EEAD,2025-06,2025-06-23,415.1,429.0,13.9,False,False
TE33F90B286,2025-06,2025-06-20,457.8,470.7,12.9,False,False
T761C9E26E6,2025-06,2025-06-20,393.6,405.9,12.3,False,False
T65187CE62C,2025-06,2025-06-21,998.5,1035.3,36.8,False,False
T6DD4962896,2025-06,2025-06-25,369.6,383.4,13.8,False,False
T57E5EAB9B8,2025-06,2025-06-20,1153.9,1170.6,16.7,False,False
T0D1C506545,2025-06,2025-06-20,914.0,929.5,15.5,False,False
T16385BC409,2025-06,2025-06-21,349.3,372.6,23.3,False,True
T703E749B16,2025-06,2025-06-21,832.8,849.7,16.9,False,False
TE03815B898,2025-06,2025-06-24,1629.5,1653.6,24.1,False,False
T5EDC8CD764,2025-06,2025-06-24,1179.6,1195.4,15.8,False,False
T8A0E42EA46,2025-06,2025-06-20,1311.8,1325.7,13.9,False,False
T58E4665FE8,2025-06,2025-06-23,508.4,533.4,25.0,False,False
T45A3829C6C,2025-06,2025-06-21,379.0,398.2,19.2,False,False
T0F2B41D96D,2025-06,2025-06-21,545.2,584.9,39.7,False,False
T45E4DAC832,2025-06,2025-06-24,892.5,906.4,13.9,False,False
TB308B5DC7A,2025-06,2025-06-20,1267.0,1282.1,15.1,False,False
T5A52BDFD5B,2025-06,2025-06-24,1250.7,1259.8,9.1,False,False
T3B6195226D,2025-06,2025-06-21,649.8,669.8,20.0,False,False
TEF3ACC364D,2025-06,2025-06-25,237.3,249.9,12.6,False,False
T0E3944E1C7,2025-06,2025-06-22,1537.4,1552.1,14.7,False,False
TC5E02C2AE1,2025-06,2025-06-22,928.6,938.0,9.4,False,False
T9C181CA6B2,2025-06,2025-06-25,842.3,862.0,19.7,False,False
T46D0D9FE06,2025-06,2025-06-22,1045.1,1059.9,14.8,False,False
T3763EE0258,2025-06,2025-06-25,379.9,391.1,11.2,False,False
TB6793708AF,2025-06,2025-06-24,864.6,876.7,12.1,False,False
T02BF3919B7,2025-06,2025-06-22,1308.6,1322.0,13.4,False,False
T61903D0C08,2025-06,2025-06-22,517.7,531.4,13.7,False,False
T1540962193,2025-06,2025-06-23,1189.1,1258.4,69.3,False,False
TE8DF4BFC62,2025-06,2025-06-23,1883.0,1925.5,42.5,False,False
T97A5E4F98E,2025-06,2025-06-21,1350.5,1363.9,13.4,False,False
TB2B631F6DE,2025-06,2025-06-22,227.1,239.5,12.4,False,False
TFD4476DD46,2025-06,2025-06-22,875.8,900.0,24.2,False,False
T63AE43B763,2025-06,2025-06-25,1089.0,1120.0,31.0,False,False
TF7E0F3ADFA,2025-06,2025-06-24,593.0,595.9,2.9,False,False
T9F3D4A99A8,2025-06,2025-06-23,1031.8,1038.2,6.4,False,False
T3AF0CA5142,2025-06,2025-06-20,1394.7,1446.7,52.0,False,False
T525C93E294,2025-06,2025-06-24,340.2,354.3,14.1,False,False
TA60FF3309B,2025-06,2025-06-21,1274.8,1285.2,10.4,False,False
T6230F0F81A,2025-06,2025-06-25,281.5,297.5,16.0,False,False
T486DC7662A,2025-06,2025-06-24,3421.0,3421.0,0.0,True,False
T0DD0FDF0BD,2025-06,2025-06-22,783.4,801.2,17.8,False,False
T81EEF6FCD3,2025-06,2025-06-21,882.2,894.8,12.6,False,False
T6269371CAA,2025-06,2025-06-23,1446.8,1458.8,12.0,False,False
TF7BDB30AC3,2025-06,2025-06-25,813.2,851.7,38.5,False,False
TC1EBE75CAC,2025-06,2025-06-20,1129.5,1152.4,22.9,False,False
T0A0805FB46,2025-06,2025-06-23,1773.7,1798.6,24.9,False,False
T7C1EBC3C4C,2025-06,2025-06-25,556.4,578.8,22.4,False,False
TFB5558315C,2025-06,2025-06-22,343.1,369.4,26.3,False,False
T4D34DCD6FE,2025-06,2025-06-21,823.1,841.1,18.0,False,False
T8F2163E1AC,2025-06,2025-06-22,1648.4,1675.0,26.6,False,False
T6D36EEA27E,2025-06,2025-06-23,300.8,315.8,15.0,False,False
TD718599337,2025-06,2025-06-23,1249.8,1284.4,34.6,False,False
TACFC1D584E,2025-06,2025-06-21,1396.7,1421.6,24.9,False,False
TE1CE4D9E5A,2025-06,2025-06-24,425.7,441.4,15.7,False,False
TEEB9050E6F,2025-06,2025-06-25,885.0,911.4,26.4,False,False
T266175A7E1,2025-06,2025-06-21,1593.3,1616.0,22.7,False,False
T188F8436EB,2025-06,2025-06-22,539.4,548.8,9.4,False,False
TBF5EF4019A,2025-06,2025-06-21,904.7,915.0,10.3,False,False
TF8038E3438,2025-06,2025-06-23,778.2,789.2,11.0,False,False
T14A35B501D,2025-06,2025-06-22,1279.4,1312.1,32.7,False,False
TACA1F6575E,2025-06,2025-06-20,158.0,172.5,14.5,False,False
T425CF74F89,2025-06,2025-06-20,985.1,987.2,2.1,False,False
T7E561E41DF,2025-06,2025-06-20,1659.8,1673.6,13.8,False,False
TAE21909B09,2025-06,2025-06-22,634.7,650.7,16.0,False,False
TA49FD77129,2025-06,2025-06-20,1279.6,1320.3,40.7,False,False
T83C53CBDE3,2025-06,2025-06-22,946.7,971.0,24.3,False,False
T8989E9F3E0,2025-06,2025-06-20,1244.6,1266.5,21.9,False,False
T0E868A3F47,2025-06,2025-06-24,1700.9,1726.2,25.3,False,False
TAA4A146A6F,2025-06,2025-06-20,990.8,1002.6,11.8,False,False
T929701588B,2025-06,2025-06-22,650.0,658.8,8.8,False,False
TCBA87E8F93,2025-06,2025-06-21,1597.2,1611.7,14.5,False,False
T71B2CE98BC,2025-06,2025-06-24,1688.3,1714.2,25.9,False,False
T3104E606FB,2025-06,2025-06-20,1620.4,1636.5,16.1,False,False
TC9C584B8EF,2025-06,2025-06-24,666.9,681.0,14.1,False,False
T42EAACA5A6,2025-06,2025-06-23,543.4,557.3,13.9,False,False
T27CD292019,2025-06,2025-06-20,1573.9,1596.2,22.3,False,False
T2631941D4D,2025-06,2025-06-24,1697.1,1719.2,22.1,False,False
TD6D0D046B5,2025-06,2025-06-23,435.9,443.6,7.7,False,False
T930BCF26DA,2025-06,2025-06-24,1600.8,1600.8,0.0,True,False
T7A263D97A8,2025-06,2025-06-21,406.0,406.0,0.0,True,False
T84CC232045,2025-06,2025-06-22,1101.6,1115.1,13.5,False,False
T1F7089E5B3,2025-06,2025-06-22,1361.6,1393.9,32.3,False,False
T6DD01C39D7,2025-06,2025-06-20,1345.6,1385.9,40.3,False,False
TE3814F5946,2025-06,2025-06-23,1173.2,1173.2,0.0,True,False
T260F6D657D,2025-06,2025-06-20,1663.0,1681.2,18.2,False,False
TF9F158A927,2025-06,2025-06-20,865.2,890.1,24.9,False,False
T2A78E596A5,2025-06,2025-06-25,665.2,686.2,21.0,False,False
T48829C6681,2025-06,2025-06-22,816.7,831.6,14.9,False,False
T5446AB5D4F,2025-06,2025-06-21,1452.8,1463.6,10.8,False,False
T6FEE2A0A85,2025-06,2025-06-20,401.1,414.5,13.4,False,False
T37BA3005AD,2025-06,2025-06-22,1260.6,1284.2,23.6,False,False
T599538981A,2025-06,2025-06-21,1375.5,1432.8,57.3,False,False
TC1FE3D7E79,2025-06,2025-06-21,1228.6,1247.8,19.2,False,False
TAB633F4546,2025-06,2025-06-20,401.0,416.4,15.4,False,False
TEF123948C4,2025-06,2025-06-24,686.9,686.9,0.0,True,False
T50EA3E30B0,2025-06,2025-06-25,1200.7,1218.4,17.7,False,False
T10E8B50E63,2025-06,2025-06-20,1490.9,1490.9,0.0,True,False
T75445AB825,2025-06,2025-06-20,1244.5,1258.2,13.7,False,False
T9AEC04CEE6,2025-06,2025-06-20,305.3,315.0,9.7,False,False
TE59C7E0558,2025-06,2025-06-21,478.2,486.0,7.8,False,False
T017F5CC857,2025-06,2025-06-25,1498.4,1519.9,21.5,False,False
T5740214D00,2025-06,2025-06-25,489.1,493.4,4.3,False,False
TA54FDBC969,2025-06,2025-06-20,983.8,1112.9,129.1,False,True
T79348D1D8C,2025-06,2025-06-24,943.6,1010.2,66.6,False,False
T0C38B9638D,2025-06,2025-06-21,1077.5,1105.9,28.4,False,False
TF8CD7DEDDA,2025-06,2025-06-20,859.3,877.2,17.9,False,False
TD4AA44C620,2025-06,2025-06-23,821.9,841.0,19.1,False,False
TBA22021045,2025-06,2025-06-23,995.8,1059.4,63.6,False,False
TAE4991C39A,2025-06,2025-06-20,1589.2,1606.9,17.7,False,False
T926427EC22,2025-06,2025-06-21,761.8,781.5,19.7,False,False
T03F3726F54,2025-06,2025-06-20,1054.1,1063.8,9.7,False,False
T9C5C1B51E6,2025-06,2025-06-24,368.4,388.2,19.8,False,False
TAB67F85714,2025-06,2025-06-25,1717.1,1737.5,20.4,False,False
T021E4A2B45,2025-06,2025-06-21,664.1,677.3,13.2,False,False
T9C284C6EDE,2025-06,2025-06-21,1587.2,1601.4,14.2,False,False
TE5AE06739E,2025-06,2025-06-25,303.6,316.5,12.9,False,False
T01F422D988,2025-06,2025-06-23,1610.1,1620.7,10.6,False,False
T812E69DF24,2025-06,2025-06-21,1210.6,1258.8,48.2,False,False
T1753290875,2025-06,2025-06-25,1516.9,1534.4,17.5,False,False
T6453265506,2025-06,2025-06-24,2626.7,2762.3,135.6,False,False
T3DCE54CBCD,2025-06,2025-06-23,312.4,324.3,11.9,False,False
T25A59C1230,2025-06,2025-06-20,384.4,414.2,29.8,False,False
T7149DBE7E7,2025-06,2025-06-22,1161.9,1194.4,32.5,False,False
T17B01CE93D,2025-06,2025-06-20,1448.1,1463.7,15.6,False,False
T2A7B7C0706,2025-06,2025-06-21,1429.4,1445.5,16.1,False,False
TA2A12750E0,2025-06,2025-06-22,565.7,579.8,14.1,False,False
TCDF5CCF9D1,2025-06,2025-06-24,1743.8,1762.6,18.8,False,False
T136877D852,2025-06,2025-06-22,1175.9,1197.9,22.0,False,False
TD93E7F3525,2025-06,2025-06-20,1280.3,1280.3,0.0,True,True
T9E698DAD97,2025-06,2025-06-20,416.1,431.3,15.2,False,False
TA7CD008CD2,2025-06,2025-06-22,1464.2,1491.1,26.9,False,False
TB5E2F0D295,2025-06,2025-06-23,956.8,968.5,11.7,False,False
T886651EB56,2025-06,2025-06-21,1761.5,1790.4,28.9,False,False
T726E26C014,2025-06,2025-06-24,520.5,527.5,7.0,False,False
T47801013F9,2025-06,2025-06-23,327.8,348.8,21.0,False,False
T7B44E5C01C,2025-06,2025-06-21,1145.2,1149.3,4.1,False,False
T06E1B5C91E,2025-06,2025-06-20,719.2,736.8,17.6,False,False
TBD7AFAA9AB,2025-06,2025-06-21,1259.1,1282.8,23.7,False,False
T3A8AE15DE9,2025-06,2025-06-23,1079.2,1092.6,13.4,False,False
T90FCBE8560,2025-06,2025-06-23,1331.7,1346.2,14.5,False,False
T6B76BCDCC8,2025-06,2025-06-21,1882.7,1952.9,70.2,False,False
T6B61D786E8,2025-06,2025-06-20,1109.0,1109.0,0.0,True,False
TD8B8E83F9D,2025-06,2025-06-21,1412.3,1427.2,14.9,False,False
T353F39960E,2025-06,2025-06-25,475.6,485.1,9.5,False,False
TC44518846F,2025-06,2025-06-20,407.7,429.6,21.9,False,False
T3DBD424B8F,2025-06,2025-06-20,655.0,670.1,15.1,False,False
TB8E4E6CA4C,2025-06,2025-06-24,950.2,994.8,44.6,False,False
T54630B6404,2025-06,2025-06-20,402.2,402.2,0.0,True,False
T71623730B1,2025-06,2025-06-21,1138.5,1154.2,15.7,False,False
T7436A106AE,2025-06,2025-06-22,487.8,500.0,12.2,False,False
T6191B8FD69,2025-06,2025-06-22,1204.5,1217.1,12.6,False,False
TBA7727A83B,2025-06,2025-06-22,527.0,539.5,12.5,False,False
T66B24DDB8C,2025-06,2025-06-25,1681.6,1695.9,14.3,False,False
T0EAA0EDBAF,2025-06,2025-06-21,923.6,960.1,36.5,False,False
TDCBC842E3A,2025-06,2025-06-20,607.9,637.1,29.2,False,False
T305BACE840,2025-06,2025-06-23,839.8,860.7,20.9,False,False
TAD0E244201,2025-06,2025-06-24,1218.0,1239.5,21.5,False,False
T824A68B378,2025-06,2025-06-21,1288.5,1293.3,4.8,False,False
T9F72B39B89,2025-06,2025-06-20,716.6,727.0,10.4,False,False
T0380D1AD85,2025-06,2025-06-25,1126.8,1157.9,31.1,False,False
TD58AFBB420,2025-06,2025-06-20,2087.1,2141.0,53.9,False,False
TB1A6FA6009,2025-06,2025-06-22,416.1,428.6,12.5,False,False
TB95EB354D9,2025-06,2025-06-21,1119.8,1145.4,25.6,False,False
T6EBEC2B9E3,2025-06,2025-06-23,603.2,618.3,15.1,False,False
TCBAFB86C54,2025-06,2025-06-25,1600.7,1613.3,12.6,False,False
T2D884BEE59,2025-06,2025-06-23,1306.7,1329.8,23.1,False,False
T81E3CAC404,2025-06,2025-06-21,1293.9,1318.5,24.6,False,True
TB13246DF04,2025-06,2025-06-21,2131.9,2195.6,63.7,False,False
T38FC29870C,2025-06,2025-06-22,953.5,962.5,9.0,False,False
T0B952300A6,2025-06,2025-06-22,1180.7,1194.4,13.7,False,False
T592EE5AE5A,2025-06,2025-06-21,543.3,557.7,14.4,False,False
T8AB7B992DC,2025-06,2025-06-22,1570.5,1581.4,10.9,False,False
TE13531501B,2025-06,2025-06-21,278.9,289.7,10.8,False,False
T603C6A7DDF,2025-06,2025-06-20,1832.6,1902.0,69.4,False,False
T9B1CF87E17,2025-06,2025-06-25,652.2,668.6,16.4,False,False
T7E47E27FFB,2025-06,2025-06-23,1113.7,1132.5,18.8,False,False
T2FE3E18EED,2025-06,2025-06-20,1067.6,1085.4,17.8,False,False
T518FD2CD05,2025-06,2025-06-23,794.2,808.7,14.5,False,False
TCA03B52F53,2025-06,2025-06-21,387.9,401.1,13.2,False,False
TC97F0C81C8,2025-06,2025-06-22,2207.0,2363.3,156.3,False,False
T5825BB17FC,2025-06,2025-06-23,746.8,797.8,51.0,False,False
TC5E185C6E8,2025-06,2025-06-20,214.8,230.5,15.7,False,False
TEAD9E81003,2025-06,2025-06-22,859.6,877.2,17.6,False,False
TE23D5A574A,2025-06,2025-06-22,896.1,910.8,14.7,False,False
T04048D53A3,2025-06,2025-06-21,692.6,700.7,8.1,False,False
TE1AA9E77A7,2025-06,2025-06-24,943.8,949.5,5.7,False,False
TC54C99BA73,2025-06,2025-06-22,797.9,842.6,44.7,False,False
T013C0F8B57,2025-06,2025-06-25,1376.0,1394.1,18.1,False,False
T3C23C0A42C,2025-06,2025-06-24,1013.8,1036.3,22.5,False,False
TEDB2598366,2025-06,2025-06-23,1202.6,1217.8,15.2,False,False
T03D524AC98,2025-06,2025-06-23,1480.1,1496.5,16.4,False,False
T9B658694D7,2025-06,2025-06-22,671.4,689.9,18.5,False,False
T827DB403EF,2025-06,2025-06-21,1017.9,1020.6,2.7,False,False
TD5960FA89C,2025-06,2025-06-20,1131.9,1164.2,32.3,False,True
TEB9CD6778B,2025-06,2025-06-21,1459.3,1475.2,15.9,False,False
TCFB896C903,2025-06,2025-06-25,693.3,708.0,14.7,False,False
T4EBE5132B6,2025-06,2025-06-24,833.1,851.9,18.8,False,False
TD6D7800440,2025-06,2025-06-25,1423.9,1434.9,11.0,False,False
TB1AE49FA20,2025-06,2025-06-25,545.8,555.3,9.5,False,False
TF4940B0970,2025-06,2025-06-25,1136.4,1149.6,13.2,False,False
T6492EC951E,2025-06,2025-06-22,774.0,831.8,57.8,False,False
T5B2FD74A85,2025-06,2025-06-25,1406.2,1430.1,23.9,False,False
TCF1A6CDF80,2025-06,2025-06-23,421.9,436.6,14.7,False,False
TBA965CD37E,2025-06,2025-06-21,312.5,325.9,13.4,False,False
T8917AF33E8,2025-06,2025-06-20,1047.6,1047.6,0.0,True,False
T4F696F6C0E,2025-06,2025-06-20,347.0,366.9,19.9,False,False
TFB9BD0FCA4,2025-06,2025-06-23,1699.5,1736.2,36.7,False,False
T6372E1147F,2025-06,2025-06-21,1060.6,1078.9,18.3,False,False
T8B4FC280C2,2025-06,2025-06-25,461.4,474.9,13.5,False,False
T0AF0DD2FE5,2025-06,2025-06-23,1000.7,1012.9,12.2,False,False
T9BABD62590,2025-06,2025-06-23,1300.7,1339.4,38.7,False,False
TBBD0028CDB,2025-06,2025-06-20,895.2,911.7,16.5,False,False
T30E453AB34,2025-06,2025-06-21,966.3,978.3,12.0,False,False
T7DC59256DC,2025-06,2025-06-23,615.4,648.5,33.1,False,False
TCC371206BC,2025-06,2025-06-25,488.6,488.6,0.0,True,False
TDEF092A4C5,2025-06,2025-06-21,1418.2,1430.6,12.4,False,False
TE13FCEC631,2025-06,2025-06-21,1071.4,1085.7,14.3,False,False
T7C3F6A8162,2025-06,2025-06-23,1402.3,1426.1,23.8,False,False
T0F4A3A74ED,2025-06,2025-06-22,827.5,827.5,0.0,True,False
T5BEF82BC17,2025-06,2025-06-24,1318.0,1332.5,14.5,False,False
T07AC5856A4,2025-06,2025-06-20,614.3,628.5,14.2,False,False
T0185184B59,2025-06,2025-06-23,1164.7,1182.2,17.5,False,False
T79F8E1FAE8,2025-06,2025-06-20,235.6,252.8,17.2,False,False
T4D40D256FE,2025-06,2025-06-22,1054.5,1079.2,24.7,False,False
TE74495FCDD,2025-06,2025-06-24,1519.3,1533.5,14.2,False,False
TAD9ED625D1,2025-06,2025-06-23,1409.0,1428.5,19.5,False,False
TE7328B9E12,2025-06,2025-06-24,613.1,619.0,5.9,False,False
T5FC1C50126,2025-06,2025-06-23,1146.1,1174.8,28.7,False,False
T203C71CAC2,2025-06,2025-06-23,1601.6,1624.3,22.7,False,False
T1D1F227112,2025-06,2025-06-23,702.6,723.2,20.6,False,False
TF62BDC6E96,2025-06,2025-06-25,1592.4,1623.0,30.6,False,False
T5D35014BC6,2025-06,2025-06-24,1596.6,1605.3,8.7,False,False
T9C80DA594D,2025-06,2025-06-25,671.3,680.4,9.1,False,False
T575100FEE6,2025-06,2025-06-21,439.5,474.3,34.8,False,False
TFF833858D4,2025-06,2025-06-24,1614.3,1624.4,10.1,False,False
T44C452513D,2025-06,2025-06-22,787.3,806.7,19.4,False,False
TC11C4F89B7,2025-06,2025-06-21,407.9,423.5,15.6,False,False
T519E11C12F,2025-06,2025-06-24,258.3,273.9,15.6,False,False
T1D1C3809AD,2025-06,2025-06-20,1074.5,1122.3,47.8,False,False
T2F89E8ED6F,2025-06,2025-06-24,1400.8,1423.0,22.2,False,False
TED624C9B29,2025-06,2025-06-24,1365.1,1388.1,23.0,False,False
T80599540B9,2025-06,2025-06-22,406.2,435.7,29.5,False,False
T99F86EAA03,2025-06,2025-06-25,880.3,903.8,23.5,False,False
T48E474E620,2025-06,2025-06-24,1328.2,409.0396856263304,15.5,False,False
T62F138B69F,2025-06,2025-06-25,1383.7,1407.8,24.1,False,False
T0ABCC73F5F,2025-06,2025-06-22,1329.9,1341.1,11.2,False,False
T451A03E5F4,2025-06,2025-06-25,884.7,921.0,36.3,False,False
T28A5C3A212,2025-06,2025-06-24,888.0,899.3,11.3,False,False
T9BF23AC92B,2025-06,2025-06-20,1044.5,1058.6,14.1,False,False
T8D847ABAD5,2025-06,2025-06-21,888.1,896.0,7.9,False,False
T79AD100612,2025-06,2025-06-22,1198.8,1220.4,21.6,False,False
T595C48877B,2025-06,2025-06-21,1085.6,1105.8,20.2,False,False
T7E1F631507,2025-06,2025-06-20,232.1,249.2,17.1,False,False
T7CEE29F570,2025-06,2025-06-25,453.5,463.9,10.4,False,False
TB28F8F08F4,2025-06,2025-06-25,827.4,841.3,13.9,False,False
T741A1119FA,2025-06,2025-06-21,516.9,516.9,0.0,True,False
T26862D1A4A,2025-06,2025-06-25,1871.1,1913.9,42.8,False,False
TCB96D14BFD,2025-06,2025-06-20,680.0,693.9,13.9,False,False
TF07D19AE17,2025-06,2025-06-22,500.9,545.9,45.0,False,False
T7AE1E63696,2025-06,2025-06-23,1467.7,1478.5,10.8,False,False
TEA687BEEC8,2025-06,2025-06-24,494.3,513.7,19.4,False,False
T5C97BD73CE,2025-06,2025-06-24,1592.0,1611.1,19.1,False,False
T64DF103F27,2025-06,2025-06-25,399.7,410.9,11.2,False,False
T962D5133B5,2025-06,2025-06-24,1295.1,1317.4,22.3,False,False
TFAE2AFD636,2025-06,2025-06-25,1429.1,1439.1,10.0,False,False
T8237A9AE83,2025-06,2025-06-22,508.6,526.2,17.6,False,False
T124789ED12,2025-06,2025-06-21,890.1,899.4,9.3,False,False
T77D8F1F07B,2025-06,2025-06-21,1137.9,1187.8,49.9,False,False
T88E01EE6A9,2025-06,2025-06-21,725.2,748.4,23.2,False,False
TCCA2F0E6D1,2025-06,2025-06-23,554.8,570.3,15.5,False,False
TE7C4074532,2025-06,2025-06-22,471.5,499.6,28.1,False,False
TE08ACE6D71,2025-06,2025-06-24,1582.6,1604.4,21.8,False,False
TF5AB4BC37D,2025-06,2025-06-22,564.0,579.8,15.8,False,False
T31A37C291B,2025-06,2025-06-22,200.5,213.2,12.7,False,False
T85072A41C6,2025-06,2025-06-21,1355.6,1364.7,9.1,False,False
T3DB8E8C91B,2025-06,2025-06-22,1076.1,1091.1,15.0,False,False
T1F21C0A526,2025-06,2025-06-22,445.7,469.2,23.5,False,False
TC653350390,2025-06,2025-06-23,1433.0,1444.6,11.6,False,False
TF357DF2C85,2025-06,2025-06-24,714.1,734.5,20.4,False,False
TC2B54F643A,2025-06,2025-06-23,431.8,448.7,16.9,False,False
T62A907AFA1,2025-06,2025-06-20,662.9,675.4,12.5,False,False
T9B926E1A60,2025-06,2025-06-23,875.6,885.7,10.1,False,False
T95A557D58C,2025-06,2025-06-22,2369.7,2560.3,190.6,False,False
T4FD73F8DF8,2025-06,2025-06-25,272.0,284.3,12.3,False,False
TAA9E781779,2025-06,2025-06-21,1162.0,1172.1,10.1,False,False
T5AB667FA59,2025-06,2025-06-25,1314.5,1340.0,25.5,False,False
T2FB8838715,2025-06,2025-06-25,1589.4,1607.0,17.6,False,False
TDC0B728E72,2025-06,2025-06-21,1303.7,1376.8,73.1,False,False
T500E1E73A5,2025-06,2025-06-23,905.2,919.1,13.9,False,False
T518D652731,2025-06,2025-06-24,725.8,751.5,25.7,False,False
T5F78380FF1,2025-06,2025-06-21,934.9,934.9,0.0,True,False
T2269F4C04A,2025-06,2025-06-25,1393.0,1446.5,53.5,False,False
T75D0C6EEF9,2025-06,2025-06-25,2399.8,2546.3,146.5,False,False
T08C84C6180,2025-06,2025-06-25,444.2,444.2,0.0,True,False
TBE3328794F,2025-06,2025-06-23,1070.6,1079.0,8.4,False,False
T7BF732B1D4,2025-06,2025-06-23,1200.4,1213.6,13.2,False,False
T680C591820,2025-06,2025-06-22,1163.4,1170.8,7.4,False,False
T87B30A11CA,2025-06,2025-06-24,1559.4,1574.7,15.3,False,False
T2C69DDD554,2025-06,2025-06-23,1262.9,1320.6,57.7,False,False
TB5DCDB3D2B,2025-06,2025-06-23,1395.8,1404.0,8.2,False,False
TF1BF705581,2025-06,2025-06-22,830.5,850.4,19.9,False,False
T7861C2062B,2025-06,2025-06-25,1870.6,1900.2,29.6,False,False
T3E7A117328,2025-06,2025-06-21,481.6,481.6,0.0,True,False
T626DE7D352,2025-06,2025-06-21,1579.7,1632.3,52.6,False,False
T30CED3EF6B,2025-06,2025-06-23,1104.7,1128.1,23.4,False,False
T6F621D315F,2025-06,2025-06-24,406.6,436.6,30.0,False,False
T5AEAFABEEB,2025-06,2025-06-22,1090.2,1102.8,12.6,False,False
T6E1A658692,2025-06,2025-06-24,701.3,721.9,20.6,False,False
TDFD739AFF7,2025-06,2025-06-25,1471.0,1485.3,14.3,False,False
T0E7497BE87,2025-06,2025-06-22,359.2,368.8,9.6,False,False
T63245D9338,2025-06,2025-06-22,438.7,462.2,23.5,False,False
T2FC1A9FEB9,2025-06,2025-06-23,495.9,520.1,24.2,False,False
TE5572E3B77,2025-06,2025-06-20,1531.3,1539.2,7.9,False,False
T93AE74FC8C,2025-06,2025-06-20,1005.8,1025.5,19.7,False,False
TCE4F3C1854,2025-06,2025-06-21,1879.4,1909.5,30.1,False,False
T623FDA0FEC,2025-06,2025-06-22,857.2,922.7,65.5,False,True
T6FCD9FC327,2025-06,2025-06-23,479.5,487.0,7.5,False,False
T26D49D2B10,2025-06,2025-06-24,1176.3,1199.8,23.5,False,False
T6B0F45148F,2025-06,2025-06-23,1546.2,1629.8,83.6,False,False
T5DA6DABC22,2025-06,2025-06-20,701.7,718.1,16.4,False,False
T4C0FAA9237,2025-06,2025-06-20,1028.6,1047.1,18.5,False,False
T629B85F6AE,2025-06,2025-06-23,1517.3,1529.8,12.5,False,False
TE6221DA147,2025-06,2025-06-22,878.7,892.3,13.6,False,False
T7092CB932F,2025-06,2025-06-22,1449.4,1463.9,14.5,False,False
T38F3AD60D6,2025-06,2025-06-22,525.1,547.2,22.1,False,False
T051D6304AA,2025-06,2025-06-23,1129.8,1142.2,12.4,False,False
T1677509027,2025-06,2025-06-21,571.6,589.8,18.2,False,False
TCE43CAAFDD,2025-06,2025-06-23,1082.0,1092.1,10.1,False,False
TD6051C60DD,2025-06,2025-06-21,1460.1,1505.6,45.5,False,False
TD81C7B0AC7,2025-06,2025-06-23,1590.6,1590.6,0.0,True,False
TEB9B6A4FBC,2025-06,2025-06-25,931.1,943.6,12.5,False,False
T8E67D26322,2025-06,2025-06-25,1714.3,1740.0,25.7,False,False
T0E8259349E,2025-06,2025-06-24,335.8,351.3,15.5,False,False
TEC586A8374,2025-06,2025-06-20,1080.6,1094.6,14.0,False,False
T1E40F3A239,2025-06,2025-06-25,1125.8,1138.0,12.2,False,False
T716C530DED,2025-06,2025-06-24,656.1,674.0,17.9,False,False
T7562476AEF,2025-06,2025-06-25,1687.0,1706.1,19.1,False,False
TB460453C4D,2025-06,2025-06-23,382.2,382.2,0.0,True,False
T4A69C0BA6F,2025-06,2025-06-24,620.0,643.0,23.0,False,False
TB3006B8F03,2025-06,2025-06-22,830.6,845.0,14.4,False,False
TED3E393477,2025-06,2025-06-25,1681.6,1707.0,25.4,False,False
TA014F1FF15,2025-06,2025-06-21,1232.1,1247.5,15.4,False,False
T08D24C843D,2025-06,2025-06-21,477.6,501.8,24.2,False,False
T328C38D103,2025-06,2025-06-25,1718.0,1737.6,19.6,False,False
T5D52776F44,2025-06,2025-06-20,501.5,508.8,7.3,False,False
T350C7F0CAD,2025-06,2025-06-24,582.7,594.5,11.8,False,False
TE4BF83F9A5,2025-06,2025-06-21,1535.0,1565.4,30.4,False,False
T363192FB18,2025-06,2025-06-20,1132.2,1164.6,32.4,False,False
TE7D390D6E1,2025-06,2025-06-20,1072.5,1093.6,21.1,False,False
TEAED0D702E,2025-06,2025-06-20,1074.1,1074.1,0.0,True,False
T76D2631BBE,2025-06,2025-06-23,1336.1,1352.3,16.2,False,False
T41D9DAD65E,2025-06,2025-06-23,708.6,725.9,17.3,False,False
T4FB688BCF2,2025-06,2025-06-22,1227.5,1246.9,19.4,False,False
T49C247A691,2025-06,2025-06-20,692.8,719.3,26.5,False,False
TAD97E4B580,2025-06,2025-06-25,265.3,280.7,15.4,False,False
TA6D3C701E5,2025-06,2025-06-20,422.8,436.9,14.1,False,False
T1629374829,2025-06,2025-06-25,919.7,955.0,35.3,False,False
TE380DFCDD5,2025-06,2025-06-22,1221.0,1238.7,17.7,False,False
TC71E645A97,2025-06,2025-06-25,920.6,931.0,10.4,False,False
T3B2D063348,2025-06,2025-06-23,420.6,431.4,10.8,False,False
T6B0703F297,2025-06,2025-06-23,1097.9,1113.0,15.1,False,False
T2442BBD224,2025-06,2025-06-21,781.4,781.4,0.0,True,False
T94AEE9D59A,2025-06,2025-06-23,1077.2,1086.9,9.7,False,False
TC36C8FB548,2025-06,2025-06-23,1460.0,1472.1,12.1,False,False
TEA6C60108F,2025-06,2025-06-22,1743.9,1803.8,59.9,False,False
T5D0DA4A5A3,2025-06,2025-06-21,987.9,1003.7,15.8,False,False
TCE2F3968A5,2025-06,2025-06-20,1038.1,1054.3,16.2,False,False
T3290CE40ED,2025-06,2025-06-22,1567.9,1588.1,20.2,False,False
TFF800A383C,2025-06,2025-06-22,1190.5,1206.3,15.8,False,False
T43D369AD4F,2025-06,2025-06-24,836.6,850.0,13.4,False,False
T2558B25F4A,2025-06,2025-06-20,220.4,231.2,10.8,False,False
TF2D53B5266,2025-06,2025-06-20,1502.3,1515.9,13.6,False,False
T46E626FB09,2025-06,2025-06-21,356.8,384.0,27.2,False,False
T7E0A59EC74,2025-06,2025-06-22,429.2,435.3,6.1,False,False
TDB77C6E5BA,2025-06,2025-06-25,666.5,680.5,14.0,False,False
TB2420A8657,2025-06,2025-06-25,1192.5,1202.8,10.3,False,False
TB1246EBDB6,2025-06,2025-06-22,671.2,677.1,5.9,False,False
T8C8BD1D187,2025-06,2025-06-20,1401.8,1425.9,24.1,False,False
T9A87FD75BB,2025-06,2025-06-24,613.1,630.2,17.1,False,False
T7220DB253B,2025-06,2025-06-24,790.7,816.0,25.3,False,False
T024582A041,2025-06,2025-06-24,1577.1,1606.6,29.5,False,False
TA3D7EB0EB6,2025-06,2025-06-25,1411.2,1413.3,2.1,False,False
T980F08905D,2025-06,2025-06-20,1419.1,1431.3,12.2,False,False
T0070991C4A,2025-06,2025-06-20,485.0,496.1,11.1,False,False
TE62F9D24A2,2025-06,2025-06-20,884.0,902.3,18.3,False,False
T660F58D22C,2025-06,2025-06-22,1363.2,1389.3,26.1,False,False
TC9C59FD3C0,2025-06,2025-06-22,1463.8,1476.2,12.4,False,False
TC85BCF4679,2025-06,2025-06-25,781.1,801.0,19.9,False,False
T711A4FB3DC,2025-06,2025-06-25,1326.0,1334.5,8.5,False,False
TDA01857472,2025-06,2025-06-22,699.8,699.8,0.0,True,False
T593C7D2F36,2025-06,2025-06-21,988.4,1002.2,13.8,False,False
TAD1B3ECAF6,2025-06,2025-06-20,867.9,888.9,21.0,False,False
T62DB418771,2025-07,2025-07-24,1331.0,1348.2,17.2,False,False
T516D296A99,2025-07,2025-07-21,833.6,843.5,9.9,False,False
TF6199DECCB,2025-07,2025-07-25,1502.7,1536.1,33.4,False,False
TBFDD3649BD,2025-07,2025-07-20,1480.2,1498.9,18.7,False,False
T1A8F7C05C9,2025-07,2025-07-23,1315.0,1321.9,6.9,False,False
T6B4FC6C7C6,2025-07,2025-07-23,890.5,909.2,18.7,False,False
T6EE7490E19,2025-07,2025-07-22,1570.5,1582.4,11.9,False,False
T771EC6B537,2025-07,2025-07-20,940.7,945.1,4.4,False,False
TA87CD37475,2025-07,2025-07-21,553.9,574.2,20.3,False,False
T00048F12E2,2025-07,2025-07-24,242.1,252.1,10.0,False,False
TDE3B85E449,2025-07,2025-07-25,1185.7,1204.0,18.3,False,False
TDFD5EF1E2B,2025-07,2025-07-20,797.5,815.5,18.0,False,False
T6BE1C12D07,2025-07,2025-07-21,2598.8,2695.8,97.0,False,False
TE17C7596F7,2025-07,2025-07-23,363.1,373.2,10.1,False,False
TF0590D064A,2025-07,2025-07-22,607.8,615.7,7.9,False,False
T0201C8273D,2025-07,2025-07-20,515.9,525.8,9.9,False,False
T416D725964,2025-07,2025-07-22,1305.0,1314.6,9.6,False,False
T592985E849,2025-07,2025-07-24,491.8,508.7,16.9,False,False
T8CFD079CB6,2025-07,2025-07-22,1696.1,1711.4,15.3,False,False
TD10A6EDCA0,2025-07,2025-07-20,1087.8,1103.2,15.4,False,False
T0CE7987E4B,2025-07,2025-07-24,1416.5,1494.6,78.1,False,False
T0F12629295,2025-07,2025-07-24,418.8,421.8,3.0,False,False
T7833B36159,2025-07,2025-07-21,801.9,818.9,17.0,False,False
T997FF51E88,2025-07,2025-07-21,913.5,925.1,11.6,False,False
TB0AFAFC426,2025-07,2025-07-21,2232.5,2267.0,34.5,False,False
T4B2228F178,2025-07,2025-07-20,736.5,753.2,16.7,False,False
T5D1D63651A,2025-07,2025-07-22,515.9,536.6,20.7,False,False
T005A9CE174,2025-07,2025-07-20,1379.8,1392.3,12.5,False,False
T0E572DDC2C,2025-07,2025-07-25,1122.1,1132.9,10.8,False,False
T6B4C3EB33E,2025-07,2025-07-25,1373.9,1379.3,5.4,False,False
T98621FD0F2,2025-07,2025-07-22,2319.2,2488.2,169.0,False,False
TCED7759D69,2025-07,2025-07-20,1446.1,1464.3,18.2,False,False
T148BA00559,2025-07,2025-07-22,1411.4,1432.6,21.2,False,False
T8EF8382AF5,2025-07,2025-07-22,1628.6,1641.4,12.8,False,False
T294140BCEC,2025-07,2025-07-22,549.8,573.1,23.3,False,False
T2B4ECE5F7A,2025-07,2025-07-21,528.1,143.34816021516852,17.9,False,False
TFCDB644B38,2025-07,2025-07-20,499.5,519.1,19.6,False,False
TF46C85CB55,2025-07,2025-07-20,717.0,723.4,6.4,False,False
T635E7348B0,2025-07,2025-07-20,563.0,578.2,15.2,False,False
TD950C1321E,2025-07,2025-07-23,479.6,492.1,12.5,False,False
T79F7CA1313,2025-07,2025-07-21,315.8,322.8,7.0,False,False
T1890D0D69D,2025-07,2025-07-23,943.5,956.1,12.6,False,False
T92ED6C6BBC,2025-07,2025-07-23,512.5,519.8,7.3,False,False
T1A234D637E,2025-07,2025-07-25,1295.3,1306.7,11.4,False,False
T0FA07C2AE6,2025-07,2025-07-20,413.0,420.4,7.4,False,False
T85D9327E38,2025-07,2025-07-24,1472.0,1484.1,12.1,False,False
T9B2220E701,2025-07,2025-07-20,1226.3,1226.3,0.0,True,False
T75AE25B236,2025-07,2025-07-24,1003.4,1017.4,14.0,False,False
T85C4B9E9BD,2025-07,2025-07-23,1238.4,1243.7,5.3,False,False
TAAC46C752C,2025-07,2025-07-24,1563.2,1568.1,4.9,False,False
TB5ABA37301,2025-07,2025-07-20,1072.5,1091.8,19.3,False,False
TDB1931905E,2025-07,2025-07-25,1084.2,1095.2,11.0,False,False
T8A79BCF725,2025-07,2025-07-25,1343.2,1347.2,4.0,False,False
T1383BC162C,2025-07,2025-07-23,1698.7,1712.8,14.1,False,False
TE3F34F661C,2025-07,2025-07-23,1587.2,1653.5,66.3,False,False
T945DF5CC73,2025-07,2025-07-24,1142.6,1152.2,9.6,False,False
T89289351AD,2025-07,2025-07-25,1291.0,1304.3,13.3,False,False
T3C6A8E589D,2025-07,2025-07-22,615.9,650.8,34.9,False,False
T9EDB41553F,2025-07,2025-07-23,297.3,304.3,7.0,False,False
T39FECD2D40,2025-07,2025-07-24,942.4,965.1,22.7,False,False
T393F331539,2025-07,2025-07-23,496.6,507.2,10.6,False,False
T44E572D176,2025-07,2025-07-25,564.5,581.9,17.4,False,False
T6A0C9518A5,2025-07,2025-07-25,1346.6,1358.0,11.4,False,False
T6F6C091F32,2025-07,2025-07-21,1465.7,1478.0,12.3,False,False
T0A7DFC3903,2025-07,2025-07-24,1586.6,1606.6,20.0,False,False
T4CA807AAAE,2025-07,2025-07-22,757.9,787.7,29.8,False,False
T292B036CC6,2025-07,2025-07-21,1038.5,1051.2,12.7,False,False
TF252236170,2025-07,2025-07-20,277.3,297.6,20.3,False,False
T47A88C447A,2025-07,2025-07-22,783.9,792.9,9.0,False,False
T29274E7656,2025-07,2025-07-23,462.9,480.2,17.3,False,False
TF94B3B4CEA,2025-07,2025-07-22,722.2,741.0,18.8,False,False
TD79C86593F,2025-07,2025-07-20,1186.0,1203.5,17.5,False,False
T042B2178D1,2025-07,2025-07-25,357.6,378.2,20.6,False,False
TE9E2B18053,2025-07,2025-07-22,1202.5,1271.9,69.4,False,False
T80D9A080BE,2025-07,2025-07-24,2226.8,2271.0,44.2,False,False
T580C1D0E5A,2025-07,2025-07-22,1224.6,1275.9,51.3,False,False
T262047037E,2025-07,2025-07-20,657.8,668.6,10.8,False,False
T997FBB56CB,2025-07,2025-07-25,1569.8,1588.4,18.6,False,False
T488907BADA,2025-07,2025-07-24,676.4,701.4,25.0,False,False
T959B664297,2025-07,2025-07-20,227.5,239.1,11.6,False,False
TCE4FA87780,2025-07,2025-07-20,1365.9,1375.9,10.0,False,False
T6A6F416B64,2025-07,2025-07-23,1168.0,1184.7,16.7,False,False
T5C22EC11B8,2025-07,2025-07-23,1282.4,1323.3,40.9,False,False
T132EB7CE2B,2025-07,2025-07-21,1257.8,1272.8,15.0,False,False
T011F73020E,2025-07,2025-07-20,1291.1,1291.1,0.0,True,False
T0197678D11,2025-07,2025-07-21,1107.0,1142.4,35.4,False,False
TBA58CFEBC6,2025-07,2025-07-25,1723.8,1738.1,14.3,False,False
T78A401EEAD,2025-07,2025-07-21,429.0,440.8,11.8,False,False
TE33F90B286,2025-07,2025-07-22,470.7,486.7,16.0,False,False
T761C9E26E6,2025-07,2025-07-23,405.9,418.4,12.5,False,False
T65187CE62C,2025-07,2025-07-24,1035.3,1080.3,45.0,False,False
T6DD4962896,2025-07,2025-07-25,383.4,400.7,17.3,False,False
T57E5EAB9B8,2025-07,2025-07-25,1170.6,1179.0,8.4,False,False
T0D1C506545,2025-07,2025-07-22,929.5,941.3,11.8,False,False
T16385BC409,2025-07,2025-07-25,372.6,383.4,10.8,False,False
T703E749B16,2025-07,2025-07-20,849.7,862.7,13.0,False,False
TE03815B898,2025-07,2025-07-24,1653.6,1669.5,15.9,False,False
T5EDC8CD764,2025-07,2025-07-21,1195.4,1211.1,15.7,False,False
T8A0E42EA46,2025-07,2025-07-22,1325.7,1337.2,11.5,False,False
T58E4665FE8,2025-07,2025-07-20,533.4,553.8,20.4,False,False
T45A3829C6C,2025-07,2025-07-23,398.2,409.9,11.7,False,False
T0F2B41D96D,2025-07,2025-07-22,584.9,618.3,33.4,False,False
T45E4DAC832,2025-07,2025-07-24,906.4,906.4,0.0,True,False
TB308B5DC7A,2025-07,2025-07-25,1282.1,1282.1,0.0,True,False
T5A52BDFD5B,2025-07,2025-07-24,1259.8,1268.0,8.2,False,False
T3B6195226D,2025-07,2025-07-23,669.8,,,True,False
TEF3ACC364D,2025-07,2025-07-21,249.9,249.9,0.0,True,False
T0E3944E1C7,2025-07,2025-07-22,1552.1,1564.6,12.5,False,False
TC5E02C2AE1,2025-07,2025-07-25,938.0,945.5,7.5,False,False
T9C181CA6B2,2025-07,2025-07-21,862.0,878.1,16.1,False,False
T46D0D9FE06,2025-07,2025-07-22,1059.9,1070.5,10.6,False,False
T3763EE0258,2025-07,2025-07-22,391.1,399.7,8.6,False,False
TB6793708AF,2025-07,2025-07-23,876.7,888.4,11.7,False,False
T02BF3919B7,2025-07,2025-07-23,1322.0,1331.2,9.2,False,False
T61903D0C08,2025-07,2025-07-21,531.4,539.8,8.4,False,False
T1540962193,2025-07,2025-07-21,1258.4,1337.5,79.1,False,False
TE8DF4BFC62,2025-07,2025-07-21,1925.5,1957.8,32.3,False,False
T97A5E4F98E,2025-07,2025-07-25,1363.9,1363.9,0.0,True,False
TB2B631F6DE,2025-07,2025-07-21,239.5,253.0,13.5,False,False
TFD4476DD46,2025-07,2025-07-25,900.0,918.6,18.6,False,False
T63AE43B763,2025-07,2025-07-22,1120.0,1140.7,20.7,False,False
TF7E0F3ADFA,2025-07,2025-07-21,595.9,598.3,2.4,False,False
T9F3D4A99A8,2025-07,2025-07-24,1038.2,1043.7,5.5,False,False
T3AF0CA5142,2025-07,2025-07-20,1446.7,1446.7,0.0,True,False
T525C93E294,2025-07,2025-07-20,354.3,362.0,7.7,False,False
TA60FF3309B,2025-07,2025-07-20,1285.2,1296.2,11.0,False,False
T6230F0F81A,2025-07,2025-07-24,297.5,312.5,15.0,False,False
T486DC7662A,2025-07,2025-07-21,3421.0,3678.8,257.8,False,False
T0DD0FDF0BD,2025-07,2025-07-22,801.2,819.4,18.2,False,False
T81EEF6FCD3,2025-07,2025-07-23,894.8,904.9,10.1,False,False
T6269371CAA,2025-07,2025-07-21,1458.8,1468.4,9.6,False,False
TF7BDB30AC3,2025-07,2025-07-24,851.7,884.5,32.8,False,False
TC1EBE75CAC,2025-07,2025-07-24,1152.4,1166.9,14.5,False,False
T0A0805FB46,2025-07,2025-07-21,1798.6,1814.4,15.8,False,False
T7C1EBC3C4C,2025-07,2025-07-24,578.8,602.9,24.1,False,False
TFB5558315C,2025-07,2025-07-22,369.4,386.9,17.5,False,False
T4D34DCD6FE,2025-07,2025-07-23,841.1,855.4,14.3,False,False
T8F2163E1AC,2025-07,2025-07-21,1675.0,1699.7,24.7,False,False
T6D36EEA27E,2025-07,2025-07-21,315.8,331.5,15.7,False,False
TD718599337,2025-07,2025-07-21,1284.4,1324.7,40.3,False,False
TACFC1D584E,2025-07,2025-07-22,1421.6,1442.6,21.0,False,False
TE1CE4D9E5A,2025-07,2025-07-21,441.4,460.1,18.7,False,False
TEEB9050E6F,2025-07,2025-07-23,911.4,931.8,20.4,False,False
T266175A7E1,2025-07,2025-07-23,1616.0,1616.0,0.0,True,False
T188F8436EB,2025-07,2025-07-23,548.8,561.0,12.2,False,False
TBF5EF4019A,2025-07,2025-07-22,915.0,924.2,9.2,False,False
TF8038E3438,2025-07,2025-07-23,789.2,797.8,8.6,False,False
T14A35B501D,2025-07,2025-07-20,1312.1,1340.8,28.7,False,False
TACA1F6575E,2025-07,2025-07-21,172.5,179.6,7.1,False,False
T425CF74F89,2025-07,2025-07-23,987.2,988.9,1.7,False,False
T7E561E41DF,2025-07,2025-07-24,1673.6,1688.6,15.0,False,False
TAE21909B09,2025-07,2025-07-24,650.7,663.2,12.5,False,False
TA49FD77129,2025-07,2025-07-24,1320.3,1352.9,32.6,False,False
T83C53CBDE3,2025-07,2025-07-24,971.0,993.8,22.8,False,False
T8989E9F3E0,2025-07,2025-07-23,1266.5,1288.9,22.4,False,False
T0E868A3F47,2025-07,2025-07-24,1726.2,1743.3,17.1,False,False
TAA4A146A6F,2025-07,2025-07-24,1002.6,1012.9,10.3,False,False
T929701588B,2025-07,2025-07-20,658.8,666.5,7.7,False,False
TCBA87E8F93,2025-07,2025-07-22,1611.7,1627.6,15.9,False,False
T71B2CE98BC,2025-07,2025-07-21,1714.2,1739.1,24.9,False,False
T3104E606FB,2025-07,2025-07-22,1636.5,1649.4,12.9,False,False
TC9C584B8EF,2025-07,2025-07-20,681.0,692.3,11.3,False,False
T42EAACA5A6,2025-07,2025-07-21,557.3,569.5,12.2,False,False
T27CD292019,2025-07,2025-07-20,1596.2,1623.2,27.0,False,False
T2631941D4D,2025-07,2025-07-21,1719.2,1733.3,14.1,False,False
TD6D0D046B5,2025-07,2025-07-21,443.6,452.1,8.5,False,False
T930BCF26DA,2025-07,2025-07-22,1600.8,,,False,False
T7A263D97A8,2025-07,2025-07-24,406.0,423.0,17.0,False,False
T84CC232045,2025-07,2025-07-22,1115.1,1124.5,9.4,False,False
T1F7089E5B3,2025-07,2025-07-22,1393.9,1414.2,20.3,False,False
T6DD01C39D7,2025-07,2025-07-21,1385.9,1421.1,35.2,False,False
TE3814F5946,2025-07,2025-07-24,1173.2,1179.9,6.7,False,False
T260F6D657D,2025-07,2025-07-24,1681.2,1697.0,15.8,False,False
TF9F158A927,2025-07,2025-07-20,890.1,904.4,14.3,False,False
T2A78E596A5,2025-07,2025-07-22,686.2,704.2,18.0,False,False
T48829C6681,2025-07,2025-07-25,831.6,848.3,16.7,False,False
T5446AB5D4F,2025-07,2025-07-21,1463.6,1471.3,7.7,False,False
T6FEE2A0A85,2025-07,2025-07-24,414.5,426.3,11.8,False,False
T37BA3005AD,2025-07,2025-07-21,1284.2,1308.0,23.8,False,False
T599538981A,2025-07,2025-07-22,1432.8,1469.7,36.9,False,False
TC1FE3D7E79,2025-07,2025-07-24,1247.8,1262.6,14.8,False,False
TAB633F4546,2025-07,2025-07-21,416.4,416.4,0.0,True,False
TEF123948C4,2025-07,2025-07-23,686.9,696.5,9.6,False,False
T50EA3E30B0,2025-07,2025-07-20,1218.4,1229.6,11.2,False,False
T10E8B50E63,2025-07,2025-07-25,1490.9,1490.9,0.0,True,False
T75445AB825,2025-07,2025-07-20,1258.2,1268.1,9.9,False,False
T9AEC04CEE6,2025-07,2025-07-22,315.0,322.6,7.6,False,False
TE59C7E0558,2025-07,2025-07-23,486.0,493.3,7.3,False,False
T017F5CC857,2025-07,2025-07-20,1519.9,1544.2,24.3,False,False
T5740214D00,2025-07,2025-07-25,493.4,499.5,6.1,False,False
TA54FDBC969,2025-07,2025-07-24,1112.9,1196.1,83.2,False,True
T79348D1D8C,2025-07,2025-07-23,1010.2,1058.3,48.1,False,False
T0C38B9638D,2025-07,2025-07-20,1105.9,1139.1,33.2,False,False
TF8CD7DEDDA,2025-07,2025-07-23,877.2,894.4,17.2,False,False
TD4AA44C620,2025-07,2025-07-22,841.0,863.2,22.2,False,False
TBA22021045,2025-07,2025-07-22,1059.4,1118.4,59.0,False,False
TAE4991C39A,2025-07,2025-07-24,1606.9,1622.1,15.2,False,False
T926427EC22,2025-07,2025-07-23,781.5,796.3,14.8,False,False
T03F3726F54,2025-07,2025-07-21,1063.8,1075.1,11.3,False,False
T9C5C1B51E6,2025-07,2025-07-25,388.2,410.0,21.8,False,False
TAB67F85714,2025-07,2025-07-24,1737.5,1758.8,21.3,False,False
T021E4A2B45,2025-07,2025-07-24,677.3,688.8,11.5,False,False
T9C284C6EDE,2025-07,2025-07-25,1601.4,1618.8,17.4,False,False
TE5AE06739E,2025-07,2025-07-25,316.5,331.4,14.9,False,False
T01F422D988,2025-07,2025-07-24,1620.7,1629.6,8.9,False,False
T812E69DF24,2025-07,2025-07-24,1258.8,1319.2,60.4,False,False
T1753290875,2025-07,2025-07-25,1534.4,1552.5,18.1,False,False
T6453265506,2025-07,2025-07-22,2762.3,2874.1,111.8,False,False
T3DCE54CBCD,2025-07,2025-07-20,324.3,331.2,6.9,False,False
T25A59C1230,2025-07,2025-07-22,414.2,436.4,22.2,False,False
T7149DBE7E7,2025-07,2025-07-20,1194.4,1221.9,27.5,False,False
T17B01CE93D,2025-07,2025-07-21,1463.7,1477.0,13.3,False,False
T2A7B7C0706,2025-07,2025-07-20,1445.5,1460.8,15.3,False,False
TA2A12750E0,2025-07,2025-07-23,579.8,591.8,12.0,False,False
TCDF5CCF9D1,2025-07,2025-07-25,1762.6,1782.2,19.6,False,False
T136877D852,2025-07,2025-07-22,1197.9,1215.9,18.0,False,False
TD93E7F3525,2025-07,2025-07-25,1280.3,1293.2,12.9,False,True
T9E698DAD97,2025-07,2025-07-25,431.3,450.2,18.9,False,False
TA7CD008CD2,2025-07,2025-07-24,1491.1,1510.3,19.2,False,False
TB5E2F0D295,2025-07,2025-07-20,968.5,980.8,12.3,False,False
T886651EB56,2025-07,2025-07-25,1790.4,1816.8,26.4,False,False
T726E26C014,2025-07,2025-07-21,527.5,533.2,5.7,False,False
T47801013F9,2025-07,2025-07-22,348.8,362.8,14.0,False,False
T7B44E5C01C,2025-07,2025-07-25,1149.3,1154.9,5.6,False,False
T06E1B5C91E,2025-07,2025-07-20,736.8,750.1,13.3,False,False
TBD7AFAA9AB,2025-07,2025-07-22,1282.8,1298.1,15.3,False,False
T3A8AE15DE9,2025-07,2025-07-21,1092.6,1104.4,11.8,False,False
T90FCBE8560,2025-07,2025-07-23,1346.2,1357.0,10.8,False,False
T6B76BCDCC8,2025-07,2025-07-22,1952.9,2012.9,60.0,False,False
T6B61D786E8,2025-07,2025-07-24,1109.0,1119.2,10.2,False,False
TD8B8E83F9D,2025-07,2025-07-24,1427.2,,,False,False
T353F39960E,2025-07,2025-07-24,485.1,493.2,8.1,False,False
TC44518846F,2025-07,2025-07-20,429.6,447.3,17.7,False,False
T3DBD424B8F,2025-07,2025-07-22,670.1,685.8,15.7,False,False
TB8E4E6CA4C,2025-07,2025-07-21,994.8,1035.2,40.4,False,False
T54630B6404,2025-07,2025-07-24,402.2,420.9,18.7,False,False
T71623730B1,2025-07,2025-07-20,1154.2,1165.0,10.8,False,False
T7436A106AE,2025-07,2025-07-21,500.0,500.0,0.0,True,False
T6191B8FD69,2025-07,2025-07-22,1217.1,1227.1,10.0,False,False
TBA7727A83B,2025-07,2025-07-22,539.5,549.2,9.7,False,False
T66B24DDB8C,2025-07,2025-07-20,1695.9,1711.2,15.3,False,False
T0EAA0EDBAF,2025-07,2025-07-22,960.1,960.1,0.0,True,False
TDCBC842E3A,2025-07,2025-07-25,637.1,703.0,65.9,False,True
T305BACE840,2025-07,2025-07-20,860.7,878.1,17.4,False,False
TAD0E244201,2025-07,2025-07-22,1239.5,1262.7,23.2,False,False
T824A68B378,2025-07,2025-07-20,1293.3,1299.3,6.0,False,False
T9F72B39B89,2025-07,2025-07-25,727.0,734.6,7.6,False,False
T0380D1AD85,2025-07,2025-07-21,1157.9,1177.1,19.2,False,False
TD58AFBB420,2025-07,2025-07-25,2141.0,2184.5,43.5,False,False
TB1A6FA6009,2025-07,2025-07-20,428.6,441.2,12.6,False,False
TB95EB354D9,2025-07,2025-07-24,1145.4,1158.8,13.4,False,False
T6EBEC2B9E3,2025-07,2025-07-23,618.3,626.0,7.7,False,False
TCBAFB86C54,2025-07,2025-07-22,1613.3,1624.3,11.0,False,False
T2D884BEE59,2025-07,2025-07-23,1329.8,1349.6,19.8,False,False
T81E3CAC404,2025-07,2025-07-23,1318.5,1338.2,19.7,False,True
TB13246DF04,2025-07,2025-07-25,2195.6,2262.0,66.4,False,False
T38FC29870C,2025-07,2025-07-20,962.5,967.4,4.9,False,False
T0B952300A6,2025-07,2025-07-20,1194.4,1208.4,14.0,False,False
T592EE5AE5A,2025-07,2025-07-22,557.7,573.7,16.0,False,False
T8AB7B992DC,2025-07,2025-07-23,1581.4,1591.4,10.0,False,False
TE13531501B,2025-07,2025-07-21,289.7,303.8,14.1,False,False
T603C6A7DDF,2025-07,2025-07-21,1902.0,1952.0,50.0,False,False
T9B1CF87E17,2025-07,2025-07-22,668.6,685.9,17.3,False,False
T7E47E27FFB,2025-07,2025-07-22,1132.5,1141.6,9.1,False,False
T2FE3E18EED,2025-07,2025-07-20,1085.4,1104.2,18.8,False,False
T518FD2CD05,2025-07,2025-07-23,808.7,825.9,17.2,False,False
TCA03B52F53,2025-07,2025-07-25,401.1,414.5,13.4,False,False
TC97F0C81C8,2025-07,2025-07-20,2363.3,2492.6,129.3,False,False
T5825BB17FC,2025-07,2025-07-25,797.8,839.9,42.1,False,False
TC5E185C6E8,2025-07,2025-07-22,230.5,244.9,14.4,False,False
TEAD9E81003,2025-07,2025-07-22,877.2,890.7,13.5,False,False
TE23D5A574A,2025-07,2025-07-20,910.8,920.4,9.6,False,False
T04048D53A3,2025-07,2025-07-25,700.7,707.5,6.8,False,False
TE1AA9E77A7,2025-07,2025-07-23,949.5,954.6,5.1,False,False
TC54C99BA73,2025-07,2025-07-24,842.6,879.4,36.8,False,False
T013C0F8B57,2025-07,2025-07-21,1394.1,1404.4,10.3,False,False
T3C23C0A42C,2025-07,2025-07-20,1036.3,1059.0,22.7,False,False
TEDB2598366,2025-07,2025-07-21,1217.8,1229.4,11.6,False,False
T03D524AC98,2025-07,2025-07-22,1496.5,1511.9,15.4,False,False
T9B658694D7,2025-07,2025-07-25,689.9,708.6,18.7,False,False
T827DB403EF,2025-07,2025-07-20,1020.6,,,False,False
TD5960FA89C,2025-07,2025-07-22,1164.2,1207.3,43.1,False,True
TEB9CD6778B,2025-07,2025-07-21,1475.2,1487.1,11.9,False,False
TCFB896C903,2025-07,2025-07-25,708.0,719.8,11.8,False,False
T4EBE5132B6,2025-07,2025-07-20,851.9,868.5,16.6,False,False
TD6D7800440,2025-07,2025-07-25,1434.9,1445.4,10.5,False,False
TB1AE49FA20,2025-07,2025-07-21,555.3,567.2,11.9,False,False
TF4940B0970,2025-07,2025-07-22,1149.6,1161.0,11.4,False,False
T6492EC951E,2025-07,2025-07-22,831.8,888.8,57.0,False,False
T5B2FD74A85,2025-07,2025-07-25,1430.1,1455.5,25.4,False,False
TCF1A6CDF80,2025-07,2025-07-25,436.6,456.3,19.7,False,False
TBA965CD37E,2025-07,2025-07-23,325.9,325.9,0.0,True,False
T8917AF33E8,2025-07,2025-07-20,1047.6,1118.6,71.0,False,False
T4F696F6C0E,2025-07,2025-07-23,366.9,381.3,14.4,False,False
TFB9BD0FCA4,2025-07,2025-07-24,1736.2,1776.4,40.2,False,False
T6372E1147F,2025-07,2025-07-25,1078.9,1102.0,23.1,False,False
T8B4FC280C2,2025-07,2025-07-22,474.9,486.1,11.2,False,False
T0AF0DD2FE5,2025-07,2025-07-20,1012.9,1025.3,12.4,False,False
T9BABD62590,2025-07,2025-07-20,1339.4,1384.3,44.9,False,False
TBBD0028CDB,2025-07,2025-07-20,911.7,921.5,9.8,False,False
T30E453AB34,2025-07,2025-07-22,978.3,992.7,14.4,False,False
T7DC59256DC,2025-07,2025-07-20,648.5,681.8,33.3,False,False
TCC371206BC,2025-07,2025-07-25,488.6,500.9,12.3,False,False
TDEF092A4C5,2025-07,2025-07-25,1430.6,1440.6,10.0,False,False
TE13FCEC631,2025-07,2025-07-21,1085.7,1102.9,17.2,False,False
T7C3F6A8162,2025-07,2025-07-25,1426.1,1442.8,16.7,False,False
T0F4A3A74ED,2025-07,2025-07-24,827.5,847.0,19.5,False,False
T5BEF82BC17,2025-07,2025-07-20,1332.5,1343.2,10.7,False,False
T07AC5856A4,2025-07,2025-07-23,628.5,641.8,13.3,False,False
T0185184B59,2025-07,2025-07-23,1182.2,1194.5,12.3,False,False
T79F8E1FAE8,2025-07,2025-07-25,252.8,268.2,15.4,False,False
T4D40D256FE,2025-07,2025-07-25,1079.2,1102.0,22.8,False,False
TE74495FCDD,2025-07,2025-07-25,1533.5,1545.4,11.9,False,False
TAD9ED625D1,2025-07,2025-07-24,1428.5,1441.4,12.9,False,False
TE7328B9E12,2025-07,2025-07-21,619.0,625.1,6.1,False,False
T5FC1C50126,2025-07,2025-07-20,1174.8,1197.1,22.3,False,False
T203C71CAC2,2025-07,2025-07-20,1624.3,1642.8,18.5,False,False
T1D1F227112,2025-07,2025-07-24,723.2,736.0,12.8,False,False
TF62BDC6E96,2025-07,2025-07-24,1623.0,1623.0,0.0,True,False
T5D35014BC6,2025-07,2025-07-21,1605.3,1611.3,6.0,False,False
T9C80DA594D,2025-07,2025-07-22,680.4,689.6,9.2,False,False
T575100FEE6,2025-07,2025-07-25,474.3,496.4,22.1,False,False
TFF833858D4,2025-07,2025-07-22,1624.4,1635.3,10.9,False,False
T44C452513D,2025-07,2025-07-23,806.7,822.8,16.1,False,False
TC11C4F89B7,2025-07,2025-07-23,423.5,444.2,20.7,False,False
T519E11C12F,2025-07,2025-07-24,273.9,285.3,11.4,False,False
T1D1C3809AD,2025-07,2025-07-21,1122.3,1170.9,48.6,False,False
T2F89E8ED6F,2025-07,2025-07-20,1423.0,1439.8,16.8,False,False
TED624C9B29,2025-07,2025-07-23,1388.1,1404.9,16.8,False,False
T80599540B9,2025-07,2025-07-24,435.7,435.7,0.0,True,False
T99F86EAA03,2025-07,2025-07-23,903.8,923.4,19.6,False,False
T48E474E620,2025-07,2025-07-21,1343.7,1361.2,17.5,False,False
T62F138B69F,2025-07,2025-07-25,1407.8,1424.8,17.0,False,False
T0ABCC73F5F,2025-07,2025-07-24,1341.1,1351.0,9.9,False,False
T451A03E5F4,2025-07,2025-07-25,921.0,945.2,24.2,False,False
T28A5C3A212,2025-07,2025-07-24,899.3,910.2,10.9,False,False
T9BF23AC92B,2025-07,2025-07-20,1058.6,1070.9,12.3,False,False
T8D847ABAD5,2025-07,2025-07-24,896.0,896.0,0.0,True,False
T79AD100612,2025-07,2025-07-24,1220.4,1241.3,20.9,False,False
T595C48877B,2025-07,2025-07-24,1105.8,1123.7,17.9,False,False
T7E1F631507,2025-07,2025-07-21,249.2,289.3,40.1,False,True
T7CEE29F570,2025-07,2025-07-25,463.9,476.1,12.2,False,False
TB28F8F08F4,2025-07,2025-07-21,841.3,850.8,9.5,False,False
T741A1119FA,2025-07,2025-07-24,516.9,537.3,20.4,False,False
T26862D1A4A,2025-07,2025-07-21,1913.9,1953.7,39.8,False,False
TCB96D14BFD,2025-07,2025-07-25,693.9,693.9,0.0,True,False
TF07D19AE17,2025-07,2025-07-24,545.9,579.2,33.3,False,False
T7AE1E63696,2025-07,2025-07-22,1478.5,1492.7,14.2,False,False
TEA687BEEC8,2025-07,2025-07-23,513.7,526.3,12.6,False,False
T5C97BD73CE,2025-07,2025-07-24,1611.1,1611.1,0.0,True,False
T64DF103F27,2025-07,2025-07-24,410.9,418.9,8.0,False,False
T962D5133B5,2025-07,2025-07-24,1317.4,1332.1,14.7,False,False
TFAE2AFD636,2025-07,2025-07-24,1439.1,1445.7,6.6,False,False
T8237A9AE83,2025-07,2025-07-20,526.2,544.8,18.6,False,False
T124789ED12,2025-07,2025-07-23,899.4,907.9,8.5,False,False
T77D8F1F07B,2025-07,2025-07-22,1187.8,1238.5,50.7,False,False
T88E01EE6A9,2025-07,2025-07-23,748.4,768.4,20.0,False,False
TCCA2F0E6D1,2025-07,2025-07-20,570.3,583.7,13.4,False,False
TE7C4074532,2025-07,2025-07-25,499.6,530.2,30.6,False,False
TE08ACE6D71,2025-07,2025-07-22,1604.4,1622.2,17.8,False,False
TF5AB4BC37D,2025-07,2025-07-24,579.8,594.5,14.7,False,False
T31A37C291B,2025-07,2025-07-23,213.2,213.2,0.0,True,False
T85072A41C6,2025-07,2025-07-22,1364.7,1377.1,12.4,False,False
T3DB8E8C91B,2025-07,2025-07-21,1091.1,1102.5,11.4,False,False
T1F21C0A526,2025-07,2025-07-24,469.2,492.2,23.0,False,False
TC653350390,2025-07,2025-07-21,1444.6,1458.0,13.4,False,False
TF357DF2C85,2025-07,2025-07-21,734.5,750.8,16.3,False,False
TC2B54F643A,2025-07,2025-07-20,448.7,458.7,10.0,False,False
T62A907AFA1,2025-07,2025-07-21,675.4,682.8,7.4,False,False
T9B926E1A60,2025-07,2025-07-22,885.7,895.0,9.3,False,False
T95A557D58C,2025-07,2025-07-25,2560.3,2720.8,160.5,False,False
T4FD73F8DF8,2025-07,2025-07-23,284.3,292.9,8.6,False,False
TAA9E781779,2025-07,2025-07-23,1172.1,1182.9,10.8,False,False
T5AB667FA59,2025-07,2025-07-20,1340.0,1360.0,20.0,False,False
T2FB8838715,2025-07,2025-07-23,1607.0,1607.0,0.0,True,False
TDC0B728E72,2025-07,2025-07-24,1376.8,1376.8,0.0,True,False
T500E1E73A5,2025-07,2025-07-23,919.1,927.3,8.2,False,False
T518D652731,2025-07,2025-07-25,751.5,765.6,14.1,False,False
T5F78380FF1,2025-07,2025-07-23,934.9,949.1,14.2,False,False
T2269F4C04A,2025-07,2025-07-20,1446.5,1503.7,57.2,False,False
T75D0C6EEF9,2025-07,2025-07-23,2546.3,2680.6,134.3,False,False
T08C84C6180,2025-07,2025-07-22,444.2,463.4,19.2,False,False
TBE3328794F,2025-07,2025-07-25,1079.0,1086.9,7.9,False,False
T7BF732B1D4,2025-07,2025-07-20,1213.6,1227.3,13.7,False,False
T680C591820,2025-07,2025-07-25,1170.8,1177.9,7.1,False,False
T87B30A11CA,2025-07,2025-07-22,1574.7,1585.0,10.3,False,False
T2C69DDD554,2025-07,2025-07-20,1320.6,1320.6,0.0,True,False
TB5DCDB3D2B,2025-07,2025-07-25,1404.0,1410.9,6.9,False,False
TF1BF705581,2025-07,2025-07-21,850.4,871.9,21.5,False,False
T7861C2062B,2025-07,2025-07-24,1900.2,1934.8,34.6,False,False
T3E7A117328,2025-07,2025-07-23,481.6,496.3,14.7,False,False
T626DE7D352,2025-07,2025-07-24,1632.3,1688.4,56.1,False,False
T30CED3EF6B,2025-07,2025-07-20,1128.1,1150.6,22.5,False,False
T6F621D315F,2025-07,2025-07-20,436.6,460.4,23.8,False,False
T5AEAFABEEB,2025-07,2025-07-20,1102.8,1112.1,9.3,False,False
T6E1A658692,2025-07,2025-07-20,721.9,735.5,13.6,False,False
TDFD739AFF7,2025-07,2025-07-25,1485.3,1497.7,12.4,False,False
T0E7497BE87,2025-07,2025-07-22,368.8,377.6,8.8,False,False
T63245D9338,2025-07,2025-07-20,462.2,480.4,18.2,False,False
T2FC1A9FEB9,2025-07,2025-07-20,520.1,534.1,14.0,False,False
TE5572E3B77,2025-07,2025-07-20,1539.2,1539.2,0.0,True,False
T93AE74FC8C,2025-07,2025-07-25,1025.5,1044.2,18.7,False,False
TCE4F3C1854,2025-07,2025-07-20,1909.5,1942.4,32.9,False,False
T623FDA0FEC,2025-07,2025-07-24,922.7,,,False,True
T6FCD9FC327,2025-07,2025-07-22,487.0,493.1,6.1,False,False
T26D49D2B10,2025-07,2025-07-23,1199.8,1258.3,58.5,False,True
T6B0F45148F,2025-07,2025-07-24,1629.8,1723.1,93.3,False,False
T5DA6DABC22,2025-07,2025-07-22,718.1,732.1,14.0,False,False
T4C0FAA9237,2025-07,2025-07-22,1047.1,1070.3,23.2,False,False
T629B85F6AE,2025-07,2025-07-25,1529.8,1544.7,14.9,False,False
TE6221DA147,2025-07,2025-07-21,892.3,905.3,13.0,False,False
T7092CB932F,2025-07,2025-07-20,1463.9,1476.7,12.8,False,False
T38F3AD60D6,2025-07,2025-07-22,547.2,565.0,17.8,False,False
T051D6304AA,2025-07,2025-07-24,1142.2,1150.5,8.3,False,False
T1677509027,2025-07,2025-07-21,589.8,601.9,12.1,False,False
TCE43CAAFDD,2025-07,2025-07-22,1092.1,1100.8,8.7,False,False
TD6051C60DD,2025-07,2025-07-24,1505.6,1541.4,35.8,False,False
TD81C7B0AC7,2025-07,2025-07-20,1590.6,1605.5,14.9,False,False
TEB9B6A4FBC,2025-07,2025-07-22,943.6,960.4,16.8,False,False
T8E67D26322,2025-07,2025-07-21,1740.0,1756.4,16.4,False,False
T0E8259349E,2025-07,2025-07-21,351.3,370.0,18.7,False,False
TEC586A8374,2025-07,2025-07-25,1094.6,1106.5,11.9,False,False
T1E40F3A239,2025-07,2025-07-20,1138.0,,,False,False
T716C530DED,2025-07,2025-07-25,674.0,691.6,17.6,False,False
T7562476AEF,2025-07,2025-07-22,1706.1,1727.3,21.2,False,False
TB460453C4D,2025-07,2025-07-21,382.2,398.1,15.9,False,False
T4A69C0BA6F,2025-07,2025-07-25,643.0,663.5,20.5,False,False
TB3006B8F03,2025-07,2025-07-20,845.0,857.2,12.2,False,False
TED3E393477,2025-07,2025-07-23,1707.0,1726.7,19.7,False,False
TA014F1FF15,2025-07,2025-07-21,1247.5,1263.6,16.1,False,False
T08D24C843D,2025-07,2025-07-24,501.8,501.8,0.0,True,False
T328C38D103,2025-07,2025-07-23,1737.6,1737.6,0.0,True,False
T5D52776F44,2025-07,2025-07-21,508.8,516.0,7.2,False,False
T350C7F0CAD,2025-07,2025-07-20,594.5,605.9,11.4,False,False
TE4BF83F9A5,2025-07,2025-07-22,1565.4,1593.0,27.6,False,False
T363192FB18,2025-07,2025-07-21,1164.6,1178.7,14.1,False,False
TE7D390D6E1,2025-07,2025-07-24,1093.6,1110.9,17.3,False,False
TEAED0D702E,2025-07,2025-07-23,1074.1,1088.2,14.1,False,False
T76D2631BBE,2025-07,2025-07-20,1352.3,1367.2,14.9,False,False
T41D9DAD65E,2025-07,2025-07-24,725.9,739.3,13.4,False,False
T4FB688BCF2,2025-07,2025-07-25,1246.9,1266.8,19.9,False,False
T49C247A691,2025-07,2025-07-20,719.3,735.8,16.5,False,False
TAD97E4B580,2025-07,2025-07-25,280.7,301.3,20.6,False,False
TA6D3C701E5,2025-07,2025-07-25,436.9,451.8,14.9,False,False
T1629374829,2025-07,2025-07-23,955.0,983.4,28.4,False,False
TE380DFCDD5,2025-07,2025-07-21,1238.7,1250.7,12.0,False,False
TC71E645A97,2025-07,2025-07-21,931.0,945.6,14.6,False,False
T3B2D063348,2025-07,2025-07-22,431.4,439.2,7.8,False,False
T6B0703F297,2025-07,2025-07-23,1113.0,1126.4,13.4,False,False
T2442BBD224,2025-07,2025-07-25,781.4,798.4,17.0,False,False
T94AEE9D59A,2025-07,2025-07-24,1086.9,1095.6,8.7,False,False
TC36C8FB548,2025-07,2025-07-20,1472.1,1484.2,12.1,False,False
TEA6C60108F,2025-07,2025-07-23,1803.8,1836.7,32.9,False,False
T5D0DA4A5A3,2025-07,2025-07-23,1003.7,1017.1,13.4,False,False
TCE2F3968A5,2025-07,2025-07-22,1054.3,1068.1,13.8,False,False
T3290CE40ED,2025-07,2025-07-25,1588.1,1605.2,17.1,False,False
TFF800A383C,2025-07,2025-07-25,1206.3,1216.5,10.2,False,False
T43D369AD4F,2025-07,2025-07-24,850.0,861.3,11.3,False,False
T2558B25F4A,2025-07,2025-07-21,231.2,246.5,15.3,False,False
TF2D53B5266,2025-07,2025-07-25,1515.9,1532.6,16.7,False,False
T46E626FB09,2025-07,2025-07-24,384.0,409.0,25.0,False,False
T7E0A59EC74,2025-07,2025-07-20,435.3,442.7,7.4,False,False
TDB77C6E5BA,2025-07,2025-07-21,680.5,691.1,10.6,False,False
TB2420A8657,2025-07,2025-07-21,1202.8,1209.4,6.6,False,False
TB1246EBDB6,2025-07,2025-07-21,677.1,682.9,5.8,False,False
T8C8BD1D187,2025-07,2025-07-20,1425.9,1447.0,21.1,False,False
T9A87FD75BB,2025-07,2025-07-24,630.2,645.5,15.3,False,False
T7220DB253B,2025-07,2025-07-21,816.0,835.0,19.0,False,False
T024582A041,2025-07,2025-07-20,1606.6,1627.8,21.2,False,False
TA3D7EB0EB6,2025-07,2025-07-23,1413.3,1415.1,1.8,False,False
T980F08905D,2025-07,2025-07-20,1431.3,1440.4,9.1,False,False
T0070991C4A,2025-07,2025-07-24,496.1,509.9,13.8,False,False
TE62F9D24A2,2025-07,2025-07-25,902.3,918.4,16.1,False,False
T660F58D22C,2025-07,2025-07-20,1389.3,1407.9,18.6,False,False
TC9C59FD3C0,2025-07,2025-07-21,1476.2,1488.0,11.8,False,False
TC85BCF4679,2025-07,2025-07-22,801.0,801.0,0.0,True,False
T711A4FB3DC,2025-07,2025-07-21,1334.5,1343.0,8.5,False,False
TDA01857472,2025-07,2025-07-20,699.8,707.3,7.5,False,False
T593C7D2F36,2025-07,2025-07-21,1002.2,1012.0,9.8,False,False
TAD1B3ECAF6,2025-07,2025-07-24,888.9,909.8,20.9,False,False
T62DB418771,2025-08,2025-08-21,1348.2,1373.9,25.7,False,False
T516D296A99,2025-08,2025-08-24,843.5,851.7,8.2,False,False
TF6199DECCB,2025-08,2025-08-20,1536.1,1536.1,0.0,True,False
TBFDD3649BD,2025-08,2025-08-24,1498.9,1513.3,14.4,False,False
T1A8F7C05C9,2025-08,2025-08-21,1321.9,1330.0,8.1,False,False
T6B4FC6C7C6,2025-08,2025-08-23,909.2,930.0,20.8,False,False
T6EE7490E19,2025-08,2025-08-20,1582.4,1597.5,15.1,False,False
T771EC6B537,2025-08,2025-08-20,945.1,950.3,5.2,False,False
TA87CD37475,2025-08,2025-08-23,574.2,596.6,22.4,False,False
T00048F12E2,2025-08,2025-08-23,252.1,259.6,7.5,False,False
TDE3B85E449,2025-08,2025-08-24,1204.0,1220.0,16.0,False,False
TDFD5EF1E2B,2025-08,2025-08-21,815.5,827.8,12.3,False,False
T6BE1C12D07,2025-08,2025-08-21,2695.8,2800.5,104.7,False,False
TE17C7596F7,2025-08,2025-08-23,373.2,388.4,15.2,False,False
TF0590D064A,2025-08,2025-08-24,615.7,626.1,10.4,False,False
T0201C8273D,2025-08,2025-08-20,525.8,535.9,10.1,False,False
T416D725964,2025-08,2025-08-24,1314.6,1314.6,0.0,True,False
T592985E849,2025-08,2025-08-24,508.7,535.0,26.3,False,False
T8CFD079CB6,2025-08,2025-08-22,1711.4,1723.0,11.6,False,False
TD10A6EDCA0,2025-08,2025-08-24,1103.2,1127.7,24.5,False,False
T0CE7987E4B,2025-08,2025-08-21,1494.6,1573.9,79.3,False,False
T0F12629295,2025-08,2025-08-24,421.8,425.5,3.7,False,False
T7833B36159,2025-08,2025-08-20,818.9,836.3,17.4,False,False
T997FF51E88,2025-08,2025-08-24,925.1,935.1,10.0,False,False
TB0AFAFC426,2025-08,2025-08-25,2267.0,2311.0,44.0,False,False
T4B2228F178,2025-08,2025-08-21,753.2,770.0,16.8,False,False
T5D1D63651A,2025-08,2025-08-24,536.6,553.7,17.1,False,False
T005A9CE174,2025-08,2025-08-24,1392.3,1402.6,10.3,False,False
T0E572DDC2C,2025-08,2025-08-25,1132.9,1140.8,7.9,False,False
T6B4C3EB33E,2025-08,2025-08-21,1379.3,1383.1,3.8,False,False
T98621FD0F2,2025-08,2025-08-20,2488.2,2588.1,99.9,False,False
TCED7759D69,2025-08,2025-08-20,1464.3,1481.1,16.8,False,False
T148BA00559,2025-08,2025-08-23,1432.6,1454.9,22.3,False,False
T8EF8382AF5,2025-08,2025-08-21,1641.4,1651.8,10.4,False,False
T294140BCEC,2025-08,2025-08-22,573.1,573.1,0.0,True,False
T2B4ECE5F7A,2025-08,2025-08-24,546.0,546.0,0.0,True,False
TFCDB644B38,2025-08,2025-08-22,519.1,541.6,22.5,False,False
TF46C85CB55,2025-08,2025-08-24,723.4,731.1,7.7,False,False
T635E7348B0,2025-08,2025-08-20,578.2,594.3,16.1,False,False
TD950C1321E,2025-08,2025-08-25,492.1,506.9,14.8,False,False
T79F7CA1313,2025-08,2025-08-20,322.8,328.8,6.0,False,False
T1890D0D69D,2025-08,2025-08-24,956.1,964.3,8.2,False,False
T92ED6C6BBC,2025-08,2025-08-25,519.8,526.0,6.2,False,False
T1A234D637E,2025-08,2025-08-23,1306.7,1319.9,13.2,False,False
T0FA07C2AE6,2025-08,2025-08-25,420.4,427.8,7.4,False,False
T85D9327E38,2025-08,2025-08-21,1484.1,1493.7,9.6,False,False
T9B2220E701,2025-08,2025-08-23,1226.3,1244.9,18.6,False,False
T75AE25B236,2025-08,2025-08-25,1017.4,1030.0,12.6,False,False
T85C4B9E9BD,2025-08,2025-08-24,1243.7,1252.4,8.7,False,False
TAAC46C752C,2025-08,2025-08-25,1568.1,1572.4,4.3,False,False
TB5ABA37301,2025-08,2025-08-20,1091.8,1111.5,19.7,False,False
TDB1931905E,2025-08,2025-08-22,1095.2,1106.0,10.8,False,False
T8A79BCF725,2025-08,2025-08-22,1347.2,1352.1,4.9,False,False
T1383BC162C,2025-08,2025-08-25,1712.8,1725.0,12.2,False,False
TE3F34F661C,2025-08,2025-08-22,1653.5,1723.3,69.8,False,False
T945DF5CC73,2025-08,2025-08-21,1152.2,1159.6,7.4,False,False
T89289351AD,2025-08,2025-08-23,1304.3,1320.8,16.5,False,False
T3C6A8E589D,2025-08,2025-08-23,650.8,674.6,23.8,False,False
T9EDB41553F,2025-08,2025-08-20,304.3,312.0,7.7,False,False
T39FECD2D40,2025-08,2025-08-25,965.1,983.5,18.4,False,False
T393F331539,2025-08,2025-08-25,507.2,520.9,13.7,False,False
T44E572D176,2025-08,2025-08-24,581.9,600.7,18.8,False,False
T6A0C9518A5,2025-08,2025-08-24,1358.0,1368.3,10.3,False,False
T6F6C091F32,2025-08,2025-08-23,1478.0,1491.6,13.6,False,False
T0A7DFC3903,2025-08,2025-08-23,1606.6,1630.2,23.6,False,False
T4CA807AAAE,2025-08,2025-08-23,787.7,825.7,38.0,False,False
T292B036CC6,2025-08,2025-08-23,1051.2,1068.9,17.7,False,False
TF252236170,2025-08,2025-08-25,297.6,314.8,17.2,False,False
T47A88C447A,2025-08,2025-08-22,792.9,800.2,7.3,False,False
T29274E7656,2025-08,2025-08-21,480.2,495.9,15.7,False,False
TF94B3B4CEA,2025-08,2025-08-21,741.0,759.2,18.2,False,False
TD79C86593F,2025-08,2025-08-24,1203.5,1222.2,18.7,False,False
T042B2178D1,2025-08,2025-08-23,378.2,396.0,17.8,False,False
TE9E2B18053,2025-08,2025-08-24,1271.9,1335.0,63.1,False,False
T80D9A080BE,2025-08,2025-08-25,2271.0,2313.7,42.7,False,False
T580C1D0E5A,2025-08,2025-08-23,1275.9,1314.0,38.1,False,False
T262047037E,2025-08,2025-08-25,668.6,682.4,13.8,False,False
T997FBB56CB,2025-08,2025-08-20,1588.4,1598.9,10.5,False,False
T488907BADA,2025-08,2025-08-24,701.4,730.0,28.6,False,False
T959B664297,2025-08,2025-08-25,239.1,250.7,11.6,False,False
TCE4FA87780,2025-08,2025-08-20,1375.9,1385.4,9.5,False,False
T6A6F416B64,2025-08,2025-08-24,1184.7,1198.1,13.4,False,False
T5C22EC11B8,2025-08,2025-08-22,1323.3,1366.6,43.3,False,False
T132EB7CE2B,2025-08,2025-08-20,1272.8,1284.8,12.0,False,False
T011F73020E,2025-08,2025-08-22,1291.1,1306.6,15.5,False,False
T0197678D11,2025-08,2025-08-20,1142.4,1171.5,29.1,False,False
TBA58CFEBC6,2025-08,2025-08-21,1738.1,1763.2,25.1,False,False
T78A401EEAD,2025-08,2025-08-21,440.8,462.2,21.4,False,False
TE33F90B286,2025-08,2025-08-24,486.7,499.1,12.4,False,False
T761C9E26E6,2025-08,2025-08-22,418.4,459.8,41.4,False,True
T65187CE62C,2025-08,2025-08-21,1080.3,1116.7,36.4,False,False
T6DD4962896,2025-08,2025-08-24,400.7,412.8,12.1,False,False
T57E5EAB9B8,2025-08,2025-08-21,1179.0,1198.2,19.2,False,False
T0D1C506545,2025-08,2025-08-22,941.3,952.8,11.5,False,False
T16385BC409,2025-08,2025-08-20,383.4,393.8,10.4,False,False
T703E749B16,2025-08,2025-08-20,862.7,862.7,0.0,True,False
TE03815B898,2025-08,2025-08-21,1669.5,1669.5,0.0,True,False
T5EDC8CD764,2025-08,2025-08-20,1211.1,1221.3,10.2,False,False
T8A0E42EA46,2025-08,2025-08-21,1337.2,1352.0,14.8,False,False
T58E4665FE8,2025-08,2025-08-23,553.8,577.3,23.5,False,False
T45A3829C6C,2025-08,2025-08-22,409.9,429.0,19.1,False,False
T0F2B41D96D,2025-08,2025-08-21,618.3,647.8,29.5,False,False
T45E4DAC832,2025-08,2025-08-20,906.4,915.3,8.9,False,False
TB308B5DC7A,2025-08,2025-08-21,1282.1,1300.6,18.5,False,False
T5A52BDFD5B,2025-08,2025-08-20,1268.0,1268.0,0.0,True,False
T3B6195226D,2025-08,2025-08-20,669.8,683.3,13.5,False,False
TEF3ACC364D,2025-08,2025-08-25,249.9,259.9,10.0,False,False
T0E3944E1C7,2025-08,2025-08-23,1564.6,1575.9,11.3,False,False
TC5E02C2AE1,2025-08,2025-08-25,945.5,951.6,6.1,False,False
T9C181CA6B2,2025-08,2025-08-25,878.1,891.6,13.5,False,False
T46D0D9FE06,2025-08,2025-08-22,1070.5,1082.7,12.2,False,False
T3763EE0258,2025-08,2025-08-23,399.7,409.5,9.8,False,False
TB6793708AF,2025-08,2025-08-20,888.4,897.0,8.6,False,False
T02BF3919B7,2025-08,2025-08-23,1331.2,1342.2,11.0,False,False
T61903D0C08,2025-08,2025-08-20,539.8,547.7,7.9,False,False
T1540962193,2025-08,2025-08-24,1337.5,1407.1,69.6,False,False
TE8DF4BFC62,2025-08,2025-08-24,1957.8,1995.9,38.1,False,False
T97A5E4F98E,2025-08,2025-08-25,1363.9,1376.2,12.3,False,False
TB2B631F6DE,2025-08,2025-08-22,253.0,264.8,11.8,False,False
TFD4476DD46,2025-08,2025-08-24,918.6,936.0,17.4,False,False
T63AE43B763,2025-08,2025-08-25,1140.7,1176.9,36.2,False,False
TF7E0F3ADFA,2025-08,2025-08-22,598.3,601.0,2.7,False,False
T9F3D4A99A8,2025-08,2025-08-25,1043.7,1049.3,5.6,False,False
T3AF0CA5142,2025-08,2025-08-21,1446.7,1495.3,48.6,False,False
T525C93E294,2025-08,2025-08-20,362.0,374.1,12.1,False,False
TA60FF3309B,2025-08,2025-08-23,1296.2,1307.9,11.7,False,False
T6230F0F81A,2025-08,2025-08-22,312.5,323.8,11.3,False,False
T486DC7662A,2025-08,2025-08-21,3678.8,3850.2,171.4,False,False
T0DD0FDF0BD,2025-08,2025-08-20,819.4,837.3,17.9,False,False
T81EEF6FCD3,2025-08,2025-08-25,904.9,914.4,9.5,False,False
T6269371CAA,2025-08,2025-08-24,1468.4,1479.1,10.7,False,False
TF7BDB30AC3,2025-08,2025-08-25,884.5,914.6,30.1,False,False
TC1EBE75CAC,2025-08,2025-08-22,1166.9,1185.2,18.3,False,False
T0A0805FB46,2025-08,2025-08-24,1814.4,1814.4,0.0,True,False
T7C1EBC3C4C,2025-08,2025-08-23,602.9,623.9,21.0,False,False
TFB5558315C,2025-08,2025-08-24,386.9,403.6,16.7,False,False
T4D34DCD6FE,2025-08,2025-08-24,855.4,873.1,17.7,False,False
T8F2163E1AC,2025-08,2025-08-21,1699.7,1724.9,25.2,False,False
T6D36EEA27E,2025-08,2025-08-23,331.5,347.0,15.5,False,False
TD718599337,2025-08,2025-08-24,1324.7,1356.1,31.4,False,False
TACFC1D584E,2025-08,2025-08-20,1442.6,1462.9,20.3,False,False
TE1CE4D9E5A,2025-08,2025-08-24,460.1,476.0,15.9,False,False
TEEB9050E6F,2025-08,2025-08-20,931.8,951.2,19.4,False,False
T266175A7E1,2025-08,2025-08-24,1616.0,1636.1,20.1,False,False
T188F8436EB,2025-08,2025-08-22,561.0,570.8,9.8,False,False
TBF5EF4019A,2025-08,2025-08-24,924.2,931.8,7.6,False,False
TF8038E3438,2025-08,2025-08-23,797.8,808.6,10.8,False,False
T14A35B501D,2025-08,2025-08-23,1340.8,1369.7,28.9,False,False
TACA1F6575E,2025-08,2025-08-25,179.6,194.2,14.6,False,False
T425CF74F89,2025-08,2025-08-23,988.9,990.9,2.0,False,False
T7E561E41DF,2025-08,2025-08-22,1688.6,1705.0,16.4,False,False
TAE21909B09,2025-08,2025-08-22,663.2,675.3,12.1,False,False
TA49FD77129,2025-08,2025-08-22,1352.9,1386.6,33.7,False,False
T83C53CBDE3,2025-08,2025-08-24,993.8,1010.0,16.2,False,False
T8989E9F3E0,2025-08,2025-08-23,1288.9,1309.8,20.9,False,False
T0E868A3F47,2025-08,2025-08-24,1743.3,1763.1,19.8,False,False
TAA4A146A6F,2025-08,2025-08-25,1012.9,1023.5,10.6,False,False
T929701588B,2025-08,2025-08-24,666.5,673.5,7.0,False,False
TCBA87E8F93,2025-08,2025-08-25,1627.6,1639.0,11.4,False,False
T71B2CE98BC,2025-08,2025-08-25,1739.1,1758.4,19.3,False,False
T3104E606FB,2025-08,2025-08-25,1649.4,1661.8,12.4,False,False
TC9C584B8EF,2025-08,2025-08-25,692.3,702.4,10.1,False,False
T42EAACA5A6,2025-08,2025-08-20,569.5,583.0,13.5,False,False
T27CD292019,2025-08,2025-08-23,1623.2,1642.9,19.7,False,False
T2631941D4D,2025-08,2025-08-25,1733.3,1748.0,14.7,False,False
TD6D0D046B5,2025-08,2025-08-25,452.1,459.2,7.1,False,False
T930BCF26DA,2025-08,2025-08-23,1615.4,1630.8,15.4,False,False
T7A263D97A8,2025-08,2025-08-20,423.0,423.0,0.0,True,False
T84CC232045,2025-08,2025-08-20,1124.5,1135.6,11.1,False,False
T1F7089E5B3,2025-08,2025-08-21,1414.2,1414.2,0.0,True,False
T6DD01C39D7,2025-08,2025-08-21,1421.1,1453.4,32.3,False,False
TE3814F5946,2025-08,2025-08-21,1179.9,1188.0,8.1,False,False
T260F6D657D,2025-08,2025-08-25,1697.0,1710.1,13.1,False,False
TF9F158A927,2025-08,2025-08-20,904.4,916.3,11.9,False,False
T2A78E596A5,2025-08,2025-08-20,704.2,721.3,17.1,False,False
T48829C6681,2025-08,2025-08-22,848.3,864.8,16.5,False,False
T5446AB5D4F,2025-08,2025-08-22,1471.3,1482.2,10.9,False,False
T6FEE2A0A85,2025-08,2025-08-21,426.3,426.3,0.0,True,False
T37BA3005AD,2025-08,2025-08-22,1308.0,1326.7,18.7,False,False
T599538981A,2025-08,2025-08-25,1469.7,1521.2,51.5,False,False
TC1FE3D7E79,2025-08,2025-08-21,1262.6,1262.6,0.0,True,False
TAB633F4546,2025-08,2025-08-22,416.4,431.0,14.6,False,False
TEF123948C4,2025-08,2025-08-24,696.5,706.7,10.2,False,False
T50EA3E30B0,2025-08,2025-08-24,1229.6,1240.5,10.9,False,False
T10E8B50E63,2025-08,2025-08-24,1490.9,1520.9,30.0,False,False
T75445AB825,2025-08,2025-08-20,1268.1,1278.9,10.8,False,False
T9AEC04CEE6,2025-08,2025-08-23,322.6,333.4,10.8,False,False
TE59C7E0558,2025-08,2025-08-24,493.3,500.9,7.6,False,False
T017F5CC857,2025-08,2025-08-25,1544.2,1563.9,19.7,False,False
T5740214D00,2025-08,2025-08-25,499.5,504.6,5.1,False,False
TA54FDBC969,2025-08,2025-08-22,1196.1,1232.3,36.2,False,False
T79348D1D8C,2025-08,2025-08-24,1058.3,1122.0,63.7,False,False
T0C38B9638D,2025-08,2025-08-22,1139.1,1159.0,19.9,False,False
TF8CD7DEDDA,2025-08,2025-08-21,894.4,908.6,14.2,False,False
TD4AA44C620,2025-08,2025-08-22,863.2,886.3,23.1,False,False
TBA22021045,2025-08,2025-08-22,1118.4,1161.5,43.1,False,False
TAE4991C39A,2025-08,2025-08-21,1622.1,1638.6,16.5,False,False
T926427EC22,2025-08,2025-08-24,796.3,810.2,13.9,False,False
T03F3726F54,2025-08,2025-08-22,1075.1,1085.8,10.7,False,False
T9C5C1B51E6,2025-08,2025-08-21,410.0,431.8,21.8,False,False
TAB67F85714,2025-08,2025-08-24,1758.8,1758.8,0.0,True,False
T021E4A2B45,2025-08,2025-08-25,688.8,701.7,12.9,False,False
T9C284C6EDE,2025-08,2025-08-25,1618.8,1634.0,15.2,False,False
TE5AE06739E,2025-08,2025-08-25,331.4,331.4,0.0,True,False
T01F422D988,2025-08,2025-08-22,1629.6,1642.1,12.5,False,False
T812E69DF24,2025-08,2025-08-20,1319.2,1377.7,58.5,False,False
T1753290875,2025-08,2025-08-24,1552.5,1567.6,15.1,False,False
T6453265506,2025-08,2025-08-20,2874.1,2989.6,115.5,False,False
T3DCE54CBCD,2025-08,2025-08-20,331.2,339.1,7.9,False,False
T25A59C1230,2025-08,2025-08-25,436.4,457.2,20.8,False,False
T7149DBE7E7,2025-08,2025-08-23,1221.9,1255.3,33.4,False,False
T17B01CE93D,2025-08,2025-08-24,1477.0,1489.6,12.6,False,False
T2A7B7C0706,2025-08,2025-08-23,1460.8,1477.1,16.3,False,False
TA2A12750E0,2025-08,2025-08-21,591.8,602.9,11.1,False,False
TCDF5CCF9D1,2025-08,2025-08-24,1782.2,1802.8,20.6,False,False
T136877D852,2025-08,2025-08-23,1215.9,1238.1,22.2,False,False
TD93E7F3525,2025-08,2025-08-21,1293.2,1293.2,0.0,True,True
T9E698DAD97,2025-08,2025-08-22,450.2,462.1,11.9,False,False
TA7CD008CD2,2025-08,2025-08-24,1510.3,1536.7,26.4,False,False
TB5E2F0D295,2025-08,2025-08-25,980.8,992.1,11.3,False,False
T886651EB56,2025-08,2025-08-24,1816.8,1837.5,20.7,False,False
T726E26C014,2025-08,2025-08-25,533.2,540.5,7.3,False,False
T47801013F9,2025-08,2025-08-22,362.8,379.9,17.1,False,False
T7B44E5C01C,2025-08,2025-08-23,1154.9,1160.1,5.2,False,False
T06E1B5C91E,2025-08,2025-08-20,750.1,760.5,10.4,False,False
TBD7AFAA9AB,2025-08,2025-08-20,1298.1,341.2665824301923,17.5,False,False
T3A8AE15DE9,2025-08,2025-08-24,1104.4,1112.8,8.4,False,False
T90FCBE8560,2025-08,2025-08-23,1357.0,1357.0,0.0,True,False
T6B76BCDCC8,2025-08,2025-08-22,2012.9,2070.9,58.0,False,False
T6B61D786E8,2025-08,2025-08-22,1119.2,1130.0,10.8,False,False
TD8B8E83F9D,2025-08,2025-08-25,1441.0,1458.2,17.2,False,False
T353F39960E,2025-08,2025-08-20,493.2,500.6,7.4,False,False
TC44518846F,2025-08,2025-08-20,447.3,461.2,13.9,False,False
T3DBD424B8F,2025-08,2025-08-25,685.8,696.4,10.6,False,False
TB8E4E6CA4C,2025-08,2025-08-20,1035.2,1035.2,0.0,True,False
T54630B6404,2025-08,2025-08-25,420.9,436.0,15.1,False,False
T71623730B1,2025-08,2025-08-20,1165.0,1179.7,14.7,False,False
T7436A106AE,2025-08,2025-08-21,500.0,508.6,8.6,False,False
T6191B8FD69,2025-08,2025-08-25,1227.1,1237.3,10.2,False,False
TBA7727A83B,2025-08,2025-08-25,549.2,556.6,7.4,False,False
T66B24DDB8C,2025-08,2025-08-24,1711.2,1723.8,12.6,False,False
T0EAA0EDBAF,2025-08,2025-08-23,960.1,960.1,0.0,True,False
TDCBC842E3A,2025-08,2025-08-24,703.0,725.9,22.9,False,False
T305BACE840,2025-08,2025-08-22,878.1,890.7,12.6,False,False
TAD0E244201,2025-08,2025-08-24,1262.7,1279.9,17.2,False,False
T824A68B378,2025-08,2025-08-22,1299.3,1303.1,3.8,False,False
T9F72B39B89,2025-08,2025-08-25,734.6,744.5,9.9,False,False
T0380D1AD85,2025-08,2025-08-24,1177.1,1194.4,17.3,False,False
TD58AFBB420,2025-08,2025-08-23,2184.5,2245.0,60.5,False,False
TB1A6FA6009,2025-08,2025-08-21,441.2,452.5,11.3,False,False
TB95EB354D9,2025-08,2025-08-23,1158.8,1179.3,20.5,False,False
T6EBEC2B9E3,2025-08,2025-08-24,626.0,637.3,11.3,False,False
TCBAFB86C54,2025-08,2025-08-21,1624.3,1632.4,8.1,False,False
T2D884BEE59,2025-08,2025-08-21,1349.6,1364.6,15.0,False,False
T81E3CAC404,2025-08,2025-08-20,1338.2,1364.1,25.9,False,True
TB13246DF04,2025-08,2025-08-20,2262.0,2314.0,52.0,False,False
T38FC29870C,2025-08,2025-08-21,967.4,974.0,6.6,False,False
T0B952300A6,2025-08,2025-08-21,1208.4,1223.8,15.4,False,False
T592EE5AE5A,2025-08,2025-08-22,573.7,588.6,14.9,False,False
T8AB7B992DC,2025-08,2025-08-25,1591.4,1598.7,7.3,False,False
TE13531501B,2025-08,2025-08-22,303.8,313.4,9.6,False,False
T603C6A7DDF,2025-08,2025-08-20,1952.0,2000.9,48.9,False,False
T9B1CF87E17,2025-08,2025-08-21,685.9,705.9,20.0,False,False
T7E47E27FFB,2025-08,2025-08-25,1141.6,1153.9,12.3,False,False
T2FE3E18EED,2025-08,2025-08-24,1104.2,1120.4,16.2,False,False
T518FD2CD05,2025-08,2025-08-25,825.9,838.9,13.0,False,False
TCA03B52F53,2025-08,2025-08-20,414.5,426.2,11.7,False,False
TC97F0C81C8,2025-08,2025-08-21,2492.6,2594.7,102.1,False,False
T5825BB17FC,2025-08,2025-08-22,839.9,884.1,44.2,False,False
TC5E185C6E8,2025-08,2025-08-21,244.9,255.5,10.6,False,False
TEAD9E81003,2025-08,2025-08-23,890.7,907.3,16.6,False,False
TE23D5A574A,2025-08,2025-08-20,920.4,931.1,10.7,False,False
T04048D53A3,2025-08,2025-08-24,707.5,713.6,6.1,False,False
TE1AA9E77A7,2025-08,2025-08-25,954.6,954.6,0.0,True,False
TC54C99BA73,2025-08,2025-08-23,879.4,917.1,37.7,False,False
T013C0F8B57,2025-08,2025-08-24,1404.4,1413.4,9.0,False,False
T3C23C0A42C,2025-08,2025-08-23,1059.0,1076.2,17.2,False,False
TEDB2598366,2025-08,2025-08-20,1229.4,1240.0,10.6,False,False
T03D524AC98,2025-08,2025-08-21,1511.9,1522.0,10.1,False,False
T9B658694D7,2025-08,2025-08-21,708.6,733.1,24.5,False,False
T827DB403EF,2025-08,2025-08-20,1023.2,1025.5,2.3,False,False
TD5960FA89C,2025-08,2025-08-21,1207.3,1207.3,0.0,True,True
TEB9CD6778B,2025-08,2025-08-23,1487.1,1501.7,14.6,False,False
TCFB896C903,2025-08,2025-08-20,719.8,729.9,10.1,False,False
T4EBE5132B6,2025-08,2025-08-20,868.5,881.4,12.9,False,False
TD6D7800440,2025-08,2025-08-20,1445.4,1452.5,7.1,False,False
TB1AE49FA20,2025-08,2025-08-23,567.2,573.6,6.4,False,False
TF4940B0970,2025-08,2025-08-21,1161.0,1174.1,13.1,False,False
T6492EC951E,2025-08,2025-08-20,888.8,930.0,41.2,False,False
T5B2FD74A85,2025-08,2025-08-24,1455.5,1477.8,22.3,False,False
TCF1A6CDF80,2025-08,2025-08-25,456.3,472.7,16.4,False,False
TBA965CD37E,2025-08,2025-08-23,325.9,337.2,11.3,False,False
T8917AF33E8,2025-08,2025-08-20,1118.6,1178.5,59.9,False,False
T4F696F6C0E,2025-08,2025-08-22,381.3,396.4,15.1,False,False
TFB9BD0FCA4,2025-08,2025-08-21,1776.4,1803.6,27.2,False,False
T6372E1147F,2025-08,2025-08-23,1102.0,1119.4,17.4,False,False
T8B4FC280C2,2025-08,2025-08-25,486.1,496.2,10.1,False,False
T0AF0DD2FE5,2025-08,2025-08-23,1025.3,1035.5,10.2,False,False
T9BABD62590,2025-08,2025-08-25,1384.3,1419.4,35.1,False,False
TBBD0028CDB,2025-08,2025-08-23,921.5,933.2,11.7,False,False
T30E453AB34,2025-08,2025-08-21,992.7,1002.5,9.8,False,False
T7DC59256DC,2025-08,2025-08-23,681.8,715.7,33.9,False,False
TCC371206BC,2025-08,2025-08-24,500.9,515.6,14.7,False,False
TDEF092A4C5,2025-08,2025-08-23,1440.6,1449.4,8.8,False,False
TE13FCEC631,2025-08,2025-08-21,1102.9,1122.9,20.0,False,False
T7C3F6A8162,2025-08,2025-08-24,1442.8,1463.3,20.5,False,False
T0F4A3A74ED,2025-08,2025-08-22,847.0,862.1,15.1,False,False
T5BEF82BC17,2025-08,2025-08-22,1343.2,1356.8,13.6,False,False
T07AC5856A4,2025-08,2025-08-22,641.8,653.2,11.4,False,False
T0185184B59,2025-08,2025-08-22,1194.5,1207.8,13.3,False,False
T79F8E1FAE8,2025-08,2025-08-23,268.2,281.6,13.4,False,False
T4D40D256FE,2025-08,2025-08-24,1102.0,1128.5,26.5,False,False
TE74495FCDD,2025-08,2025-08-25,1545.4,1554.4,9.0,False,False
TAD9ED625D1,2025-08,2025-08-21,1441.4,1457.0,15.6,False,False
TE7328B9E12,2025-08,2025-08-25,625.1,631.0,5.9,False,False
T5FC1C50126,2025-08,2025-08-24,1197.1,1223.7,26.6,False,False
T203C71CAC2,2025-08,2025-08-21,1642.8,1664.4,21.6,False,False
T1D1F227112,2025-08,2025-08-24,736.0,750.4,14.4,False,False
TF62BDC6E96,2025-08,2025-08-24,1623.0,1638.0,15.0,False,False
T5D35014BC6,2025-08,2025-08-25,1611.3,1616.3,5.0,False,False
T9C80DA594D,2025-08,2025-08-24,689.6,698.0,8.4,False,False
T575100FEE6,2025-08,2025-08-23,496.4,529.3,32.9,False,False
TFF833858D4,2025-08,2025-08-25,1635.3,1646.2,10.9,False,False
T44C452513D,2025-08,2025-08-22,822.8,838.3,15.5,False,False
TC11C4F89B7,2025-08,2025-08-22,444.2,465.0,20.8,False,False
T519E11C12F,2025-08,2025-08-24,285.3,298.6,13.3,False,False
T1D1C3809AD,2025-08,2025-08-23,1170.9,1209.6,38.7,False,False
T2F89E8ED6F,2025-08,2025-08-21,1439.8,1459.2,19.4,False,False
TED624C9B29,2025-08,2025-08-22,1404.9,1422.4,17.5,False,False
T80599540B9,2025-08,2025-08-20,435.7,459.2,23.5,False,False
T99F86EAA03,2025-08,2025-08-24,923.4,944.6,21.2,False,False
T48E474E620,2025-08,2025-08-22,1361.2,1376.0,14.8,False,False
T62F138B69F,2025-08,2025-08-21,1424.8,1438.7,13.9,False,False
T0ABCC73F5F,2025-08,2025-08-22,1351.0,1361.2,10.2,False,False
T451A03E5F4,2025-08,2025-08-23,945.2,984.0,38.8,False,False
T28A5C3A212,2025-08,2025-08-24,910.2,920.5,10.3,False,False
T9BF23AC92B,2025-08,2025-08-23,1070.9,1084.3,13.4,False,False
T8D847ABAD5,2025-08,2025-08-22,896.0,904.0,8.0,False,False
T79AD100612,2025-08,2025-08-23,1241.3,1260.0,18.7,False,False
T595C48877B,2025-08,2025-08-25,1123.7,1140.4,16.7,False,False
T7E1F631507,2025-08,2025-08-21,289.3,333.3,44.0,False,True
T7CEE29F570,2025-08,2025-08-20,476.1,486.6,10.5,False,False
TB28F8F08F4,2025-08,2025-08-22,850.8,850.8,0.0,True,False
T741A1119FA,2025-08,2025-08-23,537.3,557.4,20.1,False,False
T26862D1A4A,2025-08,2025-08-24,1953.7,1991.9,38.2,False,False
TCB96D14BFD,2025-08,2025-08-21,693.9,705.1,11.2,False,False
TF07D19AE17,2025-08,2025-08-24,579.2,616.5,37.3,False,False
T7AE1E63696,2025-08,2025-08-24,1492.7,1503.9,11.2,False,False
TEA687BEEC8,2025-08,2025-08-24,526.3,540.1,13.8,False,False
T5C97BD73CE,2025-08,2025-08-22,1611.1,1626.1,15.0,False,False
T64DF103F27,2025-08,2025-08-22,418.9,428.5,9.6,False,False
T962D5133B5,2025-08,2025-08-22,1332.1,1350.8,18.7,False,False
TFAE2AFD636,2025-08,2025-08-24,1445.7,1453.4,7.7,False,False
T8237A9AE83,2025-08,2025-08-25,544.8,559.4,14.6,False,False
T124789ED12,2025-08,2025-08-21,907.9,917.2,9.3,False,False
T77D8F1F07B,2025-08,2025-08-21,1238.5,1276.2,37.7,False,False
T88E01EE6A9,2025-08,2025-08-22,768.4,783.7,15.3,False,False
TCCA2F0E6D1,2025-08,2025-08-24,583.7,597.8,14.1,False,False
TE7C4074532,2025-08,2025-08-21,530.2,554.9,24.7,False,False
TE08ACE6D71,2025-08,2025-08-21,1622.2,1647.0,24.8,False,False
TF5AB4BC37D,2025-08,2025-08-21,594.5,612.2,17.7,False,False
T31A37C291B,2025-08,2025-08-21,213.2,228.0,14.8,False,False
T85072A41C6,2025-08,2025-08-20,1377.1,1387.6,10.5,False,False
T3DB8E8C91B,2025-08,2025-08-23,1102.5,1111.2,8.7,False,False
T1F21C0A526,2025-08,2025-08-20,492.2,505.4,13.2,False,False
TC653350390,2025-08,2025-08-21,1458.0,1473.5,15.5,False,False
TF357DF2C85,2025-08,2025-08-20,750.8,769.2,18.4,False,False
TC2B54F643A,2025-08,2025-08-24,458.7,468.2,9.5,False,False
T62A907AFA1,2025-08,2025-08-25,682.8,694.5,11.7,False,False
T9B926E1A60,2025-08,2025-08-23,895.0,895.0,0.0,True,False
T95A557D58C,2025-08,2025-08-25,2720.8,2902.0,181.2,False,False
T4FD73F8DF8,2025-08,2025-08-21,292.9,303.5,10.6,False,False
TAA9E781779,2025-08,2025-08-25,1182.9,1192.0,9.1,False,False
T5AB667FA59,2025-08,2025-08-20,1360.0,1386.6,26.6,False,False
T2FB8838715,2025-08,2025-08-21,1607.0,1607.0,0.0,True,False
TDC0B728E72,2025-08,2025-08-21,1376.8,1445.7,68.9,False,False
T500E1E73A5,2025-08,2025-08-24,927.3,936.0,8.7,False,False
T518D652731,2025-08,2025-08-22,765.6,788.2,22.6,False,False
T5F78380FF1,2025-08,2025-08-22,949.1,962.6,13.5,False,False
T2269F4C04A,2025-08,2025-08-23,1503.7,1544.5,40.8,False,False
T75D0C6EEF9,2025-08,2025-08-24,2680.6,2797.7,117.1,False,False
T08C84C6180,2025-08,2025-08-22,463.4,483.3,19.9,False,False
TBE3328794F,2025-08,2025-08-24,1086.9,1094.4,7.5,False,False
T7BF732B1D4,2025-08,2025-08-20,1227.3,1240.5,13.2,False,False
T680C591820,2025-08,2025-08-20,1177.9,1183.2,5.3,False,False
T87B30A11CA,2025-08,2025-08-25,1585.0,1585.0,0.0,True,False
T2C69DDD554,2025-08,2025-08-20,1320.6,1358.4,37.8,False,False
TB5DCDB3D2B,2025-08,2025-08-25,1410.9,1416.8,5.9,False,False
TF1BF705581,2025-08,2025-08-21,871.9,893.3,21.4,False,False
T7861C2062B,2025-08,2025-08-23,1934.8,1964.4,29.6,False,False
T3E7A117328,2025-08,2025-08-21,496.3,510.9,14.6,False,False
T626DE7D352,2025-08,2025-08-23,1688.4,1740.5,52.1,False,False
T30CED3EF6B,2025-08,2025-08-20,1150.6,1167.1,16.5,False,False
T6F621D315F,2025-08,2025-08-25,460.4,479.9,19.5,False,False
T5AEAFABEEB,2025-08,2025-08-25,1112.1,1126.3,14.2,False,False
T6E1A658692,2025-08,2025-08-22,735.5,753.4,17.9,False,False
TDFD739AFF7,2025-08,2025-08-21,1497.7,1509.5,11.8,False,False
T0E7497BE87,2025-08,2025-08-23,377.6,387.8,10.2,False,False
T63245D9338,2025-08,2025-08-20,480.4,506.6,26.2,False,False
T2FC1A9FEB9,2025-08,2025-08-22,534.1,550.9,16.8,False,False
TE5572E3B77,2025-08,2025-08-25,1539.2,1545.8,6.6,False,False
T93AE74FC8C,2025-08,2025-08-22,1044.2,1059.9,15.7,False,False
TCE4F3C1854,2025-08,2025-08-24,1942.4,1967.5,25.1,False,False
T623FDA0FEC,2025-08,2025-08-21,975.5,992.5,17.0,False,False
T6FCD9FC327,2025-08,2025-08-21,493.1,498.2,5.1,False,False
T26D49D2B10,2025-08,2025-08-25,1258.3,1321.8,63.5,False,True
T6B0F45148F,2025-08,2025-08-23,1723.1,1814.6,91.5,False,False
T5DA6DABC22,2025-08,2025-08-24,732.1,748.4,16.3,False,False
T4C0FAA9237,2025-08,2025-08-25,1070.3,1089.2,18.9,False,False
T629B85F6AE,2025-08,2025-08-24,1544.7,1559.6,14.9,False,False
TE6221DA147,2025-08,2025-08-25,905.3,916.0,10.7,False,False
T7092CB932F,2025-08,2025-08-23,1476.7,1491.3,14.6,False,False
T38F3AD60D6,2025-08,2025-08-23,565.0,588.9,23.9,False,False
T051D6304AA,2025-08,2025-08-24,1150.5,1161.6,11.1,False,False
T1677509027,2025-08,2025-08-23,601.9,624.3,22.4,False,False
TCE43CAAFDD,2025-08,2025-08-25,1100.8,1111.6,10.8,False,False
TD6051C60DD,2025-08,2025-08-24,1541.4,1564.8,23.4,False,False
TD81C7B0AC7,2025-08,2025-08-21,1605.5,1617.7,12.2,False,False
TEB9B6A4FBC,2025-08,2025-08-24,960.4,975.0,14.6,False,False
T8E67D26322,2025-08,2025-08-22,1756.4,1780.6,24.2,False,False
T0E8259349E,2025-08,2025-08-20,370.0,384.9,14.9,False,False
TEC586A8374,2025-08,2025-08-22,1106.5,1117.4,10.9,False,False
T1E40F3A239,2025-08,2025-08-21,1149.0,1160.7,11.7,False,False
T716C530DED,2025-08,2025-08-25,691.6,706.3,14.7,False,False
T7562476AEF,2025-08,2025-08-22,1727.3,1748.8,21.5,False,False
TB460453C4D,2025-08,2025-08-23,398.1,415.7,17.6,False,False
T4A69C0BA6F,2025-08,2025-08-25,663.5,682.7,19.2,False,False
TB3006B8F03,2025-08,2025-08-25,857.2,868.9,11.7,False,False
TED3E393477,2025-08,2025-08-20,1726.7,1747.7,21.0,False,False
TA014F1FF15,2025-08,2025-08-24,1263.6,1277.4,13.8,False,False
T08D24C843D,2025-08,2025-08-25,501.8,517.2,15.4,False,False
T328C38D103,2025-08,2025-08-23,1737.6,1751.7,14.1,False,False
T5D52776F44,2025-08,2025-08-24,516.0,523.7,7.7,False,False
T350C7F0CAD,2025-08,2025-08-23,605.9,616.0,10.1,False,False
TE4BF83F9A5,2025-08,2025-08-21,1593.0,1627.3,34.3,False,False
T363192FB18,2025-08,2025-08-21,1178.7,1200.1,21.4,False,False
TE7D390D6E1,2025-08,2025-08-23,1110.9,1110.9,0.0,True,False
TEAED0D702E,2025-08,2025-08-22,1088.2,1106.9,18.7,False,False
T76D2631BBE,2025-08,2025-08-25,1367.2,1379.9,12.7,False,False
T41D9DAD65E,2025-08,2025-08-23,739.3,750.2,10.9,False,False
T4FB688BCF2,2025-08,2025-08-22,1266.8,1285.0,18.2,False,False
T49C247A691,2025-08,2025-08-22,735.8,750.4,14.6,False,False
TAD97E4B580,2025-08,2025-08-20,301.3,316.5,15.2,False,False
TA6D3C701E5,2025-08,2025-08-20,451.8,466.5,14.7,False,False
T1629374829,2025-08,2025-08-20,983.4,1015.1,31.7,False,False
TE380DFCDD5,2025-08,2025-08-23,1250.7,1267.4,16.7,False,False
TC71E645A97,2025-08,2025-08-24,945.6,959.5,13.9,False,False
T3B2D063348,2025-08,2025-08-25,439.2,444.8,5.6,False,False
T6B0703F297,2025-08,2025-08-23,1126.4,1139.7,13.3,False,False
T2442BBD224,2025-08,2025-08-24,798.4,811.8,13.4,False,False
T94AEE9D59A,2025-08,2025-08-20,1095.6,1104.9,9.3,False,False
TC36C8FB548,2025-08,2025-08-24,1484.2,1494.0,9.8,False,False
TEA6C60108F,2025-08,2025-08-24,1836.7,1880.9,44.2,False,False
T5D0DA4A5A3,2025-08,2025-08-23,1017.1,1035.3,18.2,False,False
TCE2F3968A5,2025-08,2025-08-20,1068.1,1084.2,16.1,False,False
T3290CE40ED,2025-08,2025-08-23,1605.2,1619.9,14.7,False,False
TFF800A383C,2025-08,2025-08-22,1216.5,1228.7,12.2,False,False
T43D369AD4F,2025-08,2025-08-22,861.3,874.8,13.5,False,False
T2558B25F4A,2025-08,2025-08-23,246.5,257.6,11.1,False,False
TF2D53B5266,2025-08,2025-08-25,1532.6,1545.6,13.0,False,False
T46E626FB09,2025-08,2025-08-20,409.0,427.3,18.3,False,False
T7E0A59EC74,2025-08,2025-08-20,442.7,450.0,7.3,False,False
TDB77C6E5BA,2025-08,2025-08-20,691.1,701.9,10.8,False,False
TB2420A8657,2025-08,2025-08-24,1209.4,1216.5,7.1,False,False
TB1246EBDB6,2025-08,2025-08-21,682.9,687.3,4.4,False,False
T8C8BD1D187,2025-08,2025-08-24,1447.0,1465.6,18.6,False,False
T9A87FD75BB,2025-08,2025-08-23,645.5,662.9,17.4,False,False
T7220DB253B,2025-08,2025-08-20,835.0,852.6,17.6,False,False
T024582A041,2025-08,2025-08-21,1627.8,1653.5,25.7,False,False
TA3D7EB0EB6,2025-08,2025-08-23,1415.1,1416.7,1.6,False,False
T980F08905D,2025-08,2025-08-24,1440.4,1451.9,11.5,False,False
T0070991C4A,2025-08,2025-08-22,509.9,525.9,16.0,False,False
TE62F9D24A2,2025-08,2025-08-24,918.4,938.1,19.7,False,False
T660F58D22C,2025-08,2025-08-20,1407.9,1424.0,16.1,False,False
TC9C59FD3C0,2025-08,2025-08-23,1488.0,1501.2,13.2,False,False
TC85BCF4679,2025-08,2025-08-25,801.0,821.6,20.6,False,False
T711A4FB3DC,2025-08,2025-08-25,1343.0,1353.1,10.1,False,False
TDA01857472,2025-08,2025-08-23,707.3,712.4,5.1,False,False
T593C7D2F36,2025-08,2025-08-20,1012.0,1021.3,9.3,False,False
TAD1B3ECAF6,2025-08,2025-08-23,909.8,929.2,19.4,False,False
T62DB418771,2025-09,2025-09-21,1373.9,,,False,False
T516D296A99,2025-09,2025-09-21,851.7,859.2,7.5,False,False
TF6199DECCB,2025-09,2025-09-22,1536.1,1569.8,33.7,False,False
TBFDD3649BD,2025-09,2025-09-23,1513.3,1526.6,13.3,False,False
T1A8F7C05C9,2025-09,2025-09-25,1330.0,1338.5,8.5,False,False
T6B4FC6C7C6,2025-09,2025-09-22,930.0,954.3,24.3,False,False
T6EE7490E19,2025-09,2025-09-24,1597.5,1609.4,11.9,False,False
T771EC6B537,2025-09,2025-09-23,950.3,954.1,3.8,False,False
TA87CD37475,2025-09,2025-09-21,596.6,618.8,22.2,False,False
T00048F12E2,2025-09,2025-09-25,259.6,269.0,9.4,False,False
TDE3B85E449,2025-09,2025-09-21,1220.0,1240.2,20.2,False,False
TDFD5EF1E2B,2025-09,2025-09-23,827.8,827.8,0.0,True,False
T6BE1C12D07,2025-09,2025-09-25,2800.5,2918.7,118.2,False,False
TE17C7596F7,2025-09,2025-09-21,388.4,401.2,12.8,False,False
TF0590D064A,2025-09,2025-09-21,626.1,636.8,10.7,False,False
T0201C8273D,2025-09,2025-09-23,535.9,545.3,9.4,False,False
T416D725964,2025-09,2025-09-24,1314.6,1328.0,13.4,False,False
T592985E849,2025-09,2025-09-22,535.0,560.9,25.9,False,False
T8CFD079CB6,2025-09,2025-09-24,1723.0,1734.6,11.6,False,False
TD10A6EDCA0,2025-09,2025-09-21,1127.7,1149.6,21.9,False,False
T0CE7987E4B,2025-09,2025-09-25,1573.9,1634.3,60.4,False,False
T0F12629295,2025-09,2025-09-20,425.5,429.5,4.0,False,False
T7833B36159,2025-09,2025-09-22,836.3,858.5,22.2,False,False
T997FF51E88,2025-09,2025-09-20,935.1,944.0,8.9,False,False
TB0AFAFC426,2025-09,2025-09-24,2311.0,2348.3,37.3,False,False
T4B2228F178,2025-09,2025-09-23,770.0,786.3,16.3,False,False
T5D1D63651A,2025-09,2025-09-23,553.7,574.4,20.7,False,False
T005A9CE174,2025-09,2025-09-20,1402.6,1411.3,8.7,False,False
T0E572DDC2C,2025-09,2025-09-25,1140.8,1152.6,11.8,False,False
T6B4C3EB33E,2025-09,2025-09-23,1383.1,1388.0,4.9,False,False
T98621FD0F2,2025-09,2025-09-22,2588.1,2678.2,90.1,False,False
TCED7759D69,2025-09,2025-09-24,1481.1,1495.1,14.0,False,False
T148BA00559,2025-09,2025-09-20,1454.9,1472.2,17.3,False,False
T8EF8382AF5,2025-09,2025-09-24,1651.8,1664.6,12.8,False,False
T294140BCEC,2025-09,2025-09-21,573.1,598.2,25.1,False,False
T2B4ECE5F7A,2025-09,2025-09-22,546.0,563.3,17.3,False,False
TFCDB644B38,2025-09,2025-09-20,541.6,559.1,17.5,False,False
TF46C85CB55,2025-09,2025-09-24,731.1,731.1,0.0,True,False
T635E7348B0,2025-09,2025-09-22,594.3,612.6,18.3,False,False
TD950C1321E,2025-09,2025-09-24,506.9,522.3,15.4,False,False
T79F7CA1313,2025-09,2025-09-23,328.8,334.1,5.3,False,False
T1890D0D69D,2025-09,2025-09-24,964.3,976.9,12.6,False,False
T92ED6C6BBC,2025-09,2025-09-25,526.0,531.2,5.2,False,False
T1A234D637E,2025-09,2025-09-20,1319.9,1335.2,15.3,False,False
T0FA07C2AE6,2025-09,2025-09-20,427.8,433.4,5.6,False,False
T85D9327E38,2025-09,2025-09-22,1493.7,1506.2,12.5,False,False
T9B2220E701,2025-09,2025-09-22,1244.9,1265.9,21.0,False,False
T75AE25B236,2025-09,2025-09-23,1030.0,1042.4,12.4,False,False
T85C4B9E9BD,2025-09,2025-09-25,1252.4,1259.5,7.1,False,False
TAAC46C752C,2025-09,2025-09-24,1572.4,,,False,False
TB5ABA37301,2025-09,2025-09-24,1111.5,1126.9,15.4,False,False
TDB1931905E,2025-09,2025-09-20,1106.0,1114.4,8.4,False,False
T8A79BCF725,2025-09,2025-09-21,1352.1,1356.3,4.2,False,False
T1383BC162C,2025-09,2025-09-25,1725.0,1738.1,13.1,False,False
TE3F34F661C,2025-09,2025-09-25,1723.3,1764.2,40.9,False,False
T945DF5CC73,2025-09,2025-09-24,1159.6,1166.7,7.1,False,False
T89289351AD,2025-09,2025-09-24,1320.8,1334.2,13.4,False,False
T3C6A8E589D,2025-09,2025-09-20,674.6,698.7,24.1,False,False
T9EDB41553F,2025-09,2025-09-24,312.0,319.6,7.6,False,False
T39FECD2D40,2025-09,2025-09-22,983.5,1004.4,20.9,False,False
T393F331539,2025-09,2025-09-25,520.9,533.7,12.8,False,False
T44E572D176,2025-09,2025-09-24,600.7,,,False,False
T6A0C9518A5,2025-09,2025-09-25,1368.3,1380.7,12.4,False,False
T6F6C091F32,2025-09,2025-09-24,1491.6,1500.9,9.3,False,False
T0A7DFC3903,2025-09,2025-09-22,1630.2,1644.7,14.5,False,False
T4CA807AAAE,2025-09,2025-09-20,825.7,869.2,43.5,False,False
T292B036CC6,2025-09,2025-09-20,1068.9,,,False,False
TF252236170,2025-09,2025-09-23,314.8,333.5,18.7,False,False
T47A88C447A,2025-09,2025-09-20,800.2,808.7,8.5,False,False
T29274E7656,2025-09,2025-09-22,495.9,509.6,13.7,False,False
TF94B3B4CEA,2025-09,2025-09-21,759.2,773.4,14.2,False,False
TD79C86593F,2025-09,2025-09-23,1222.2,1236.9,14.7,False,False
T042B2178D1,2025-09,2025-09-23,396.0,412.0,16.0,False,False
TE9E2B18053,2025-09,2025-09-22,1335.0,1383.2,48.2,False,False
T80D9A080BE,2025-09,2025-09-24,2313.7,2349.5,35.8,False,False
T580C1D0E5A,2025-09,2025-09-24,1314.0,1375.2,61.2,False,False
T262047037E,2025-09,2025-09-22,682.4,693.6,11.2,False,False
T997FBB56CB,2025-09,2025-09-22,1598.9,1611.7,12.8,False,False
T488907BADA,2025-09,2025-09-20,730.0,752.3,22.3,False,False
T959B664297,2025-09,2025-09-23,250.7,264.8,14.1,False,False
TCE4FA87780,2025-09,2025-09-23,1385.4,1396.0,10.6,False,False
T6A6F416B64,2025-09,2025-09-23,1198.1,1212.2,14.1,False,False
T5C22EC11B8,2025-09,2025-09-24,1366.6,1407.2,40.6,False,False
T132EB7CE2B,2025-09,2025-09-20,1284.8,1300.7,15.9,False,False
T011F73020E,2025-09,2025-09-23,1306.6,1326.6,20.0,False,False
T0197678D11,2025-09,2025-09-21,1171.5,1200.2,28.7,False,False
TBA58CFEBC6,2025-09,2025-09-21,1763.2,1787.2,24.0,False,False
T78A401EEAD,2025-09,2025-09-23,462.2,479.4,17.2,False,False
TE33F90B286,2025-09,2025-09-23,499.1,512.0,12.9,False,False
T761C9E26E6,2025-09,2025-09-22,459.8,486.7,26.9,False,True
T65187CE62C,2025-09,2025-09-20,1116.7,1156.3,39.6,False,False
T6DD4962896,2025-09,2025-09-24,412.8,422.9,10.1,False,False
T57E5EAB9B8,2025-09,2025-09-25,1198.2,1207.6,9.4,False,False
T0D1C506545,2025-09,2025-09-25,952.8,964.5,11.7,False,False
T16385BC409,2025-09,2025-09-25,393.8,401.9,8.1,False,False
T703E749B16,2025-09,2025-09-25,862.7,876.6,13.9,False,False
TE03815B898,2025-09,2025-09-23,1669.5,1686.3,16.8,False,False
T5EDC8CD764,2025-09,2025-09-25,1221.3,1233.3,12.0,False,False
T8A0E42EA46,2025-09,2025-09-25,1352.0,1361.8,9.8,False,False
T58E4665FE8,2025-09,2025-09-25,577.3,596.8,19.5,False,False
T45A3829C6C,2025-09,2025-09-23,429.0,443.9,14.9,False,False
T0F2B41D96D,2025-09,2025-09-22,647.8,680.0,32.2,False,False
T45E4DAC832,2025-09,2025-09-25,915.3,928.8,13.5,False,False
TB308B5DC7A,2025-09,2025-09-21,1300.6,1314.1,13.5,False,False
T5A52BDFD5B,2025-09,2025-09-23,1268.0,1275.9,7.9,False,False
T3B6195226D,2025-09,2025-09-24,683.3,692.8,9.5,False,False
TEF3ACC364D,2025-09,2025-09-25,259.9,272.3,12.4,False,False
T0E3944E1C7,2025-09,2025-09-23,1575.9,1589.5,13.6,False,False
TC5E02C2AE1,2025-09,2025-09-24,951.6,958.5,6.9,False,False
T9C181CA6B2,2025-09,2025-09-20,891.6,911.8,20.2,False,False
T46D0D9FE06,2025-09,2025-09-24,1082.7,1094.6,11.9,False,False
T3763EE0258,2025-09,2025-09-25,409.5,409.5,0.0,True,False
TB6793708AF,2025-09,2025-09-21,897.0,907.9,10.9,False,False
T02BF3919B7,2025-09,2025-09-22,1342.2,1354.8,12.6,False,False
T61903D0C08,2025-09,2025-09-23,547.7,559.7,12.0,False,False
T1540962193,2025-09,2025-09-25,1407.1,1499.7,92.6,False,False
TE8DF4BFC62,2025-09,2025-09-23,1995.9,2035.4,39.5,False,False
T97A5E4F98E,2025-09,2025-09-20,1376.2,1392.6,16.4,False,False
TB2B631F6DE,2025-09,2025-09-23,264.8,279.5,14.7,False,False
TFD4476DD46,2025-09,2025-09-23,936.0,963.2,27.2,False,False
T63AE43B763,2025-09,2025-09-21,1176.9,1198.6,21.7,False,False
TF7E0F3ADFA,2025-09,2025-09-25,601.0,604.1,3.1,False,False
T9F3D4A99A8,2025-09,2025-09-22,1049.3,1053.4,4.1,False,False
T3AF0CA5142,2025-09,2025-09-23,1495.3,1495.3,0.0,True,False
T525C93E294,2025-09,2025-09-24,374.1,380.0,5.9,False,False
TA60FF3309B,2025-09,2025-09-22,1307.9,1321.0,13.1,False,False
T6230F0F81A,2025-09,2025-09-25,323.8,334.7,10.9,False,False
T486DC7662A,2025-09,2025-09-22,3850.2,4084.8,234.6,False,False
T0DD0FDF0BD,2025-09,2025-09-22,837.3,850.6,13.3,False,False
T81EEF6FCD3,2025-09,2025-09-24,914.4,925.3,10.9,False,False
T6269371CAA,2025-09,2025-09-25,1479.1,1487.5,8.4,False,False
TF7BDB30AC3,2025-09,2025-09-21,914.6,938.1,23.5,False,False
TC1EBE75CAC,2025-09,2025-09-24,1185.2,1200.1,14.9,False,False
T0A0805FB46,2025-09,2025-09-24,1814.4,1835.8,21.4,False,False
T7C1EBC3C4C,2025-09,2025-09-21,623.9,623.9,0.0,True,False
TFB5558315C,2025-09,2025-09-25,403.6,418.3,14.7,False,False
T4D34DCD6FE,2025-09,2025-09-22,873.1,889.1,16.0,False,False
T8F2163E1AC,2025-09,2025-09-22,1724.9,1757.1,32.2,False,False
T6D36EEA27E,2025-09,2025-09-25,347.0,361.5,14.5,False,False
TD718599337,2025-09,2025-09-25,1356.1,1395.4,39.3,False,False
TACFC1D584E,2025-09,2025-09-22,1462.9,1489.2,26.3,False,False
TE1CE4D9E5A,2025-09,2025-09-22,476.0,486.2,10.2,False,False
TEEB9050E6F,2025-09,2025-09-25,951.2,951.2,0.0,True,False
T266175A7E1,2025-09,2025-09-24,1636.1,1661.7,25.6,False,False
T188F8436EB,2025-09,2025-09-21,570.8,,,False,False
TBF5EF4019A,2025-09,2025-09-21,931.8,939.7,7.9,False,False
TF8038E3438,2025-09,2025-09-25,808.6,817.7,9.1,False,False
T14A35B501D,2025-09,2025-09-23,1369.7,1394.9,25.2,False,False
TACA1F6575E,2025-09,2025-09-24,194.2,206.6,12.4,False,False
T425CF74F89,2025-09,2025-09-22,990.9,992.2,1.3,False,False
T7E561E41DF,2025-09,2025-09-23,1705.0,1721.8,16.8,False,False
TAE21909B09,2025-09,2025-09-25,675.3,690.0,14.7,False,False
TA49FD77129,2025-09,2025-09-21,1386.6,1386.6,0.0,True,False
T83C53CBDE3,2025-09,2025-09-20,1010.0,1034.7,24.7,False,False
T8989E9F3E0,2025-09,2025-09-22,1309.8,1335.1,25.3,False,False
T0E868A3F47,2025-09,2025-09-22,1763.1,1782.0,18.9,False,False
TAA4A146A6F,2025-09,2025-09-23,1023.5,1038.6,15.1,False,False
T929701588B,2025-09,2025-09-22,673.5,679.5,6.0,False,False
TCBA87E8F93,2025-09,2025-09-21,1639.0,1654.1,15.1,False,False
T71B2CE98BC,2025-09,2025-09-22,1758.4,1786.2,27.8,False,False
T3104E606FB,2025-09,2025-09-25,1661.8,1675.9,14.1,False,False
TC9C584B8EF,2025-09,2025-09-25,702.4,715.3,12.9,False,False
T42EAACA5A6,2025-09,2025-09-21,583.0,583.0,0.0,True,False
T27CD292019,2025-09,2025-09-20,1642.9,1664.7,21.8,False,False
T2631941D4D,2025-09,2025-09-25,1748.0,1765.3,17.3,False,False
TD6D0D046B5,2025-09,2025-09-25,459.2,467.3,8.1,False,False
T930BCF26DA,2025-09,2025-09-22,1630.8,1651.7,20.9,False,False
T7A263D97A8,2025-09,2025-09-22,423.0,441.4,18.4,False,False
T84CC232045,2025-09,2025-09-20,1135.6,1147.9,12.3,False,False
T1F7089E5B3,2025-09,2025-09-20,1414.2,1433.2,19.0,False,False
T6DD01C39D7,2025-09,2025-09-21,1453.4,1486.0,32.6,False,False
TE3814F5946,2025-09,2025-09-25,1188.0,1194.7,6.7,False,False
T260F6D657D,2025-09,2025-09-21,1710.1,1724.4,14.3,False,False
TF9F158A927,2025-09,2025-09-21,916.3,929.1,12.8,False,False
T2A78E596A5,2025-09,2025-09-21,721.3,740.7,19.4,False,False
T48829C6681,2025-09,2025-09-20,864.8,880.3,15.5,False,False
T5446AB5D4F,2025-09,2025-09-22,1482.2,1493.1,10.9,False,False
T6FEE2A0A85,2025-09,2025-09-24,426.3,435.7,9.4,False,False
T37BA3005AD,2025-09,2025-09-21,1326.7,1346.3,19.6,False,False
T599538981A,2025-09,2025-09-25,1521.2,1570.7,49.5,False,False
TC1FE3D7E79,2025-09,2025-09-22,1262.6,1278.8,16.2,False,False
TAB633F4546,2025-09,2025-09-25,431.0,446.5,15.5,False,False
TEF123948C4,2025-09,2025-09-25,706.7,715.4,8.7,False,False
T50EA3E30B0,2025-09,2025-09-25,1240.5,1248.8,8.3,False,False
T10E8B50E63,2025-09,2025-09-20,1520.9,1554.0,33.1,False,False
T75445AB825,2025-09,2025-09-20,1278.9,1291.6,12.7,False,False
T9AEC04CEE6,2025-09,2025-09-20,333.4,340.6,7.2,False,False
TE59C7E0558,2025-09,2025-09-22,500.9,510.3,9.4,False,False
T017F5CC857,2025-09,2025-09-25,1563.9,1584.1,20.2,False,False
T5740214D00,2025-09,2025-09-20,504.6,509.0,4.4,False,False
TA54FDBC969,2025-09,2025-09-24,1232.3,1264.5,32.2,False,False
T79348D1D8C,2025-09,2025-09-24,1122.0,1181.9,59.9,False,False
T0C38B9638D,2025-09,2025-09-20,1159.0,1181.0,22.0,False,False
TF8CD7DEDDA,2025-09,2025-09-21,908.6,927.8,19.2,False,False
TD4AA44C620,2025-09,2025-09-25,886.3,905.5,19.2,False,False
TBA22021045,2025-09,2025-09-22,1161.5,1215.8,54.3,False,False
TAE4991C39A,2025-09,2025-09-24,1638.6,1653.7,15.1,False,False
T926427EC22,2025-09,2025-09-22,810.2,824.5,14.3,False,False
T03F3726F54,2025-09,2025-09-25,1085.8,1096.9,11.1,False,False
T9C5C1B51E6,2025-09,2025-09-20,431.8,451.5,19.7,False,False
TAB67F85714,2025-09,2025-09-24,1758.8,1775.6,16.8,False,False
T021E4A2B45,2025-09,2025-09-25,701.7,713.0,11.3,False,False
T9C284C6EDE,2025-09,2025-09-22,1634.0,1651.8,17.8,False,False
TE5AE06739E,2025-09,2025-09-21,331.4,344.9,13.5,False,False
T01F422D988,2025-09,2025-09-20,1642.1,1652.0,9.9,False,False
T812E69DF24,2025-09,2025-09-20,1377.7,1434.4,56.7,False,False
T1753290875,2025-09,2025-09-24,1567.6,1580.1,12.5,False,False
T6453265506,2025-09,2025-09-24,2989.6,3074.9,85.3,False,False
T3DCE54CBCD,2025-09,2025-09-20,339.1,345.8,6.7,False,False
T25A59C1230,2025-09,2025-09-23,457.2,482.8,25.6,False,False
T7149DBE7E7,2025-09,2025-09-21,1255.3,1288.7,33.4,False,False
T17B01CE93D,2025-09,2025-09-23,1489.6,1501.9,12.3,False,False
T2A7B7C0706,2025-09,2025-09-22,1477.1,1477.1,0.0,True,False
TA2A12750E0,2025-09,2025-09-23,602.9,614.2,11.3,False,False
TCDF5CCF9D1,2025-09,2025-09-24,1802.8,1819.6,16.8,False,False
T136877D852,2025-09,2025-09-25,1238.1,1254.6,16.5,False,False
TD93E7F3525,2025-09,2025-09-20,1293.2,1312.7,19.5,False,True
T9E698DAD97,2025-09,2025-09-22,462.1,476.0,13.9,False,False
TA7CD008CD2,2025-09,2025-09-24,1536.7,1553.4,16.7,False,False
TB5E2F0D295,2025-09,2025-09-23,992.1,1004.8,12.7,False,False
T886651EB56,2025-09,2025-09-20,1837.5,1860.7,23.2,False,False
T726E26C014,2025-09,2025-09-24,540.5,546.6,6.1,False,False
T47801013F9,2025-09,2025-09-22,379.9,392.7,12.8,False,False
T7B44E5C01C,2025-09,2025-09-24,1160.1,1163.6,3.5,False,False
T06E1B5C91E,2025-09,2025-09-24,760.5,768.3,7.8,False,False
TBD7AFAA9AB,2025-09,2025-09-25,1315.6,1327.3,11.7,False,False
T3A8AE15DE9,2025-09,2025-09-22,1112.8,1124.1,11.3,False,False
T90FCBE8560,2025-09,2025-09-21,1357.0,1367.8,10.8,False,False
T6B76BCDCC8,2025-09,2025-09-22,2070.9,2115.0,44.1,False,False
T6B61D786E8,2025-09,2025-09-22,1130.0,1140.7,10.7,False,False
TD8B8E83F9D,2025-09,2025-09-22,1458.2,1458.2,0.0,True,False
T353F39960E,2025-09,2025-09-22,500.6,507.8,7.2,False,False
TC44518846F,2025-09,2025-09-25,461.2,461.2,0.0,True,False
T3DBD424B8F,2025-09,2025-09-25,696.4,707.4,11.0,False,False
TB8E4E6CA4C,2025-09,2025-09-21,1035.2,1078.8,43.6,False,False
T54630B6404,2025-09,2025-09-21,436.0,456.7,20.7,False,False
T71623730B1,2025-09,2025-09-25,1179.7,1193.2,13.5,False,False
T7436A106AE,2025-09,2025-09-20,508.6,518.9,10.3,False,False
T6191B8FD69,2025-09,2025-09-24,1237.3,1246.9,9.6,False,False
TBA7727A83B,2025-09,2025-09-20,556.6,567.8,11.2,False,False
T66B24DDB8C,2025-09,2025-09-25,1723.8,1736.7,12.9,False,False
T0EAA0EDBAF,2025-09,2025-09-20,960.1,990.2,30.1,False,False
TDCBC842E3A,2025-09,2025-09-21,725.9,750.2,24.3,False,False
T305BACE840,2025-09,2025-09-24,890.7,904.0,13.3,False,False
TAD0E244201,2025-09,2025-09-25,1279.9,1298.3,18.4,False,False
T824A68B378,2025-09,2025-09-23,1303.1,1307.4,4.3,False,False
T9F72B39B89,2025-09,2025-09-23,744.5,744.5,0.0,True,False
T0380D1AD85,2025-09,2025-09-24,1194.4,1211.7,17.3,False,False
TD58AFBB420,2025-09,2025-09-21,2245.0,2301.6,56.6,False,False
TB1A6FA6009,2025-09,2025-09-23,452.5,465.0,12.5,False,False
TB95EB354D9,2025-09,2025-09-22,1179.3,1202.7,23.4,False,False
T6EBEC2B9E3,2025-09,2025-09-25,637.3,644.8,7.5,False,False
TCBAFB86C54,2025-09,2025-09-23,1632.4,1643.0,10.6,False,False
T2D884BEE59,2025-09,2025-09-22,1364.6,1387.2,22.6,False,False
T81E3CAC404,2025-09,2025-09-20,1364.1,1384.8,20.7,False,True
TB13246DF04,2025-09,2025-09-22,2314.0,2355.1,41.1,False,False
T38FC29870C,2025-09,2025-09-23,974.0,983.2,9.2,False,False
T0B952300A6,2025-09,2025-09-21,1223.8,1239.5,15.7,False,False
T592EE5AE5A,2025-09,2025-09-22,588.6,600.7,12.1,False,False
T8AB7B992DC,2025-09,2025-09-22,1598.7,1611.2,12.5,False,False
TE13531501B,2025-09,2025-09-25,313.4,326.6,13.2,False,False
T603C6A7DDF,2025-09,2025-09-25,2000.9,2052.3,51.4,False,False
T9B1CF87E17,2025-09,2025-09-24,705.9,721.4,15.5,False,False
T7E47E27FFB,2025-09,2025-09-25,1153.9,1164.9,11.0,False,False
T2FE3E18EED,2025-09,2025-09-24,1120.4,1138.0,17.6,False,False
T518FD2CD05,2025-09,2025-09-22,838.9,854.8,15.9,False,False
TCA03B52F53,2025-09,2025-09-25,426.2,440.0,13.8,False,False
TC97F0C81C8,2025-09,2025-09-22,2594.7,2594.7,0.0,True,False
T5825BB17FC,2025-09,2025-09-20,884.1,927.8,43.7,False,False
TC5E185C6E8,2025-09,2025-09-24,255.5,266.9,11.4,False,False
TEAD9E81003,2025-09,2025-09-25,907.3,921.5,14.2,False,False
TE23D5A574A,2025-09,2025-09-23,931.1,941.7,10.6,False,False
T04048D53A3,2025-09,2025-09-21,713.6,719.1,5.5,False,False
TE1AA9E77A7,2025-09,2025-09-22,954.6,958.7,4.1,False,False
TC54C99BA73,2025-09,2025-09-22,917.1,946.1,29.0,False,False
T013C0F8B57,2025-09,2025-09-21,1413.4,1424.2,10.8,False,False
T3C23C0A42C,2025-09,2025-09-22,1076.2,1098.9,22.7,False,False
TEDB2598366,2025-09,2025-09-22,1240.0,1251.9,11.9,False,False
T03D524AC98,2025-09,2025-09-21,1522.0,1531.8,9.8,False,False
T9B658694D7,2025-09,2025-09-25,733.1,757.0,23.9,False,False
T827DB403EF,2025-09,2025-09-22,1025.5,1028.1,2.6,False,False
TD5960FA89C,2025-09,2025-09-25,1207.3,1256.9,49.6,False,True
TEB9CD6778B,2025-09,2025-09-24,1501.7,1515.7,14.0,False,False
TCFB896C903,2025-09,2025-09-22,729.9,738.3,8.4,False,False
T4EBE5132B6,2025-09,2025-09-24,881.4,897.4,16.0,False,False
TD6D7800440,2025-09,2025-09-22,1452.5,1461.6,9.1,False,False
TB1AE49FA20,2025-09,2025-09-21,573.6,582.2,8.6,False,False
TF4940B0970,2025-09,2025-09-23,1174.1,1182.7,8.6,False,False
T6492EC951E,2025-09,2025-09-21,930.0,977.2,47.2,False,False
T5B2FD74A85,2025-09,2025-09-25,1477.8,1495.5,17.7,False,False
TCF1A6CDF80,2025-09,2025-09-25,472.7,489.6,16.9,False,False
TBA965CD37E,2025-09,2025-09-25,337.2,346.8,9.6,False,False
T8917AF33E8,2025-09,2025-09-21,1178.5,1244.1,65.6,False,False
T4F696F6C0E,2025-09,2025-09-25,396.4,410.7,14.3,False,False
TFB9BD0FCA4,2025-09,2025-09-21,1803.6,1833.6,30.0,False,False
T6372E1147F,2025-09,2025-09-23,1119.4,1133.7,14.3,False,False
T8B4FC280C2,2025-09,2025-09-24,496.2,507.6,11.4,False,False
T0AF0DD2FE5,2025-09,2025-09-25,1035.5,1044.2,8.7,False,False
T9BABD62590,2025-09,2025-09-23,1419.4,1469.1,49.7,False,False
TBBD0028CDB,2025-09,2025-09-25,933.2,943.8,10.6,False,False
T30E453AB34,2025-09,2025-09-25,1002.5,1014.2,11.7,False,False
T7DC59256DC,2025-09,2025-09-24,715.7,745.7,30.0,False,False
TCC371206BC,2025-09,2025-09-25,515.6,525.7,10.1,False,False
TDEF092A4C5,2025-09,2025-09-21,1449.4,1460.0,10.6,False,False
TE13FCEC631,2025-09,2025-09-20,1122.9,1137.9,15.0,False,False
T7C3F6A8162,2025-09,2025-09-23,1463.3,1482.2,18.9,False,False
T0F4A3A74ED,2025-09,2025-09-25,862.1,879.4,17.3,False,False
T5BEF82BC17,2025-09,2025-09-24,1356.8,1372.4,15.6,False,False
T07AC5856A4,2025-09,2025-09-24,653.2,664.6,11.4,False,False
T0185184B59,2025-09,2025-09-22,1207.8,1221.7,13.9,False,False
T79F8E1FAE8,2025-09,2025-09-22,281.6,295.8,14.2,False,False
T4D40D256FE,2025-09,2025-09-20,1128.5,1153.1,24.6,False,False
TE74495FCDD,2025-09,2025-09-22,1554.4,1565.4,11.0,False,False
TAD9ED625D1,2025-09,2025-09-24,1457.0,1476.1,19.1,False,False
TE7328B9E12,2025-09,2025-09-25,631.0,638.2,7.2,False,False
T5FC1C50126,2025-09,2025-09-22,1223.7,1250.9,27.2,False,False
T203C71CAC2,2025-09,2025-09-20,1664.4,1681.0,16.6,False,False
T1D1F227112,2025-09,2025-09-24,750.4,766.4,16.0,False,False
TF62BDC6E96,2025-09,2025-09-25,1638.0,1658.2,20.2,False,False
T5D35014BC6,2025-09,2025-09-24,1616.3,1622.4,6.1,False,False
T9C80DA594D,2025-09,2025-09-22,698.0,704.7,6.7,False,False
T575100FEE6,2025-09,2025-09-22,529.3,561.3,32.0,False,False
TFF833858D4,2025-09,2025-09-23,1646.2,1654.5,8.3,False,False
T44C452513D,2025-09,2025-09-22,838.3,851.7,13.4,False,False
TC11C4F89B7,2025-09,2025-09-21,465.0,487.8,22.8,False,False
T519E11C12F,2025-09,2025-09-20,298.6,308.8,10.2,False,False
T1D1C3809AD,2025-09,2025-09-25,1209.6,,,False,False
T2F89E8ED6F,2025-09,2025-09-25,1459.2,1477.5,18.3,False,False
TED624C9B29,2025-09,2025-09-23,1422.4,1439.0,16.6,False,False
T80599540B9,2025-09,2025-09-20,459.2,484.5,25.3,False,False
T99F86EAA03,2025-09,2025-09-22,944.6,964.7,20.1,False,False
T48E474E620,2025-09,2025-09-24,1376.0,1391.1,15.1,False,False
T62F138B69F,2025-09,2025-09-21,1438.7,1458.3,19.6,False,False
T0ABCC73F5F,2025-09,2025-09-21,1361.2,1369.2,8.0,False,False
T451A03E5F4,2025-09,2025-09-21,984.0,1019.4,35.4,False,False
T28A5C3A212,2025-09,2025-09-21,920.5,932.5,12.0,False,False
T9BF23AC92B,2025-09,2025-09-24,1084.3,1097.2,12.9,False,False
T8D847ABAD5,2025-09,2025-09-23,904.0,913.3,9.3,False,False
T79AD100612,2025-09,2025-09-21,1260.0,1282.6,22.6,False,False
T595C48877B,2025-09,2025-09-23,1140.4,1154.6,14.2,False,False
T7E1F631507,2025-09,2025-09-20,333.3,389.0,55.7,False,True
T7CEE29F570,2025-09,2025-09-21,486.6,494.8,8.2,False,False
TB28F8F08F4,2025-09,2025-09-24,850.8,850.8,0.0,True,False
T741A1119FA,2025-09,2025-09-22,557.4,576.7,19.3,False,False
T26862D1A4A,2025-09,2025-09-24,1991.9,1991.9,0.0,True,False
TCB96D14BFD,2025-09,2025-09-25,705.1,716.7,11.6,False,False
TF07D19AE17,2025-09,2025-09-22,616.5,644.1,27.6,False,False
T7AE1E63696,2025-09,2025-09-22,1503.9,1512.1,8.2,False,False
TEA687BEEC8,2025-09,2025-09-25,540.1,553.6,13.5,False,False
T5C97BD73CE,2025-09,2025-09-21,1626.1,1640.6,14.5,False,False
T64DF103F27,2025-09,2025-09-21,428.5,437.2,8.7,False,False
T962D5133B5,2025-09,2025-09-23,1350.8,1364.3,13.5,False,False
TFAE2AFD636,2025-09,2025-09-21,1453.4,1462.4,9.0,False,False
T8237A9AE83,2025-09,2025-09-22,559.4,573.1,13.7,False,False
T124789ED12,2025-09,2025-09-24,917.2,924.4,7.2,False,False
T77D8F1F07B,2025-09,2025-09-21,1276.2,1307.5,31.3,False,False
T88E01EE6A9,2025-09,2025-09-20,783.7,805.0,21.3,False,False
TCCA2F0E6D1,2025-09,2025-09-21,597.8,608.0,10.2,False,False
TE7C4074532,2025-09,2025-09-20,554.9,579.7,24.8,False,False
TE08ACE6D71,2025-09,2025-09-23,1647.0,1670.5,23.5,False,False
TF5AB4BC37D,2025-09,2025-09-24,612.2,628.0,15.8,False,False
T31A37C291B,2025-09,2025-09-24,228.0,236.7,8.7,False,False
T85072A41C6,2025-09,2025-09-25,1387.6,1402.7,15.1,False,False
T3DB8E8C91B,2025-09,2025-09-21,1111.2,1125.4,14.2,False,False
T1F21C0A526,2025-09,2025-09-25,505.4,521.8,16.4,False,False
TC653350390,2025-09,2025-09-24,1473.5,1485.0,11.5,False,False
TF357DF2C85,2025-09,2025-09-22,769.2,790.3,21.1,False,False
TC2B54F643A,2025-09,2025-09-21,468.2,479.3,11.1,False,False
T62A907AFA1,2025-09,2025-09-20,694.5,,,False,False
T9B926E1A60,2025-09,2025-09-22,895.0,902.2,7.2,False,False
T95A557D58C,2025-09,2025-09-24,2902.0,3069.3,167.3,False,False
T4FD73F8DF8,2025-09,2025-09-23,303.5,313.0,9.5,False,False
TAA9E781779,2025-09,2025-09-24,1192.0,1201.2,9.2,False,False
T5AB667FA59,2025-09,2025-09-25,1386.6,1405.4,18.8,False,False
T2FB8838715,2025-09,2025-09-20,1607.0,1629.4,22.4,False,False
TDC0B728E72,2025-09,2025-09-24,1445.7,1445.7,0.0,True,False
T500E1E73A5,2025-09,2025-09-20,936.0,947.1,11.1,False,False
T518D652731,2025-09,2025-09-22,788.2,807.2,19.0,False,False
T5F78380FF1,2025-09,2025-09-22,962.6,971.5,8.9,False,False
T2269F4C04A,2025-09,2025-09-24,1544.5,1583.1,38.6,False,False
T75D0C6EEF9,2025-09,2025-09-24,2797.7,2910.3,112.6,False,False
T08C84C6180,2025-09,2025-09-25,483.3,498.8,15.5,False,False
TBE3328794F,2025-09,2025-09-21,1094.4,1101.9,7.5,False,False
T7BF732B1D4,2025-09,2025-09-23,1240.5,1252.7,12.2,False,False
T680C591820,2025-09,2025-09-20,1183.2,1190.8,7.6,False,False
T87B30A11CA,2025-09,2025-09-21,1585.0,1596.8,11.8,False,False
T2C69DDD554,2025-09,2025-09-22,1358.4,1397.7,39.3,False,False
TB5DCDB3D2B,2025-09,2025-09-21,1416.8,1424.7,7.9,False,False
TF1BF705581,2025-09,2025-09-24,893.3,908.0,14.7,False,False
T7861C2062B,2025-09,2025-09-24,1964.4,1993.6,29.2,False,False
T3E7A117328,2025-09,2025-09-20,510.9,525.2,14.3,False,False
T626DE7D352,2025-09,2025-09-21,1740.5,1793.1,52.6,False,False
T30CED3EF6B,2025-09,2025-09-20,1167.1,1185.8,18.7,False,False
T6F621D315F,2025-09,2025-09-25,479.9,505.6,25.7,False,False
T5AEAFABEEB,2025-09,2025-09-23,1126.3,1126.3,0.0,True,False
T6E1A658692,2025-09,2025-09-22,753.4,753.4,0.0,True,False
TDFD739AFF7,2025-09,2025-09-20,1509.5,1509.5,0.0,True,False
T0E7497BE87,2025-09,2025-09-25,387.8,398.8,11.0,False,False
T63245D9338,2025-09,2025-09-21,506.6,527.3,20.7,False,False
T2FC1A9FEB9,2025-09,2025-09-25,550.9,567.5,16.6,False,False
TE5572E3B77,2025-09,2025-09-23,1545.8,1552.1,6.3,False,False
T93AE74FC8C,2025-09,2025-09-21,1059.9,1078.5,18.6,False,False
TCE4F3C1854,2025-09,2025-09-21,1967.5,1998.9,31.4,False,False
T623FDA0FEC,2025-09,2025-09-21,992.5,992.5,0.0,True,False
T6FCD9FC327,2025-09,2025-09-25,498.2,506.8,8.6,False,False
T26D49D2B10,2025-09,2025-09-24,1321.8,1381.8,60.0,False,True
T6B0F45148F,2025-09,2025-09-22,1814.6,1894.0,79.4,False,False
T5DA6DABC22,2025-09,2025-09-20,748.4,,,False,False
T4C0FAA9237,2025-09,2025-09-23,1089.2,1104.3,15.1,False,False
T629B85F6AE,2025-09,2025-09-24,1559.6,1578.6,19.0,False,False
TE6221DA147,2025-09,2025-09-21,916.0,926.9,10.9,False,False
T7092CB932F,2025-09,2025-09-25,1491.3,1510.5,19.2,False,False
T38F3AD60D6,2025-09,2025-09-22,588.9,613.5,24.6,False,False
T051D6304AA,2025-09,2025-09-24,1161.6,1174.9,13.3,False,False
T1677509027,2025-09,2025-09-21,624.3,645.9,21.6,False,False
TCE43CAAFDD,2025-09,2025-09-22,1111.6,1121.6,10.0,False,False
TD6051C60DD,2025-09,2025-09-24,1564.8,1592.1,27.3,False,False
TD81C7B0AC7,2025-09,2025-09-25,1617.7,1629.2,11.5,False,False
TEB9B6A4FBC,2025-09,2025-09-25,975.0,990.3,15.3,False,False
T8E67D26322,2025-09,2025-09-20,1780.6,1780.6,0.0,True,False
T0E8259349E,2025-09,2025-09-21,384.9,399.9,15.0,False,False
TEC586A8374,2025-09,2025-09-24,1117.4,1131.1,13.7,False,False
T1E40F3A239,2025-09,2025-09-23,1160.7,1171.8,11.1,False,False
T716C530DED,2025-09,2025-09-20,706.3,719.7,13.4,False,False
T7562476AEF,2025-09,2025-09-25,1748.8,1771.5,22.7,False,False
TB460453C4D,2025-09,2025-09-20,415.7,426.6,10.9,False,False
T4A69C0BA6F,2025-09,2025-09-24,682.7,699.8,17.1,False,False
TB3006B8F03,2025-09,2025-09-25,868.9,883.0,14.1,False,False
TED3E393477,2025-09,2025-09-24,1747.7,1769.0,21.3,False,False
TA014F1FF15,2025-09,2025-09-21,1277.4,1294.2,16.8,False,False
T08D24C843D,2025-09,2025-09-21,517.2,540.6,23.4,False,False
T328C38D103,2025-09,2025-09-22,1751.7,1777.1,25.4,False,False
T5D52776F44,2025-09,2025-09-23,523.7,532.6,8.9,False,False
T350C7F0CAD,2025-09,2025-09-25,616.0,632.7,16.7,False,False
TE4BF83F9A5,2025-09,2025-09-23,1627.3,1654.0,26.7,False,False
T363192FB18,2025-09,2025-09-21,1200.1,1220.2,20.1,False,False
TE7D390D6E1,2025-09,2025-09-25,1110.9,1125.0,14.1,False,False
TEAED0D702E,2025-09,2025-09-25,1106.9,1126.2,19.3,False,False
T76D2631BBE,2025-09,2025-09-22,1379.9,1398.5,18.6,False,False
T41D9DAD65E,2025-09,2025-09-23,750.2,750.2,0.0,True,False
T4FB688BCF2,2025-09,2025-09-21,1285.0,1301.3,16.3,False,False
T49C247A691,2025-09,2025-09-21,750.4,770.9,20.5,False,False
TAD97E4B580,2025-09,2025-09-22,316.5,332.7,16.2,False,False
TA6D3C701E5,2025-09,2025-09-23,466.5,482.6,16.1,False,False
T1629374829,2025-09,2025-09-24,1015.1,1046.9,31.8,False,False
TE380DFCDD5,2025-09,2025-09-22,1267.4,1283.4,16.0,False,False
TC71E645A97,2025-09,2025-09-22,959.5,972.5,13.0,False,False
T3B2D063348,2025-09,2025-09-20,444.8,452.1,7.3,False,False
T6B0703F297,2025-09,2025-09-22,1139.7,1151.0,11.3,False,False
T2442BBD224,2025-09,2025-09-23,811.8,828.5,16.7,False,False
T94AEE9D59A,2025-09,2025-09-21,1104.9,1113.9,9.0,False,False
TC36C8FB548,2025-09,2025-09-23,1494.0,1504.9,10.9,False,False
TEA6C60108F,2025-09,2025-09-20,1880.9,1940.2,59.3,False,False
T5D0DA4A5A3,2025-09,2025-09-22,1035.3,1049.6,14.3,False,False
TCE2F3968A5,2025-09,2025-09-22,1084.2,1102.8,18.6,False,False
T3290CE40ED,2025-09,2025-09-21,1619.9,1637.1,17.2,False,False
TFF800A383C,2025-09,2025-09-23,1228.7,1241.7,13.0,False,False
T43D369AD4F,2025-09,2025-09-21,874.8,890.9,16.1,False,False
T2558B25F4A,2025-09,2025-09-22,257.6,257.6,0.0,True,False
TF2D53B5266,2025-09,2025-09-21,1545.6,1559.1,13.5,False,False
T46E626FB09,2025-09,2025-09-22,427.3,447.0,19.7,False,False
T7E0A59EC74,2025-09,2025-09-21,450.0,456.4,6.4,False,False
TDB77C6E5BA,2025-09,2025-09-20,701.9,710.4,8.5,False,False
TB2420A8657,2025-09,2025-09-23,1216.5,1225.5,9.0,False,False
TB1246EBDB6,2025-09,2025-09-23,687.3,691.3,4.0,False,False
T8C8BD1D187,2025-09,2025-09-22,1465.6,1485.1,19.5,False,False
T9A87FD75BB,2025-09,2025-09-22,662.9,675.8,12.9,False,False
T7220DB253B,2025-09,2025-09-23,852.6,866.8,14.2,False,False
T024582A041,2025-09,2025-09-25,1653.5,1682.0,28.5,False,False
TA3D7EB0EB6,2025-09,2025-09-23,1416.7,1418.8,2.1,False,False
T980F08905D,2025-09,2025-09-22,1451.9,1464.2,12.3,False,False
T0070991C4A,2025-09,2025-09-22,525.9,534.8,8.9,False,False
TE62F9D24A2,2025-09,2025-09-20,938.1,956.3,18.2,False,False
T660F58D22C,2025-09,2025-09-21,1424.0,1440.0,16.0,False,False
TC9C59FD3C0,2025-09,2025-09-20,1501.2,1516.8,15.6,False,False
TC85BCF4679,2025-09,2025-09-25,821.6,835.2,13.6,False,False
T711A4FB3DC,2025-09,2025-09-25,1353.1,1361.7,8.6,False,False
TDA01857472,2025-09,2025-09-24,712.4,718.0,5.6,False,False
T593C7D2F36,2025-09,2025-09-20,1021.3,1033.6,12.3,False,False
TAD1B3ECAF6,2025-09,2025-09-21,929.2,949.0,19.8,False,False
T62DB418771,2025-10,2025-10-21,1396.0,1396.0,0.0,True,False
T516D296A99,2025-10,2025-10-24,859.2,865.6,6.4,False,False
TF6199DECCB,2025-10,2025-10-21,1569.8,1606.4,36.6,False,False
TBFDD3649BD,2025-10,2025-10-23,1526.6,1541.3,14.7,False,False
T1A8F7C05C9,2025-10,2025-10-24,1338.5,1347.3,8.8,False,False
T6B4FC6C7C6,2025-10,2025-10-25,954.3,976.0,21.7,False,False
T6EE7490E19,2025-10,2025-10-22,1609.4,1622.4,13.0,False,False
T771EC6B537,2025-10,2025-10-22,954.1,959.6,5.5,False,False
TA87CD37475,2025-10,2025-10-25,618.8,642.1,23.3,False,False
T00048F12E2,2025-10,2025-10-20,269.0,279.8,10.8,False,False
TDE3B85E449,2025-10,2025-10-23,1240.2,1257.4,17.2,False,False
TDFD5EF1E2B,2025-10,2025-10-25,827.8,846.2,18.4,False,False
T6BE1C12D07,2025-10,2025-10-20,2918.7,3007.9,89.2,False,False
TE17C7596F7,2025-10,2025-10-22,401.2,412.3,11.1,False,False
TF0590D064A,2025-10,2025-10-21,636.8,646.5,9.7,False,False
T0201C8273D,2025-10,2025-10-21,545.3,556.2,10.9,False,False
T416D725964,2025-10,2025-10-21,1328.0,1337.6,9.6,False,False
T592985E849,2025-10,2025-10-21,560.9,560.9,0.0,True,False
T8CFD079CB6,2025-10,2025-10-23,1734.6,1734.6,0.0,True,False
TD10A6EDCA0,2025-10,2025-10-25,1149.6,1170.9,21.3,False,False
T0CE7987E4B,2025-10,2025-10-24,1634.3,1711.1,76.8,False,False
T0F12629295,2025-10,2025-10-25,429.5,433.9,4.4,False,False
T7833B36159,2025-10,2025-10-25,858.5,876.4,17.9,False,False
T997FF51E88,2025-10,2025-10-24,944.0,954.8,10.8,False,False
TB0AFAFC426,2025-10,2025-10-20,2348.3,2386.7,38.4,False,False
T4B2228F178,2025-10,2025-10-20,786.3,801.5,15.2,False,False
T5D1D63651A,2025-10,2025-10-23,574.4,590.1,15.7,False,False
T005A9CE174,2025-10,2025-10-24,1411.3,1421.7,10.4,False,False
T0E572DDC2C,2025-10,2025-10-22,1152.6,1163.3,10.7,False,False
T6B4C3EB33E,2025-10,2025-10-20,1388.0,1392.9,4.9,False,False
T98621FD0F2,2025-10,2025-10-20,2678.2,2809.8,131.6,False,False
TCED7759D69,2025-10,2025-10-25,1495.1,1515.8,20.7,False,False
T148BA00559,2025-10,2025-10-20,1472.2,1495.0,22.8,False,False
T8EF8382AF5,2025-10,2025-10-22,1664.6,1676.2,11.6,False,False
T294140BCEC,2025-10,2025-10-24,598.2,622.6,24.4,False,False
T2B4ECE5F7A,2025-10,2025-10-25,563.3,578.0,14.7,False,False
TFCDB644B38,2025-10,2025-10-24,559.1,577.7,18.6,False,False
TF46C85CB55,2025-10,2025-10-25,731.1,736.5,5.4,False,False
T635E7348B0,2025-10,2025-10-20,612.6,634.3,21.7,False,False
TD950C1321E,2025-10,2025-10-21,522.3,535.0,12.7,False,False
T79F7CA1313,2025-10,2025-10-21,334.1,340.3,6.2,False,False
T1890D0D69D,2025-10,2025-10-24,976.9,989.3,12.4,False,False
T92ED6C6BBC,2025-10,2025-10-21,531.2,536.5,5.3,False,False
T1A234D637E,2025-10,2025-10-25,1335.2,1344.7,9.5,False,False
T0FA07C2AE6,2025-10,2025-10-24,433.4,440.3,6.9,False,False
T85D9327E38,2025-10,2025-10-23,1506.2,1515.4,9.2,False,False
T9B2220E701,2025-10,2025-10-24,1265.9,1287.3,21.4,False,False
T75AE25B236,2025-10,2025-10-23,1042.4,1062.1,19.7,False,False
T85C4B9E9BD,2025-10,2025-10-20,1259.5,1264.5,5.0,False,False
TAAC46C752C,2025-10,2025-10-20,1578.1,1584.0,5.9,False,False
TB5ABA37301,2025-10,2025-10-23,1126.9,1143.4,16.5,False,False
TDB1931905E,2025-10,2025-10-25,1114.4,1126.6,12.2,False,False
T8A79BCF725,2025-10,2025-10-22,1356.3,1360.8,4.5,False,False
T1383BC162C,2025-10,2025-10-20,1738.1,1749.0,10.9,False,False
TE3F34F661C,2025-10,2025-10-20,1764.2,1844.3,80.1,False,False
T945DF5CC73,2025-10,2025-10-20,1166.7,1175.4,8.7,False,False
T89289351AD,2025-10,2025-10-21,1334.2,1347.8,13.6,False,False
T3C6A8E589D,2025-10,2025-10-22,698.7,725.0,26.3,False,False
T9EDB41553F,2025-10,2025-10-22,319.6,326.3,6.7,False,False
T39FECD2D40,2025-10,2025-10-23,1004.4,1020.8,16.4,False,False
T393F331539,2025-10,2025-10-22,533.7,548.6,14.9,False,False
T44E572D176,2025-10,2025-10-20,619.1,640.5,21.4,False,False
T6A0C9518A5,2025-10,2025-10-25,1380.7,,,False,False
T6F6C091F32,2025-10,2025-10-23,1500.9,1511.2,10.3,False,False
T0A7DFC3903,2025-10,2025-10-22,1644.7,1644.7,0.0,True,False
T4CA807AAAE,2025-10,2025-10-24,869.2,904.9,35.7,False,False
T292B036CC6,2025-10,2025-10-20,1084.9,1100.3,15.4,False,False
TF252236170,2025-10,2025-10-20,333.5,355.0,21.5,False,False
T47A88C447A,2025-10,2025-10-21,808.7,815.6,6.9,False,False
T29274E7656,2025-10,2025-10-25,509.6,522.5,12.9,False,False
TF94B3B4CEA,2025-10,2025-10-23,773.4,789.4,16.0,False,False
TD79C86593F,2025-10,2025-10-21,1236.9,1256.3,19.4,False,False
T042B2178D1,2025-10,2025-10-21,412.0,412.0,0.0,True,False
TE9E2B18053,2025-10,2025-10-25,1383.2,1452.8,69.6,False,False
T80D9A080BE,2025-10,2025-10-21,2349.5,2403.8,54.3,False,False
T580C1D0E5A,2025-10,2025-10-21,1375.2,1424.6,49.4,False,False
T262047037E,2025-10,2025-10-23,693.6,705.2,11.6,False,False
T997FBB56CB,2025-10,2025-10-20,1611.7,1626.0,14.3,False,False
T488907BADA,2025-10,2025-10-22,752.3,771.6,19.3,False,False
T959B664297,2025-10,2025-10-21,264.8,274.2,9.4,False,False
TCE4FA87780,2025-10,2025-10-20,1396.0,1407.6,11.6,False,False
T6A6F416B64,2025-10,2025-10-24,1212.2,1223.1,10.9,False,False
T5C22EC11B8,2025-10,2025-10-20,1407.2,1453.6,46.4,False,False
T132EB7CE2B,2025-10,2025-10-20,1300.7,1300.7,0.0,True,False
T011F73020E,2025-10,2025-10-24,1326.6,1339.8,13.2,False,False
T0197678D11,2025-10,2025-10-23,1200.2,1245.3,45.1,False,True
TBA58CFEBC6,2025-10,2025-10-23,1787.2,397.9238717382734,16.8,False,False
T78A401EEAD,2025-10,2025-10-22,479.4,,,False,False
TE33F90B286,2025-10,2025-10-20,512.0,524.1,12.1,False,False
T761C9E26E6,2025-10,2025-10-25,486.7,523.8,37.1,False,True
T65187CE62C,2025-10,2025-10-23,1156.3,1188.3,32.0,False,False
T6DD4962896,2025-10,2025-10-22,422.9,431.2,8.3,False,False
T57E5EAB9B8,2025-10,2025-10-22,1207.6,1220.7,13.1,False,False
T0D1C506545,2025-10,2025-10-20,964.5,975.5,11.0,False,False
T16385BC409,2025-10,2025-10-23,401.9,413.8,11.9,False,False
T703E749B16,2025-10,2025-10-21,876.6,889.3,12.7,False,False
TE03815B898,2025-10,2025-10-21,1686.3,1703.6,17.3,False,False
T5EDC8CD764,2025-10,2025-10-25,1233.3,1252.3,19.0,False,False
T8A0E42EA46,2025-10,2025-10-23,1361.8,1373.3,11.5,False,False
T58E4665FE8,2025-10,2025-10-20,596.8,614.3,17.5,False,False
T45A3829C6C,2025-10,2025-10-22,443.9,454.2,10.3,False,False
T0F2B41D96D,2025-10,2025-10-20,680.0,706.6,26.6,False,False
T45E4DAC832,2025-10,2025-10-23,928.8,944.5,15.7,False,False
TB308B5DC7A,2025-10,2025-10-20,1314.1,1327.1,13.0,False,False
T5A52BDFD5B,2025-10,2025-10-20,1275.9,1281.4,5.5,False,False
T3B6195226D,2025-10,2025-10-21,692.8,704.7,11.9,False,False
TEF3ACC364D,2025-10,2025-10-24,272.3,281.9,9.6,False,False
T0E3944E1C7,2025-10,2025-10-21,1589.5,1605.5,16.0,False,False
TC5E02C2AE1,2025-10,2025-10-24,958.5,965.3,6.8,False,False
T9C181CA6B2,2025-10,2025-10-25,911.8,911.8,0.0,True,False
T46D0D9FE06,2025-10,2025-10-22,1094.6,1106.6,12.0,False,False
T3763EE0258,2025-10,2025-10-24,409.5,419.6,10.1,False,False
TB6793708AF,2025-10,2025-10-23,907.9,918.3,10.4,False,False
T02BF3919B7,2025-10,2025-10-24,1354.8,1364.5,9.7,False,False
T61903D0C08,2025-10,2025-10-20,559.7,572.9,13.2,False,False
T1540962193,2025-10,2025-10-20,1499.7,1605.4,105.7,False,False
TE8DF4BFC62,2025-10,2025-10-25,2035.4,2074.6,39.2,False,False
T97A5E4F98E,2025-10,2025-10-22,1392.6,1392.6,0.0,True,False
TB2B631F6DE,2025-10,2025-10-24,279.5,293.6,14.1,False,False
TFD4476DD46,2025-10,2025-10-21,963.2,982.0,18.8,False,False
T63AE43B763,2025-10,2025-10-24,1198.6,1223.3,24.7,False,False
TF7E0F3ADFA,2025-10,2025-10-24,604.1,606.9,2.8,False,False
T9F3D4A99A8,2025-10,2025-10-25,1053.4,1058.8,5.4,False,False
T3AF0CA5142,2025-10,2025-10-23,1495.3,1530.9,35.6,False,False
T525C93E294,2025-10,2025-10-20,380.0,389.8,9.8,False,False
TA60FF3309B,2025-10,2025-10-24,1321.0,1334.0,13.0,False,False
T6230F0F81A,2025-10,2025-10-20,334.7,345.3,10.6,False,False
T486DC7662A,2025-10,2025-10-24,4084.8,4315.7,230.9,False,False
T0DD0FDF0BD,2025-10,2025-10-21,850.6,868.9,18.3,False,False
T81EEF6FCD3,2025-10,2025-10-23,925.3,936.6,11.3,False,False
T6269371CAA,2025-10,2025-10-23,1487.5,1495.4,7.9,False,False
TF7BDB30AC3,2025-10,2025-10-24,938.1,962.2,24.1,False,False
TC1EBE75CAC,2025-10,2025-10-20,1200.1,1217.0,16.9,False,False
T0A0805FB46,2025-10,2025-10-22,1835.8,1853.0,17.2,False,False
T7C1EBC3C4C,2025-10,2025-10-23,623.9,645.5,21.6,False,False
TFB5558315C,2025-10,2025-10-22,418.3,434.5,16.2,False,False
T4D34DCD6FE,2025-10,2025-10-23,889.1,903.9,14.8,False,False
T8F2163E1AC,2025-10,2025-10-20,1757.1,1781.6,24.5,False,False
T6D36EEA27E,2025-10,2025-10-24,361.5,375.5,14.0,False,False
TD718599337,2025-10,2025-10-23,1395.4,1419.5,24.1,False,False
TACFC1D584E,2025-10,2025-10-21,1489.2,1511.5,22.3,False,False
TE1CE4D9E5A,2025-10,2025-10-20,486.2,498.7,12.5,False,False
TEEB9050E6F,2025-10,2025-10-21,951.2,975.7,24.5,False,False
T266175A7E1,2025-10,2025-10-22,1661.7,1692.0,30.3,False,False
T188F8436EB,2025-10,2025-10-23,582.8,592.2,9.4,False,False
TBF5EF4019A,2025-10,2025-10-22,939.7,951.3,11.6,False,False
TF8038E3438,2025-10,2025-10-24,817.7,828.8,11.1,False,False
T14A35B501D,2025-10,2025-10-20,1394.9,1421.3,26.4,False,False
TACA1F6575E,2025-10,2025-10-25,206.6,215.3,8.7,False,False
T425CF74F89,2025-10,2025-10-20,992.2,993.6,1.4,False,False
T7E561E41DF,2025-10,2025-10-21,1721.8,1736.2,14.4,False,False
TAE21909B09,2025-10,2025-10-21,690.0,701.4,11.4,False,False
TA49FD77129,2025-10,2025-10-20,1386.6,1423.9,37.3,False,False
T83C53CBDE3,2025-10,2025-10-22,1034.7,1049.5,14.8,False,False
T8989E9F3E0,2025-10,2025-10-25,1335.1,1352.5,17.4,False,False
T0E868A3F47,2025-10,2025-10-25,1782.0,1802.5,20.5,False,False
TAA4A146A6F,2025-10,2025-10-20,1038.6,1048.8,10.2,False,False
T929701588B,2025-10,2025-10-20,679.5,686.8,7.3,False,False
TCBA87E8F93,2025-10,2025-10-22,1654.1,1669.8,15.7,False,False
T71B2CE98BC,2025-10,2025-10-25,1786.2,1816.0,29.8,False,False
T3104E606FB,2025-10,2025-10-21,1675.9,1688.9,13.0,False,False
TC9C584B8EF,2025-10,2025-10-23,715.3,727.0,11.7,False,False
T42EAACA5A6,2025-10,2025-10-24,583.0,595.8,12.8,False,False
T27CD292019,2025-10,2025-10-24,1664.7,1687.1,22.4,False,False
T2631941D4D,2025-10,2025-10-22,1765.3,1783.7,18.4,False,False
TD6D0D046B5,2025-10,2025-10-25,467.3,475.3,8.0,False,False
T930BCF26DA,2025-10,2025-10-22,1651.7,1662.6,10.9,False,False
T7A263D97A8,2025-10,2025-10-24,441.4,458.2,16.8,False,False
T84CC232045,2025-10,2025-10-23,1147.9,1159.4,11.5,False,False
T1F7089E5B3,2025-10,2025-10-20,1433.2,1456.3,23.1,False,False
T6DD01C39D7,2025-10,2025-10-23,1486.0,1515.4,29.4,False,False
TE3814F5946,2025-10,2025-10-25,1194.7,1194.7,0.0,True,False
T260F6D657D,2025-10,2025-10-23,1724.4,1739.6,15.2,False,False
TF9F158A927,2025-10,2025-10-23,929.1,946.6,17.5,False,False
T2A78E596A5,2025-10,2025-10-23,740.7,760.0,19.3,False,False
T48829C6681,2025-10,2025-10-25,880.3,899.0,18.7,False,False
T5446AB5D4F,2025-10,2025-10-22,1493.1,1500.3,7.2,False,False
T6FEE2A0A85,2025-10,2025-10-25,435.7,445.8,10.1,False,False
T37BA3005AD,2025-10,2025-10-24,1346.3,1359.5,13.2,False,False
T599538981A,2025-10,2025-10-22,1570.7,1629.2,58.5,False,False
TC1FE3D7E79,2025-10,2025-10-20,1278.8,1297.7,18.9,False,False
TAB633F4546,2025-10,2025-10-21,446.5,467.4,20.9,False,False
TEF123948C4,2025-10,2025-10-22,715.4,728.1,12.7,False,False
T50EA3E30B0,2025-10,2025-10-20,1248.8,1261.3,12.5,False,False
T10E8B50E63,2025-10,2025-10-24,1554.0,1583.9,29.9,False,False
T75445AB825,2025-10,2025-10-20,1291.6,1303.3,11.7,False,False
T9AEC04CEE6,2025-10,2025-10-21,340.6,349.5,8.9,False,False
TE59C7E0558,2025-10,2025-10-20,510.3,519.8,9.5,False,False
T017F5CC857,2025-10,2025-10-24,1584.1,1606.7,22.6,False,False
T5740214D00,2025-10,2025-10-21,509.0,514.0,5.0,False,False
TA54FDBC969,2025-10,2025-10-23,1264.5,1310.8,46.3,False,False
T79348D1D8C,2025-10,2025-10-24,1181.9,1243.5,61.6,False,False
T0C38B9638D,2025-10,2025-10-20,1181.0,1205.1,24.1,False,False
TF8CD7DEDDA,2025-10,2025-10-24,927.8,943.3,15.5,False,False
TD4AA44C620,2025-10,2025-10-25,905.5,921.6,16.1,False,False
TBA22021045,2025-10,2025-10-24,1215.8,1279.6,63.8,False,False
TAE4991C39A,2025-10,2025-10-21,1653.7,1665.1,11.4,False,False
T926427EC22,2025-10,2025-10-22,824.5,840.9,16.4,False,False
T03F3726F54,2025-10,2025-10-25,1096.9,1107.7,10.8,False,False
T9C5C1B51E6,2025-10,2025-10-25,451.5,467.9,16.4,False,False
TAB67F85714,2025-10,2025-10-25,1775.6,1789.3,13.7,False,False
T021E4A2B45,2025-10,2025-10-20,713.0,725.3,12.3,False,False
T9C284C6EDE,2025-10,2025-10-23,1651.8,1667.8,16.0,False,False
TE5AE06739E,2025-10,2025-10-22,344.9,353.9,9.0,False,False
T01F422D988,2025-10,2025-10-22,1652.0,1660.2,8.2,False,False
T812E69DF24,2025-10,2025-10-20,1434.4,1488.6,54.2,False,False
T1753290875,2025-10,2025-10-22,1580.1,1580.1,0.0,True,False
T6453265506,2025-10,2025-10-23,3074.9,3199.0,124.1,False,False
T3DCE54CBCD,2025-10,2025-10-21,345.8,345.8,0.0,True,False
T25A59C1230,2025-10,2025-10-25,482.8,507.2,24.4,False,False
T7149DBE7E7,2025-10,2025-10-25,1288.7,1325.9,37.2,False,False
T17B01CE93D,2025-10,2025-10-20,1501.9,1512.6,10.7,False,False
T2A7B7C0706,2025-10,2025-10-22,1477.1,1489.8,12.7,False,False
TA2A12750E0,2025-10,2025-10-24,614.2,624.7,10.5,False,False
TCDF5CCF9D1,2025-10,2025-10-22,1819.6,1836.1,16.5,False,False
T136877D852,2025-10,2025-10-21,1254.6,1338.4,83.8,False,True
TD93E7F3525,2025-10,2025-10-24,1312.7,1326.5,13.8,False,True
T9E698DAD97,2025-10,2025-10-20,476.0,489.4,13.4,False,False
TA7CD008CD2,2025-10,2025-10-25,1553.4,1574.4,21.0,False,False
TB5E2F0D295,2025-10,2025-10-20,1004.8,,,False,False
T886651EB56,2025-10,2025-10-25,1860.7,1882.1,21.4,False,False
T726E26C014,2025-10,2025-10-22,546.6,552.7,6.1,False,False
T47801013F9,2025-10,2025-10-24,392.7,406.7,14.0,False,False
T7B44E5C01C,2025-10,2025-10-22,1163.6,1167.6,4.0,False,False
T06E1B5C91E,2025-10,2025-10-21,768.3,777.1,8.8,False,False
TBD7AFAA9AB,2025-10,2025-10-25,1327.3,1343.8,16.5,False,False
T3A8AE15DE9,2025-10,2025-10-24,1124.1,1134.1,10.0,False,False
T90FCBE8560,2025-10,2025-10-24,1367.8,1377.4,9.6,False,False
T6B76BCDCC8,2025-10,2025-10-22,2115.0,2159.5,44.5,False,False
T6B61D786E8,2025-10,2025-10-22,1140.7,1153.8,13.1,False,False
TD8B8E83F9D,2025-10,2025-10-25,1458.2,1458.2,0.0,True,False
T353F39960E,2025-10,2025-10-22,507.8,513.9,6.1,False,False
TC44518846F,2025-10,2025-10-23,461.2,472.5,11.3,False,False
T3DBD424B8F,2025-10,2025-10-24,707.4,718.0,10.6,False,False
TB8E4E6CA4C,2025-10,2025-10-25,1078.8,1109.1,30.3,False,False
T54630B6404,2025-10,2025-10-20,456.7,473.6,16.9,False,False
T71623730B1,2025-10,2025-10-25,1193.2,1206.1,12.9,False,False
T7436A106AE,2025-10,2025-10-22,518.9,529.1,10.2,False,False
T6191B8FD69,2025-10,2025-10-23,1246.9,1257.3,10.4,False,False
TBA7727A83B,2025-10,2025-10-25,567.8,577.0,9.2,False,False
T66B24DDB8C,2025-10,2025-10-25,1736.7,1752.0,15.3,False,False
T0EAA0EDBAF,2025-10,2025-10-22,990.2,1016.6,26.4,False,False
TDCBC842E3A,2025-10,2025-10-25,750.2,774.0,23.8,False,False
T305BACE840,2025-10,2025-10-20,904.0,917.8,13.8,False,False
TAD0E244201,2025-10,2025-10-22,1298.3,1316.4,18.1,False,False
T824A68B378,2025-10,2025-10-21,1307.4,1314.0,6.6,False,False
T9F72B39B89,2025-10,2025-10-20,744.5,758.4,13.9,False,False
T0380D1AD85,2025-10,2025-10-20,1211.7,1228.5,16.8,False,False
TD58AFBB420,2025-10,2025-10-23,2301.6,2340.7,39.1,False,False
TB1A6FA6009,2025-10,2025-10-25,465.0,478.5,13.5,False,False
TB95EB354D9,2025-10,2025-10-22,1202.7,1227.6,24.9,False,False
T6EBEC2B9E3,2025-10,2025-10-24,644.8,657.3,12.5,False,False
TCBAFB86C54,2025-10,2025-10-25,1643.0,1655.7,12.7,False,False
T2D884BEE59,2025-10,2025-10-24,1387.2,1387.2,0.0,True,False
T81E3CAC404,2025-10,2025-10-25,1384.8,1410.0,25.2,False,True
TB13246DF04,2025-10,2025-10-25,2355.1,2420.2,65.1,False,False
T38FC29870C,2025-10,2025-10-24,983.2,990.0,6.8,False,False
T0B952300A6,2025-10,2025-10-20,1239.5,1255.7,16.2,False,False
T592EE5AE5A,2025-10,2025-10-21,600.7,613.9,13.2,False,False
T8AB7B992DC,2025-10,2025-10-25,1611.2,1620.9,9.7,False,False
TE13531501B,2025-10,2025-10-22,326.6,337.8,11.2,False,False
T603C6A7DDF,2025-10,2025-10-23,2052.3,2098.2,45.9,False,False
T9B1CF87E17,2025-10,2025-10-23,721.4,738.4,17.0,False,False
T7E47E27FFB,2025-10,2025-10-21,1164.9,1174.1,9.2,False,False
T2FE3E18EED,2025-10,2025-10-20,1138.0,1155.6,17.6,False,False
T518FD2CD05,2025-10,2025-10-23,854.8,870.0,15.2,False,False
TCA03B52F53,2025-10,2025-10-23,440.0,453.7,13.7,False,False
TC97F0C81C8,2025-10,2025-10-20,2594.7,2720.1,125.4,False,False
T5825BB17FC,2025-10,2025-10-20,927.8,975.8,48.0,False,False
TC5E185C6E8,2025-10,2025-10-21,266.9,280.2,13.3,False,False
TEAD9E81003,2025-10,2025-10-23,921.5,933.5,12.0,False,False
TE23D5A574A,2025-10,2025-10-23,941.7,951.2,9.5,False,False
T04048D53A3,2025-10,2025-10-24,719.1,728.1,9.0,False,False
TE1AA9E77A7,2025-10,2025-10-22,958.7,958.7,0.0,True,False
TC54C99BA73,2025-10,2025-10-23,946.1,981.1,35.0,False,False
T013C0F8B57,2025-10,2025-10-23,1424.2,1424.2,0.0,True,False
T3C23C0A42C,2025-10,2025-10-25,1098.9,1119.6,20.7,False,False
TEDB2598366,2025-10,2025-10-21,1251.9,1264.0,12.1,False,False
T03D524AC98,2025-10,2025-10-20,1531.8,1545.7,13.9,False,False
T9B658694D7,2025-10,2025-10-24,757.0,779.2,22.2,False,False
T827DB403EF,2025-10,2025-10-20,1028.1,1031.1,3.0,False,False
TD5960FA89C,2025-10,2025-10-22,1256.9,1271.2,14.3,False,False
TEB9CD6778B,2025-10,2025-10-21,1515.7,1533.1,17.4,False,False
TCFB896C903,2025-10,2025-10-23,738.3,751.5,13.2,False,False
T4EBE5132B6,2025-10,2025-10-20,897.4,914.6,17.2,False,False
TD6D7800440,2025-10,2025-10-20,1461.6,1470.7,9.1,False,False
TB1AE49FA20,2025-10,2025-10-22,582.2,591.3,9.1,False,False
TF4940B0970,2025-10,2025-10-25,1182.7,1194.0,11.3,False,False
T6492EC951E,2025-10,2025-10-24,977.2,1016.8,39.6,False,False
T5B2FD74A85,2025-10,2025-10-22,1495.5,1520.4,24.9,False,False
TCF1A6CDF80,2025-10,2025-10-25,489.6,510.2,20.6,False,False
TBA965CD37E,2025-10,2025-10-21,346.8,346.8,0.0,True,False
T8917AF33E8,2025-10,2025-10-21,1244.1,1293.2,49.1,False,False
T4F696F6C0E,2025-10,2025-10-20,410.7,424.2,13.5,False,False
TFB9BD0FCA4,2025-10,2025-10-20,1833.6,1864.0,30.4,False,False
T6372E1147F,2025-10,2025-10-22,1133.7,,,False,False
T8B4FC280C2,2025-10,2025-10-20,507.6,519.2,11.6,False,False
T0AF0DD2FE5,2025-10,2025-10-21,1044.2,1056.1,11.9,False,False
T9BABD62590,2025-10,2025-10-22,1469.1,1507.1,38.0,False,False
TBBD0028CDB,2025-10,2025-10-22,943.8,956.5,12.7,False,False
T30E453AB34,2025-10,2025-10-23,1014.2,1024.9,10.7,False,False
T7DC59256DC,2025-10,2025-10-23,745.7,769.6,23.9,False,False
TCC371206BC,2025-10,2025-10-24,525.7,538.4,12.7,False,False
TDEF092A4C5,2025-10,2025-10-24,1460.0,1469.3,9.3,False,False
TE13FCEC631,2025-10,2025-10-21,1137.9,1137.9,0.0,True,False
T7C3F6A8162,2025-10,2025-10-22,1482.2,1498.7,16.5,False,False
T0F4A3A74ED,2025-10,2025-10-25,879.4,893.0,13.6,False,False
T5BEF82BC17,2025-10,2025-10-20,1372.4,1385.9,13.5,False,False
T07AC5856A4,2025-10,2025-10-20,664.6,676.8,12.2,False,False
T0185184B59,2025-10,2025-10-25,1221.7,1235.7,14.0,False,False
T79F8E1FAE8,2025-10,2025-10-24,295.8,312.2,16.4,False,False
T4D40D256FE,2025-10,2025-10-20,1153.1,1174.6,21.5,False,False
TE74495FCDD,2025-10,2025-10-21,1565.4,1576.2,10.8,False,False
TAD9ED625D1,2025-10,2025-10-24,1476.1,1495.2,19.1,False,False
TE7328B9E12,2025-10,2025-10-23,638.2,643.1,4.9,False,False
T5FC1C50126,2025-10,2025-10-24,1250.9,1281.6,30.7,False,False
T203C71CAC2,2025-10,2025-10-21,1681.0,1697.7,16.7,False,False
T1D1F227112,2025-10,2025-10-20,766.4,783.6,17.2,False,False
TF62BDC6E96,2025-10,2025-10-21,1658.2,1672.8,14.6,False,False
T5D35014BC6,2025-10,2025-10-23,1622.4,1629.5,7.1,False,False
T9C80DA594D,2025-10,2025-10-21,704.7,714.6,9.9,False,False
T575100FEE6,2025-10,2025-10-25,561.3,590.5,29.2,False,False
TFF833858D4,2025-10,2025-10-21,1654.5,1663.8,9.3,False,False
T44C452513D,2025-10,2025-10-21,851.7,851.7,0.0,True,False
TC11C4F89B7,2025-10,2025-10-23,487.8,508.6,20.8,False,False
T519E11C12F,2025-10,2025-10-23,308.8,318.3,9.5,False,False
T1D1C3809AD,2025-10,2025-10-21,1243.2,1291.4,48.2,False,False
T2F89E8ED6F,2025-10,2025-10-21,1477.5,1497.2,19.7,False,False
TED624C9B29,2025-10,2025-10-20,1439.0,1454.6,15.6,False,False
T80599540B9,2025-10,2025-10-21,484.5,509.1,24.6,False,False
T99F86EAA03,2025-10,2025-10-23,964.7,986.4,21.7,False,False
T48E474E620,2025-10,2025-10-24,1391.1,1411.4,20.3,False,False
T62F138B69F,2025-10,2025-10-23,1458.3,1474.9,16.6,False,False
T0ABCC73F5F,2025-10,2025-10-25,1369.2,1380.6,11.4,False,False
T451A03E5F4,2025-10,2025-10-21,1019.4,1054.5,35.1,False,False
T28A5C3A212,2025-10,2025-10-21,932.5,942.5,10.0,False,False
T9BF23AC92B,2025-10,2025-10-23,1097.2,1109.4,12.2,False,False
T8D847ABAD5,2025-10,2025-10-23,913.3,920.0,6.7,False,False
T79AD100612,2025-10,2025-10-20,1282.6,1303.2,20.6,False,False
T595C48877B,2025-10,2025-10-20,1154.6,1174.2,19.6,False,False
T7E1F631507,2025-10,2025-10-22,389.0,402.3,13.3,False,False
T7CEE29F570,2025-10,2025-10-20,494.8,502.8,8.0,False,False
TB28F8F08F4,2025-10,2025-10-21,850.8,861.9,11.1,False,False
T741A1119FA,2025-10,2025-10-22,576.7,599.4,22.7,False,False
T26862D1A4A,2025-10,2025-10-23,1991.9,2028.4,36.5,False,False
TCB96D14BFD,2025-10,2025-10-25,716.7,730.1,13.4,False,False
TF07D19AE17,2025-10,2025-10-25,644.1,674.0,29.9,False,False
T7AE1E63696,2025-10,2025-10-24,1512.1,1522.8,10.7,False,False
TEA687BEEC8,2025-10,2025-10-20,553.6,563.8,10.2,False,False
T5C97BD73CE,2025-10,2025-10-22,1640.6,1657.4,16.8,False,False
T64DF103F27,2025-10,2025-10-23,437.2,446.5,9.3,False,False
T962D5133B5,2025-10,2025-10-20,1364.3,1379.4,15.1,False,False
TFAE2AFD636,2025-10,2025-10-20,1462.4,1470.1,7.7,False,False
T8237A9AE83,2025-10,2025-10-20,573.1,587.2,14.1,False,False
T124789ED12,2025-10,2025-10-20,924.4,931.7,7.3,False,False
T77D8F1F07B,2025-10,2025-10-23,1307.5,1361.7,54.2,False,False
T88E01EE6A9,2025-10,2025-10-24,805.0,827.4,22.4,False,False
TCCA2F0E6D1,2025-10,2025-10-22,608.0,629.5,21.5,False,False
TE7C4074532,2025-10,2025-10-21,579.7,598.5,18.8,False,False
TE08ACE6D71,2025-10,2025-10-20,1670.5,1670.5,0.0,True,False
TF5AB4BC37D,2025-10,2025-10-21,628.0,650.1,22.1,False,False
T31A37C291B,2025-10,2025-10-25,236.7,250.5,13.8,False,False
T85072A41C6,2025-10,2025-10-20,1402.7,1415.5,12.8,False,False
T3DB8E8C91B,2025-10,2025-10-24,1125.4,1140.3,14.9,False,False
T1F21C0A526,2025-10,2025-10-23,521.8,541.1,19.3,False,False
TC653350390,2025-10,2025-10-22,1485.0,1498.7,13.7,False,False
TF357DF2C85,2025-10,2025-10-25,790.3,810.3,20.0,False,False
TC2B54F643A,2025-10,2025-10-22,479.3,486.8,7.5,False,False
T62A907AFA1,2025-10,2025-10-24,704.8,715.0,10.2,False,False
T9B926E1A60,2025-10,2025-10-22,902.2,915.5,13.3,False,False
T95A557D58C,2025-10,2025-10-22,3069.3,3312.0,242.7,False,False
T4FD73F8DF8,2025-10,2025-10-21,313.0,324.9,11.9,False,False
TAA9E781779,2025-10,2025-10-20,1201.2,1216.4,15.2,False,False
T5AB667FA59,2025-10,2025-10-20,1405.4,1425.3,19.9,False,False
T2FB8838715,2025-10,2025-10-23,1629.4,1640.8,11.4,False,False
TDC0B728E72,2025-10,2025-10-22,1445.7,1509.4,63.7,False,False
T500E1E73A5,2025-10,2025-10-21,947.1,961.7,14.6,False,False
T518D652731,2025-10,2025-10-20,807.2,827.7,20.5,False,False
T5F78380FF1,2025-10,2025-10-21,971.5,980.8,9.3,False,False
T2269F4C04A,2025-10,2025-10-22,1583.1,1628.4,45.3,False,False
T75D0C6EEF9,2025-10,2025-10-23,2910.3,3019.4,109.1,False,False
T08C84C6180,2025-10,2025-10-24,498.8,524.9,26.1,False,False
TBE3328794F,2025-10,2025-10-25,1101.9,1109.6,7.7,False,False
T7BF732B1D4,2025-10,2025-10-24,1252.7,1266.3,13.6,False,False
T680C591820,2025-10,2025-10-25,1190.8,1198.7,7.9,False,False
T87B30A11CA,2025-10,2025-10-25,1596.8,1607.1,10.3,False,False
T2C69DDD554,2025-10,2025-10-20,1397.7,1443.2,45.5,False,False
TB5DCDB3D2B,2025-10,2025-10-21,1424.7,1433.0,8.3,False,False
TF1BF705581,2025-10,2025-10-21,908.0,932.0,24.0,False,False
T7861C2062B,2025-10,2025-10-23,1993.6,2021.4,27.8,False,False
T3E7A117328,2025-10,2025-10-20,525.2,542.5,17.3,False,False
T626DE7D352,2025-10,2025-10-25,1793.1,1840.4,47.3,False,False
T30CED3EF6B,2025-10,2025-10-21,1185.8,1203.9,18.1,False,False
T6F621D315F,2025-10,2025-10-23,505.6,534.4,28.8,False,False
T5AEAFABEEB,2025-10,2025-10-25,1126.3,1138.8,12.5,False,False
T6E1A658692,2025-10,2025-10-25,753.4,769.4,16.0,False,False
TDFD739AFF7,2025-10,2025-10-21,1509.5,1522.2,12.7,False,False
T0E7497BE87,2025-10,2025-10-25,398.8,410.1,11.3,False,False
T63245D9338,2025-10,2025-10-21,527.3,548.1,20.8,False,False
T2FC1A9FEB9,2025-10,2025-10-23,567.5,587.3,19.8,False,False
TE5572E3B77,2025-10,2025-10-25,1552.1,1557.8,5.7,False,False
T93AE74FC8C,2025-10,2025-10-20,1078.5,1095.5,17.0,False,False
TCE4F3C1854,2025-10,2025-10-21,1998.9,2027.8,28.9,False,False
T623FDA0FEC,2025-10,2025-10-22,992.5,1008.1,15.6,False,False
T6FCD9FC327,2025-10,2025-10-22,506.8,513.9,7.1,False,False
T26D49D2B10,2025-10,2025-10-24,1381.8,1427.7,45.9,False,True
T6B0F45148F,2025-10,2025-10-24,1894.0,1961.9,67.9,False,False
T5DA6DABC22,2025-10,2025-10-20,760.4,773.4,13.0,False,False
T4C0FAA9237,2025-10,2025-10-23,1104.3,1121.2,16.9,False,False
T629B85F6AE,2025-10,2025-10-24,1578.6,1593.3,14.7,False,False
TE6221DA147,2025-10,2025-10-20,926.9,939.9,13.0,False,False
T7092CB932F,2025-10,2025-10-23,1510.5,1527.6,17.1,False,False
T38F3AD60D6,2025-10,2025-10-25,613.5,632.5,19.0,False,False
T051D6304AA,2025-10,2025-10-20,1174.9,1190.0,15.1,False,False
T1677509027,2025-10,2025-10-23,645.9,656.2,10.3,False,False
TCE43CAAFDD,2025-10,2025-10-21,1121.6,1137.5,15.9,False,False
TD6051C60DD,2025-10,2025-10-23,1592.1,1634.9,42.8,False,False
TD81C7B0AC7,2025-10,2025-10-23,1629.2,1645.6,16.4,False,False
TEB9B6A4FBC,2025-10,2025-10-25,990.3,1003.9,13.6,False,False
T8E67D26322,2025-10,2025-10-24,1780.6,1795.6,15.0,False,False
T0E8259349E,2025-10,2025-10-20,399.9,416.1,16.2,False,False
TEC586A8374,2025-10,2025-10-23,1131.1,1131.1,0.0,True,False
T1E40F3A239,2025-10,2025-10-23,1171.8,1185.1,13.3,False,False
T716C530DED,2025-10,2025-10-24,719.7,733.4,13.7,False,False
T7562476AEF,2025-10,2025-10-22,1771.5,1801.2,29.7,False,False
TB460453C4D,2025-10,2025-10-24,426.6,442.5,15.9,False,False
T4A69C0BA6F,2025-10,2025-10-24,699.8,717.1,17.3,False,False
TB3006B8F03,2025-10,2025-10-25,883.0,893.1,10.1,False,False
TED3E393477,2025-10,2025-10-24,1769.0,1790.6,21.6,False,False
TA014F1FF15,2025-10,2025-10-21,1294.2,1308.1,13.9,False,False
T08D24C843D,2025-10,2025-10-24,540.6,562.6,22.0,False,False
T328C38D103,2025-10,2025-10-25,1777.1,1777.1,0.0,True,False
T5D52776F44,2025-10,2025-10-25,532.6,532.6,0.0,True,False
T350C7F0CAD,2025-10,2025-10-23,632.7,632.7,0.0,True,False
TE4BF83F9A5,2025-10,2025-10-21,1654.0,1682.2,28.2,False,False
T363192FB18,2025-10,2025-10-22,1220.2,1237.4,17.2,False,False
TE7D390D6E1,2025-10,2025-10-22,1125.0,1139.3,14.3,False,False
TEAED0D702E,2025-10,2025-10-20,1126.2,1139.7,13.5,False,False
T76D2631BBE,2025-10,2025-10-24,1398.5,1416.3,17.8,False,False
T41D9DAD65E,2025-10,2025-10-23,750.2,760.5,10.3,False,False
T4FB688BCF2,2025-10,2025-10-22,1301.3,1316.0,14.7,False,False
T49C247A691,2025-10,2025-10-22,770.9,788.7,17.8,False,False
TAD97E4B580,2025-10,2025-10-21,332.7,373.1,40.4,False,True
TA6D3C701E5,2025-10,2025-10-22,482.6,482.6,0.0,True,False
T1629374829,2025-10,2025-10-24,1046.9,1084.4,37.5,False,False
TE380DFCDD5,2025-10,2025-10-20,1283.4,1294.1,10.7,False,False
TC71E645A97,2025-10,2025-10-21,972.5,986.7,14.2,False,False
T3B2D063348,2025-10,2025-10-23,452.1,458.2,6.1,False,False
T6B0703F297,2025-10,2025-10-23,1151.0,1163.9,12.9,False,False
T2442BBD224,2025-10,2025-10-20,828.5,846.7,18.2,False,False
T94AEE9D59A,2025-10,2025-10-23,1113.9,1122.8,8.9,False,False
TC36C8FB548,2025-10,2025-10-20,1504.9,1513.5,8.6,False,False
TEA6C60108F,2025-10,2025-10-22,1940.2,1988.5,48.3,False,False
T5D0DA4A5A3,2025-10,2025-10-24,1049.6,1061.3,11.7,False,False
TCE2F3968A5,2025-10,2025-10-23,1102.8,1116.3,13.5,False,False
T3290CE40ED,2025-10,2025-10-22,1637.1,1657.9,20.8,False,False
TFF800A383C,2025-10,2025-10-23,1241.7,1255.0,13.3,False,False
T43D369AD4F,2025-10,2025-10-22,890.9,904.7,13.8,False,False
T2558B25F4A,2025-10,2025-10-20,257.6,269.5,11.9,False,False
TF2D53B5266,2025-10,2025-10-23,1559.1,1568.9,9.8,False,False
T46E626FB09,2025-10,2025-10-22,447.0,468.1,21.1,False,False
T7E0A59EC74,2025-10,2025-10-21,456.4,461.7,5.3,False,False
TDB77C6E5BA,2025-10,2025-10-21,710.4,723.2,12.8,False,False
TB2420A8657,2025-10,2025-10-20,1225.5,1235.0,9.5,False,False
TB1246EBDB6,2025-10,2025-10-22,691.3,697.7,6.4,False,False
T8C8BD1D187,2025-10,2025-10-23,1485.1,1508.5,23.4,False,False
T9A87FD75BB,2025-10,2025-10-21,675.8,689.8,14.0,False,False
T7220DB253B,2025-10,2025-10-24,866.8,880.2,13.4,False,False
T024582A041,2025-10,2025-10-21,1682.0,1713.6,31.6,False,False
TA3D7EB0EB6,2025-10,2025-10-23,1418.8,1421.0,2.2,False,False
T980F08905D,2025-10,2025-10-24,1464.2,1476.6,12.4,False,False
T0070991C4A,2025-10,2025-10-21,534.8,547.6,12.8,False,False
TE62F9D24A2,2025-10,2025-10-22,956.3,974.0,17.7,False,False
T660F58D22C,2025-10,2025-10-24,1440.0,1458.0,18.0,False,False
TC9C59FD3C0,2025-10,2025-10-24,1516.8,1530.6,13.8,False,False
TC85BCF4679,2025-10,2025-10-23,835.2,855.8,20.6,False,False
T711A4FB3DC,2025-10,2025-10-21,1361.7,1370.2,8.5,False,False
TDA01857472,2025-10,2025-10-25,718.0,723.8,5.8,False,False
T593C7D2F36,2025-10,2025-10-21,1033.6,1042.4,8.8,False,False
TAD1B3ECAF6,2025-10,2025-10-21,949.0,949.0,0.0,True,False
T62DB418771,2025-11,2025-11-23,1396.0,1420.4,24.4,False,False
T516D296A99,2025-11,2025-11-24,865.6,873.2,7.6,False,False
TF6199DECCB,2025-11,2025-11-20,1606.4,1645.1,38.7,False,False
TBFDD3649BD,2025-11,2025-11-22,1541.3,1556.9,15.6,False,False
T1A8F7C05C9,2025-11,2025-11-23,1347.3,1355.2,7.9,False,False
T6B4FC6C7C6,2025-11,2025-11-24,976.0,994.3,18.3,False,False
T6EE7490E19,2025-11,2025-11-22,1622.4,1634.9,12.5,False,False
T771EC6B537,2025-11,2025-11-20,959.6,964.0,4.4,False,False
TA87CD37475,2025-11,2025-11-20,642.1,661.8,19.7,False,False
T00048F12E2,2025-11,2025-11-24,279.8,289.5,9.7,False,False
TDE3B85E449,2025-11,2025-11-23,1257.4,1273.0,15.6,False,False
TDFD5EF1E2B,2025-11,2025-11-25,846.2,860.9,14.7,False,False
T6BE1C12D07,2025-11,2025-11-25,3007.9,3107.5,99.6,False,False
TE17C7596F7,2025-11,2025-11-22,412.3,412.3,0.0,True,False
TF0590D064A,2025-11,2025-11-20,646.5,656.5,10.0,False,False
T0201C8273D,2025-11,2025-11-24,556.2,566.3,10.1,False,False
T416D725964,2025-11,2025-11-24,1337.6,1351.8,14.2,False,False
T592985E849,2025-11,2025-11-21,560.9,583.4,22.5,False,False
T8CFD079CB6,2025-11,2025-11-22,1734.6,1750.7,16.1,False,False
TD10A6EDCA0,2025-11,2025-11-20,1170.9,1189.8,18.9,False,False
T0CE7987E4B,2025-11,2025-11-21,1711.1,1791.6,80.5,False,False
T0F12629295,2025-11,2025-11-23,433.9,437.2,3.3,False,False
T7833B36159,2025-11,2025-11-23,876.4,891.2,14.8,False,False
T997FF51E88,2025-11,2025-11-21,954.8,963.9,9.1,False,False
TB0AFAFC426,2025-11,2025-11-24,2386.7,2459.4,72.7,False,False
T4B2228F178,2025-11,2025-11-21,801.5,820.6,19.1,False,False
T5D1D63651A,2025-11,2025-11-23,590.1,605.3,15.2,False,False
T005A9CE174,2025-11,2025-11-22,1421.7,1431.5,9.8,False,False
T0E572DDC2C,2025-11,2025-11-20,1163.3,1173.2,9.9,False,False
T6B4C3EB33E,2025-11,2025-11-20,1392.9,1399.1,6.2,False,False
T98621FD0F2,2025-11,2025-11-21,2809.8,2969.9,160.1,False,False
TCED7759D69,2025-11,2025-11-22,1515.8,1537.1,21.3,False,False
T148BA00559,2025-11,2025-11-20,1495.0,1510.4,15.4,False,False
T8EF8382AF5,2025-11,2025-11-24,1676.2,1689.6,13.4,False,False
T294140BCEC,2025-11,2025-11-25,622.6,622.6,0.0,True,False
T2B4ECE5F7A,2025-11,2025-11-20,578.0,593.5,15.5,False,False
TFCDB644B38,2025-11,2025-11-21,577.7,599.1,21.4,False,False
TF46C85CB55,2025-11,2025-11-22,736.5,742.6,6.1,False,False
T635E7348B0,2025-11,2025-11-22,634.3,658.1,23.8,False,False
TD950C1321E,2025-11,2025-11-23,535.0,551.5,16.5,False,False
T79F7CA1313,2025-11,2025-11-20,340.3,346.1,5.8,False,False
T1890D0D69D,2025-11,2025-11-22,989.3,1000.8,11.5,False,False
T92ED6C6BBC,2025-11,2025-11-23,536.5,543.3,6.8,False,False
T1A234D637E,2025-11,2025-11-21,1344.7,1359.6,14.9,False,False
T0FA07C2AE6,2025-11,2025-11-20,440.3,447.6,7.3,False,False
T85D9327E38,2025-11,2025-11-22,1515.4,1527.4,12.0,False,False
T9B2220E701,2025-11,2025-11-20,1287.3,1310.4,23.1,False,False
T75AE25B236,2025-11,2025-11-22,1062.1,1076.8,14.7,False,False
T85C4B9E9BD,2025-11,2025-11-25,1264.5,1270.5,6.0,False,False
TAAC46C752C,2025-11,2025-11-25,1584.0,1588.3,4.3,False,False
TB5ABA37301,2025-11,2025-11-24,1143.4,1156.9,13.5,False,False
TDB1931905E,2025-11,2025-11-20,1126.6,1126.6,0.0,True,False
T8A79BCF725,2025-11,2025-11-23,1360.8,1367.9,7.1,False,False
T1383BC162C,2025-11,2025-11-25,1749.0,1763.9,14.9,False,False
TE3F34F661C,2025-11,2025-11-21,1844.3,1893.8,49.5,False,False
T945DF5CC73,2025-11,2025-11-23,1175.4,1183.6,8.2,False,False
T89289351AD,2025-11,2025-11-20,1347.8,1359.6,11.8,False,False
T3C6A8E589D,2025-11,2025-11-25,725.0,747.8,22.8,False,False
T9EDB41553F,2025-11,2025-11-23,326.3,334.8,8.5,False,False
T39FECD2D40,2025-11,2025-11-24,1020.8,1037.4,16.6,False,False
T393F331539,2025-11,2025-11-23,548.6,559.2,10.6,False,False
T44E572D176,2025-11,2025-11-25,640.5,659.5,19.0,False,False
T6A0C9518A5,2025-11,2025-11-23,1391.4,1403.7,12.3,False,False
T6F6C091F32,2025-11,2025-11-24,1511.2,1524.7,13.5,False,False
T0A7DFC3903,2025-11,2025-11-24,1644.7,1668.8,24.1,False,False
T4CA807AAAE,2025-11,2025-11-22,904.9,941.1,36.2,False,False
T292B036CC6,2025-11,2025-11-24,1100.3,1100.3,0.0,True,False
TF252236170,2025-11,2025-11-24,355.0,370.1,15.1,False,False
T47A88C447A,2025-11,2025-11-21,815.6,822.6,7.0,False,False
T29274E7656,2025-11,2025-11-21,522.5,539.0,16.5,False,False
TF94B3B4CEA,2025-11,2025-11-23,789.4,803.5,14.1,False,False
TD79C86593F,2025-11,2025-11-22,1256.3,1275.0,18.7,False,False
T042B2178D1,2025-11,2025-11-20,412.0,412.0,0.0,True,False
TE9E2B18053,2025-11,2025-11-24,1452.8,1506.0,53.2,False,False
T80D9A080BE,2025-11,2025-11-25,2403.8,2449.8,46.0,False,False
T580C1D0E5A,2025-11,2025-11-20,1424.6,1479.8,55.2,False,False
T262047037E,2025-11,2025-11-20,705.2,234.91438523109593,11.4,False,False
T997FBB56CB,2025-11,2025-11-21,1626.0,1640.0,14.0,False,False
T488907BADA,2025-11,2025-11-25,771.6,793.1,21.5,False,False
T959B664297,2025-11,2025-11-25,274.2,287.2,13.0,False,False
TCE4FA87780,2025-11,2025-11-24,1407.6,1418.3,10.7,False,False
T6A6F416B64,2025-11,2025-11-25,1223.1,1238.9,15.8,False,False
T5C22EC11B8,2025-11,2025-11-22,1453.6,1453.6,0.0,True,False
T132EB7CE2B,2025-11,2025-11-20,1300.7,1315.3,14.6,False,False
T011F73020E,2025-11,2025-11-23,1339.8,1350.4,10.6,False,False
T0197678D11,2025-11,2025-11-22,1245.3,1350.8,105.5,False,True
TBA58CFEBC6,2025-11,2025-11-25,1804.0,1824.9,20.9,False,False
T78A401EEAD,2025-11,2025-11-23,496.3,513.8,17.5,False,False
TE33F90B286,2025-11,2025-11-21,524.1,537.7,13.6,False,False
T761C9E26E6,2025-11,2025-11-22,523.8,547.9,24.1,False,True
T65187CE62C,2025-11,2025-11-21,1188.3,1232.2,43.9,False,False
T6DD4962896,2025-11,2025-11-22,431.2,447.3,16.1,False,False
T57E5EAB9B8,2025-11,2025-11-21,1220.7,1234.5,13.8,False,False
T0D1C506545,2025-11,2025-11-21,975.5,987.5,12.0,False,False
T16385BC409,2025-11,2025-11-21,413.8,422.3,8.5,False,False
T703E749B16,2025-11,2025-11-25,889.3,901.5,12.2,False,False
TE03815B898,2025-11,2025-11-25,1703.6,1723.1,19.5,False,False
T5EDC8CD764,2025-11,2025-11-23,1252.3,1264.0,11.7,False,False
T8A0E42EA46,2025-11,2025-11-20,1373.3,1388.5,15.2,False,False
T58E4665FE8,2025-11,2025-11-20,614.3,630.1,15.8,False,False
T45A3829C6C,2025-11,2025-11-25,454.2,466.1,11.9,False,False
T0F2B41D96D,2025-11,2025-11-23,706.6,736.8,30.2,False,False
T45E4DAC832,2025-11,2025-11-21,944.5,957.6,13.1,False,False
TB308B5DC7A,2025-11,2025-11-24,1327.1,1341.5,14.4,False,False
T5A52BDFD5B,2025-11,2025-11-20,1281.4,1290.1,8.7,False,False
T3B6195226D,2025-11,2025-11-20,704.7,726.5,21.8,False,False
TEF3ACC364D,2025-11,2025-11-21,281.9,293.3,11.4,False,False
T0E3944E1C7,2025-11,2025-11-20,1605.5,1618.6,13.1,False,False
TC5E02C2AE1,2025-11,2025-11-21,965.3,971.7,6.4,False,False
T9C181CA6B2,2025-11,2025-11-25,911.8,929.3,17.5,False,False
T46D0D9FE06,2025-11,2025-11-20,1106.6,1121.3,14.7,False,False
T3763EE0258,2025-11,2025-11-23,419.6,431.1,11.5,False,False
TB6793708AF,2025-11,2025-11-24,918.3,926.0,7.7,False,False
T02BF3919B7,2025-11,2025-11-25,1364.5,1380.1,15.6,False,False
T61903D0C08,2025-11,2025-11-20,572.9,590.7,17.8,False,False
T1540962193,2025-11,2025-11-22,1605.4,1686.9,81.5,False,False
TE8DF4BFC62,2025-11,2025-11-21,2074.6,2111.7,37.1,False,False
T97A5E4F98E,2025-11,2025-11-24,1392.6,1408.5,15.9,False,False
TB2B631F6DE,2025-11,2025-11-22,293.6,311.7,18.1,False,False
TFD4476DD46,2025-11,2025-11-21,982.0,1005.0,23.0,False,False
T63AE43B763,2025-11,2025-11-21,1223.3,1254.2,30.9,False,False
TF7E0F3ADFA,2025-11,2025-11-22,606.9,609.7,2.8,False,False
T9F3D4A99A8,2025-11,2025-11-20,1058.8,1064.5,5.7,False,False
T3AF0CA5142,2025-11,2025-11-23,1530.9,1577.0,46.1,False,False
T525C93E294,2025-11,2025-11-25,389.8,401.1,11.3,False,False
TA60FF3309B,2025-11,2025-11-25,1334.0,1346.6,12.6,False,False
T6230F0F81A,2025-11,2025-11-21,345.3,356.4,11.1,False,False
T486DC7662A,2025-11,2025-11-24,4315.7,4475.7,160.0,False,False
T0DD0FDF0BD,2025-11,2025-11-22,868.9,868.9,0.0,True,False
T81EEF6FCD3,2025-11,2025-11-24,936.6,948.6,12.0,False,False
T6269371CAA,2025-11,2025-11-24,1495.4,1502.5,7.1,False,False
TF7BDB30AC3,2025-11,2025-11-23,962.2,990.2,28.0,False,False
TC1EBE75CAC,2025-11,2025-11-25,1217.0,1237.1,20.1,False,False
T0A0805FB46,2025-11,2025-11-22,1853.0,,,False,False
T7C1EBC3C4C,2025-11,2025-11-24,645.5,664.5,19.0,False,False
TFB5558315C,2025-11,2025-11-22,434.5,454.5,20.0,False,False
T4D34DCD6FE,2025-11,2025-11-20,903.9,913.9,10.0,False,False
T8F2163E1AC,2025-11,2025-11-20,1781.6,1805.1,23.5,False,False
T6D36EEA27E,2025-11,2025-11-25,375.5,388.6,13.1,False,False
TD718599337,2025-11,2025-11-23,1419.5,1461.7,42.2,False,False
TACFC1D584E,2025-11,2025-11-23,1511.5,1531.4,19.9,False,False
TE1CE4D9E5A,2025-11,2025-11-24,498.7,510.9,12.2,False,False
TEEB9050E6F,2025-11,2025-11-24,975.7,993.9,18.2,False,False
T266175A7E1,2025-11,2025-11-24,1692.0,1722.6,30.6,False,False
T188F8436EB,2025-11,2025-11-25,592.2,599.5,7.3,False,False
TBF5EF4019A,2025-11,2025-11-21,951.3,959.2,7.9,False,False
TF8038E3438,2025-11,2025-11-20,828.8,839.1,10.3,False,False
T14A35B501D,2025-11,2025-11-25,1421.3,1453.2,31.9,False,False
TACA1F6575E,2025-11,2025-11-25,215.3,225.9,10.6,False,False
T425CF74F89,2025-11,2025-11-25,993.6,996.7,3.1,False,False
T7E561E41DF,2025-11,2025-11-25,1736.2,1736.2,0.0,True,False
TAE21909B09,2025-11,2025-11-20,701.4,709.7,8.3,False,False
TA49FD77129,2025-11,2025-11-24,1423.9,1462.0,38.1,False,False
T83C53CBDE3,2025-11,2025-11-20,1049.5,1068.1,18.6,False,False
T8989E9F3E0,2025-11,2025-11-20,1352.5,1374.2,21.7,False,False
T0E868A3F47,2025-11,2025-11-20,1802.5,1819.7,17.2,False,False
TAA4A146A6F,2025-11,2025-11-20,1048.8,1059.3,10.5,False,False
T929701588B,2025-11,2025-11-22,686.8,693.3,6.5,False,False
TCBA87E8F93,2025-11,2025-11-22,1669.8,1684.4,14.6,False,False
T71B2CE98BC,2025-11,2025-11-20,1816.0,1842.0,26.0,False,False
T3104E606FB,2025-11,2025-11-24,1688.9,1700.4,11.5,False,False
TC9C584B8EF,2025-11,2025-11-21,727.0,739.5,12.5,False,False
T42EAACA5A6,2025-11,2025-11-20,595.8,605.6,9.8,False,False
T27CD292019,2025-11,2025-11-23,1687.1,1709.4,22.3,False,False
T2631941D4D,2025-11,2025-11-23,1783.7,1803.1,19.4,False,False
TD6D0D046B5,2025-11,2025-11-25,475.3,483.0,7.7,False,False
T930BCF26DA,2025-11,2025-11-23,1662.6,1680.6,18.0,False,False
T7A263D97A8,2025-11,2025-11-20,458.2,479.5,21.3,False,False
T84CC232045,2025-11,2025-11-23,1159.4,1170.9,11.5,False,False
T1F7089E5B3,2025-11,2025-11-25,1456.3,1520.4,64.1,False,True
T6DD01C39D7,2025-11,2025-11-25,1515.4,1515.4,0.0,True,False
TE3814F5946,2025-11,2025-11-23,1194.7,1204.2,9.5,False,False
T260F6D657D,2025-11,2025-11-25,1739.6,1750.5,10.9,False,False
TF9F158A927,2025-11,2025-11-24,946.6,961.2,14.6,False,False
T2A78E596A5,2025-11,2025-11-23,760.0,782.4,22.4,False,False
T48829C6681,2025-11,2025-11-20,899.0,916.1,17.1,False,False
T5446AB5D4F,2025-11,2025-11-20,1500.3,1510.3,10.0,False,False
T6FEE2A0A85,2025-11,2025-11-21,445.8,458.2,12.4,False,False
T37BA3005AD,2025-11,2025-11-25,1359.5,1377.4,17.9,False,False
T599538981A,2025-11,2025-11-22,1629.2,1629.2,0.0,True,False
TC1FE3D7E79,2025-11,2025-11-20,1297.7,1312.3,14.6,False,False
TAB633F4546,2025-11,2025-11-20,467.4,467.4,0.0,True,False
TEF123948C4,2025-11,2025-11-23,728.1,738.3,10.2,False,False
T50EA3E30B0,2025-11,2025-11-25,1261.3,1273.5,12.2,False,False
T10E8B50E63,2025-11,2025-11-24,1583.9,1608.2,24.3,False,False
T75445AB825,2025-11,2025-11-20,1303.3,1314.9,11.6,False,False
T9AEC04CEE6,2025-11,2025-11-23,349.5,360.4,10.9,False,False
TE59C7E0558,2025-11,2025-11-21,519.8,528.1,8.3,False,False
T017F5CC857,2025-11,2025-11-25,1606.7,1623.2,16.5,False,False
T5740214D00,2025-11,2025-11-21,514.0,518.1,4.1,False,False
TA54FDBC969,2025-11,2025-11-21,1310.8,1344.5,33.7,False,False
T79348D1D8C,2025-11,2025-11-23,1243.5,1315.9,72.4,False,False
T0C38B9638D,2025-11,2025-11-25,1205.1,1224.4,19.3,False,False
TF8CD7DEDDA,2025-11,2025-11-24,943.3,961.8,18.5,False,False
TD4AA44C620,2025-11,2025-11-25,921.6,944.6,23.0,False,False
TBA22021045,2025-11,2025-11-25,1279.6,1317.4,37.8,False,False
TAE4991C39A,2025-11,2025-11-22,1665.1,1680.3,15.2,False,False
T926427EC22,2025-11,2025-11-21,840.9,854.6,13.7,False,False
T03F3726F54,2025-11,2025-11-25,1107.7,1119.0,11.3,False,False
T9C5C1B51E6,2025-11,2025-11-25,467.9,467.9,0.0,True,False
TAB67F85714,2025-11,2025-11-25,1789.3,1807.0,17.7,False,False
T021E4A2B45,2025-11,2025-11-22,725.3,738.7,13.4,False,False
T9C284C6EDE,2025-11,2025-11-25,1667.8,1684.4,16.6,False,False
TE5AE06739E,2025-11,2025-11-20,353.9,369.3,15.4,False,False
T01F422D988,2025-11,2025-11-24,1660.2,1670.0,9.8,False,False
T812E69DF24,2025-11,2025-11-25,1488.6,1541.4,52.8,False,False
T1753290875,2025-11,2025-11-24,1580.1,1593.2,13.1,False,False
T6453265506,2025-11,2025-11-21,3199.0,3333.7,134.7,False,False
T3DCE54CBCD,2025-11,2025-11-23,345.8,356.0,10.2,False,False
T25A59C1230,2025-11,2025-11-23,507.2,531.9,24.7,False,False
T7149DBE7E7,2025-11,2025-11-25,1325.9,1363.8,37.9,False,False
T17B01CE93D,2025-11,2025-11-23,1512.6,1525.3,12.7,False,False
T2A7B7C0706,2025-11,2025-11-21,1489.8,1503.0,13.2,False,False
TA2A12750E0,2025-11,2025-11-24,624.7,635.7,11.0,False,False
TCDF5CCF9D1,2025-11,2025-11-23,1836.1,1853.0,16.9,False,False
T136877D852,2025-11,2025-11-24,1338.4,1356.5,18.1,False,False
TD93E7F3525,2025-11,2025-11-20,1326.5,1342.0,15.5,False,True
T9E698DAD97,2025-11,2025-11-25,489.4,504.3,14.9,False,False
TA7CD008CD2,2025-11,2025-11-25,1574.4,1595.0,20.6,False,False
TB5E2F0D295,2025-11,2025-11-24,1012.6,1061.9,49.3,False,True
T886651EB56,2025-11,2025-11-25,1882.1,1903.3,21.2,False,False
T726E26C014,2025-11,2025-11-21,552.7,559.8,7.1,False,False
T47801013F9,2025-11,2025-11-23,406.7,423.5,16.8,False,False
T7B44E5C01C,2025-11,2025-11-25,1167.6,1172.0,4.4,False,False
T06E1B5C91E,2025-11,2025-11-23,777.1,790.5,13.4,False,False
TBD7AFAA9AB,2025-11,2025-11-20,1343.8,1360.6,16.8,False,False
T3A8AE15DE9,2025-11,2025-11-21,1134.1,1145.7,11.6,False,False
T90FCBE8560,2025-11,2025-11-21,1377.4,1377.4,0.0,True,False
T6B76BCDCC8,2025-11,2025-11-21,2159.5,2216.1,56.6,False,False
T6B61D786E8,2025-11,2025-11-20,1153.8,1168.0,14.2,False,False
TD8B8E83F9D,2025-11,2025-11-24,1458.2,1474.7,16.5,False,False
T353F39960E,2025-11,2025-11-24,513.9,523.8,9.9,False,False
TC44518846F,2025-11,2025-11-22,472.5,488.1,15.6,False,False
T3DBD424B8F,2025-11,2025-11-22,718.0,728.1,10.1,False,False
TB8E4E6CA4C,2025-11,2025-11-23,1109.1,1142.4,33.3,False,False
T54630B6404,2025-11,2025-11-24,473.6,490.2,16.6,False,False
T71623730B1,2025-11,2025-11-20,1206.1,1219.5,13.4,False,False
T7436A106AE,2025-11,2025-11-20,529.1,537.6,8.5,False,False
T6191B8FD69,2025-11,2025-11-22,1257.3,1265.1,7.8,False,False
TBA7727A83B,2025-11,2025-11-25,577.0,586.7,9.7,False,False
T66B24DDB8C,2025-11,2025-11-25,1752.0,1764.5,12.5,False,False
T0EAA0EDBAF,2025-11,2025-11-23,1016.6,1050.8,34.2,False,False
TDCBC842E3A,2025-11,2025-11-20,774.0,789.4,15.4,False,False
T305BACE840,2025-11,2025-11-23,917.8,930.4,12.6,False,False
TAD0E244201,2025-11,2025-11-21,1316.4,1333.9,17.5,False,False
T824A68B378,2025-11,2025-11-25,1314.0,1314.0,0.0,True,False
T9F72B39B89,2025-11,2025-11-23,758.4,766.6,8.2,False,False
T0380D1AD85,2025-11,2025-11-21,1228.5,1247.4,18.9,False,False
TD58AFBB420,2025-11,2025-11-22,2340.7,2378.3,37.6,False,False
TB1A6FA6009,2025-11,2025-11-24,478.5,491.0,12.5,False,False
TB95EB354D9,2025-11,2025-11-22,1227.6,1250.2,22.6,False,False
T6EBEC2B9E3,2025-11,2025-11-21,657.3,670.3,13.0,False,False
TCBAFB86C54,2025-11,2025-11-23,1655.7,1667.2,11.5,False,False
T2D884BEE59,2025-11,2025-11-22,1387.2,1402.2,15.0,False,False
T81E3CAC404,2025-11,2025-11-24,1410.0,1419.1,9.1,False,False
TB13246DF04,2025-11,2025-11-23,2420.2,,,False,False
T38FC29870C,2025-11,2025-11-21,990.0,1000.5,10.5,False,False
T0B952300A6,2025-11,2025-11-21,1255.7,1273.9,18.2,False,False
T592EE5AE5A,2025-11,2025-11-22,613.9,628.4,14.5,False,False
T8AB7B992DC,2025-11,2025-11-20,1620.9,1629.9,9.0,False,False
TE13531501B,2025-11,2025-11-21,337.8,352.2,14.4,False,False
T603C6A7DDF,2025-11,2025-11-23,2098.2,2139.8,41.6,False,False
T9B1CF87E17,2025-11,2025-11-22,738.4,755.6,17.2,False,False
T7E47E27FFB,2025-11,2025-11-22,1174.1,1187.4,13.3,False,False
T2FE3E18EED,2025-11,2025-11-21,1155.6,1165.9,10.3,False,False
T518FD2CD05,2025-11,2025-11-25,870.0,888.5,18.5,False,False
TCA03B52F53,2025-11,2025-11-22,453.7,453.7,0.0,True,False
TC97F0C81C8,2025-11,2025-11-25,2720.1,2855.9,135.8,False,False
T5825BB17FC,2025-11,2025-11-20,975.8,1036.3,60.5,False,False
TC5E185C6E8,2025-11,2025-11-21,280.2,292.8,12.6,False,False
TEAD9E81003,2025-11,2025-11-24,933.5,950.1,16.6,False,False
TE23D5A574A,2025-11,2025-11-23,951.2,959.7,8.5,False,False
T04048D53A3,2025-11,2025-11-22,728.1,736.1,8.0,False,False
TE1AA9E77A7,2025-11,2025-11-23,958.7,963.6,4.9,False,False
TC54C99BA73,2025-11,2025-11-25,981.1,1015.3,34.2,False,False
T013C0F8B57,2025-11,2025-11-21,1424.2,1439.1,14.9,False,False
T3C23C0A42C,2025-11,2025-11-22,1119.6,1138.6,19.0,False,False
TEDB2598366,2025-11,2025-11-25,1264.0,1278.0,14.0,False,False
T03D524AC98,2025-11,2025-11-20,1545.7,1559.7,14.0,False,False
T9B658694D7,2025-11,2025-11-23,779.2,799.6,20.4,False,False
T827DB403EF,2025-11,2025-11-24,1031.1,1033.5,2.4,False,False
TD5960FA89C,2025-11,2025-11-20,1271.2,1284.1,12.9,False,False
TEB9CD6778B,2025-11,2025-11-22,1533.1,1547.7,14.6,False,False
TCFB896C903,2025-11,2025-11-21,751.5,762.7,11.2,False,False
T4EBE5132B6,2025-11,2025-11-25,914.6,933.1,18.5,False,False
TD6D7800440,2025-11,2025-11-21,1470.7,1480.1,9.4,False,False
TB1AE49FA20,2025-11,2025-11-21,591.3,599.9,8.6,False,False
TF4940B0970,2025-11,2025-11-20,1194.0,1207.2,13.2,False,False
T6492EC951E,2025-11,2025-11-25,1016.8,1057.0,40.2,False,False
T5B2FD74A85,2025-11,2025-11-21,1520.4,1537.1,16.7,False,False
TCF1A6CDF80,2025-11,2025-11-24,510.2,527.2,17.0,False,False
TBA965CD37E,2025-11,2025-11-24,346.8,358.7,11.9,False,False
T8917AF33E8,2025-11,2025-11-20,1293.2,1373.5,80.3,False,False
T4F696F6C0E,2025-11,2025-11-25,424.2,441.7,17.5,False,False
TFB9BD0FCA4,2025-11,2025-11-25,1864.0,1895.9,31.9,False,False
T6372E1147F,2025-11,2025-11-20,1147.5,1210.7,63.2,False,True
T8B4FC280C2,2025-11,2025-11-21,519.2,531.7,12.5,False,False
T0AF0DD2FE5,2025-11,2025-11-21,1056.1,1068.1,12.0,False,False
T9BABD62590,2025-11,2025-11-25,1507.1,1550.4,43.3,False,False
TBBD0028CDB,2025-11,2025-11-23,956.5,956.5,0.0,True,False
T30E453AB34,2025-11,2025-11-21,1024.9,1035.9,11.0,False,False
T7DC59256DC,2025-11,2025-11-25,769.6,792.0,22.4,False,False
TCC371206BC,2025-11,2025-11-20,538.4,547.6,9.2,False,False
TDEF092A4C5,2025-11,2025-11-20,1469.3,1478.9,9.6,False,False
TE13FCEC631,2025-11,2025-11-20,1137.9,1151.8,13.9,False,False
T7C3F6A8162,2025-11,2025-11-25,1498.7,1521.7,23.0,False,False
T0F4A3A74ED,2025-11,2025-11-21,893.0,907.0,14.0,False,False
T5BEF82BC17,2025-11,2025-11-24,1385.9,1399.8,13.9,False,False
T07AC5856A4,2025-11,2025-11-20,676.8,687.2,10.4,False,False
T0185184B59,2025-11,2025-11-23,1235.7,1244.5,8.8,False,False
T79F8E1FAE8,2025-11,2025-11-25,312.2,323.4,11.2,False,False
T4D40D256FE,2025-11,2025-11-20,1174.6,1200.4,25.8,False,False
TE74495FCDD,2025-11,2025-11-25,1576.2,1589.9,13.7,False,False
TAD9ED625D1,2025-11,2025-11-20,1495.2,1507.7,12.5,False,False
TE7328B9E12,2025-11,2025-11-22,643.1,648.0,4.9,False,False
T5FC1C50126,2025-11,2025-11-21,1281.6,1307.3,25.7,False,False
T203C71CAC2,2025-11,2025-11-21,1697.7,1715.5,17.8,False,False
T1D1F227112,2025-11,2025-11-25,783.6,800.1,16.5,False,False
TF62BDC6E96,2025-11,2025-11-24,1672.8,1687.9,15.1,False,False
T5D35014BC6,2025-11,2025-11-23,1629.5,1638.5,9.0,False,False
T9C80DA594D,2025-11,2025-11-25,714.6,724.6,10.0,False,False
T575100FEE6,2025-11,2025-11-25,590.5,623.9,33.4,False,False
TFF833858D4,2025-11,2025-11-25,1663.8,1675.4,11.6,False,False
T44C452513D,2025-11,2025-11-20,851.7,864.3,12.6,False,False
TC11C4F89B7,2025-11,2025-11-21,508.6,527.6,19.0,False,False
T519E11C12F,2025-11,2025-11-20,318.3,328.0,9.7,False,False
T1D1C3809AD,2025-11,2025-11-23,1291.4,1344.8,53.4,False,False
T2F89E8ED6F,2025-11,2025-11-22,1497.2,1513.3,16.1,False,False
TED624C9B29,2025-11,2025-11-23,1454.6,1467.2,12.6,False,False
T80599540B9,2025-11,2025-11-25,509.1,541.8,32.7,False,False
T99F86EAA03,2025-11,2025-11-23,986.4,1015.3,28.9,False,False
T48E474E620,2025-11,2025-11-23,1411.4,1428.3,16.9,False,False
T62F138B69F,2025-11,2025-11-25,1474.9,1495.6,20.7,False,False
T0ABCC73F5F,2025-11,2025-11-21,1380.6,1389.6,9.0,False,False
T451A03E5F4,2025-11,2025-11-23,1054.5,1093.7,39.2,False,False
T28A5C3A212,2025-11,2025-11-22,942.5,951.1,8.6,False,False
T9BF23AC92B,2025-11,2025-11-24,1109.4,1122.1,12.7,False,False
T8D847ABAD5,2025-11,2025-11-23,920.0,928.4,8.4,False,False
T79AD100612,2025-11,2025-11-21,1303.2,1325.7,22.5,False,False
T595C48877B,2025-11,2025-11-24,1174.2,,,False,False
T7E1F631507,2025-11,2025-11-25,402.3,414.6,12.3,False,False
T7CEE29F570,2025-11,2025-11-23,502.8,512.1,9.3,False,False
TB28F8F08F4,2025-11,2025-11-21,861.9,871.8,9.9,False,False
T741A1119FA,2025-11,2025-11-24,599.4,621.5,22.1,False,False
T26862D1A4A,2025-11,2025-11-23,2028.4,2070.1,41.7,False,False
TCB96D14BFD,2025-11,2025-11-24,730.1,740.4,10.3,False,False
TF07D19AE17,2025-11,2025-11-24,674.0,709.8,35.8,False,False
T7AE1E63696,2025-11,2025-11-20,1522.8,1533.7,10.9,False,False
TEA687BEEC8,2025-11,2025-11-22,563.8,578.9,15.1,False,False
T5C97BD73CE,2025-11,2025-11-20,1657.4,1672.8,15.4,False,False
T64DF103F27,2025-11,2025-11-24,446.5,458.7,12.2,False,False
T962D5133B5,2025-11,2025-11-21,1379.4,1397.4,18.0,False,False
TFAE2AFD636,2025-11,2025-11-22,1470.1,1478.3,8.2,False,False
T8237A9AE83,2025-11,2025-11-23,587.2,602.3,15.1,False,False
T124789ED12,2025-11,2025-11-23,931.7,937.7,6.0,False,False
T77D8F1F07B,2025-11,2025-11-22,1361.7,1408.9,47.2,False,False
T88E01EE6A9,2025-11,2025-11-21,827.4,845.3,17.9,False,False
TCCA2F0E6D1,2025-11,2025-11-25,629.5,645.9,16.4,False,False
TE7C4074532,2025-11,2025-11-25,598.5,629.1,30.6,False,False
TE08ACE6D71,2025-11,2025-11-21,1670.5,1686.3,15.8,False,False
TF5AB4BC37D,2025-11,2025-11-25,650.1,669.0,18.9,False,False
T31A37C291B,2025-11,2025-11-23,250.5,263.2,12.7,False,False
T85072A41C6,2025-11,2025-11-22,1415.5,1425.4,9.9,False,False
T3DB8E8C91B,2025-11,2025-11-22,1140.3,1151.4,11.1,False,False
T1F21C0A526,2025-11,2025-11-22,541.1,557.7,16.6,False,False
TC653350390,2025-11,2025-11-23,1498.7,1508.7,10.0,False,False
TF357DF2C85,2025-11,2025-11-24,810.3,829.4,19.1,False,False
TC2B54F643A,2025-11,2025-11-20,486.8,499.4,12.6,False,False
T62A907AFA1,2025-11,2025-11-24,715.0,725.5,10.5,False,False
T9B926E1A60,2025-11,2025-11-20,915.5,925.3,9.8,False,False
T95A557D58C,2025-11,2025-11-22,3312.0,3465.4,153.4,False,False
T4FD73F8DF8,2025-11,2025-11-21,324.9,333.9,9.0,False,False
TAA9E781779,2025-11,2025-11-25,1216.4,147.25844680564555,14.0,False,False
T5AB667FA59,2025-11,2025-11-21,1425.3,,,False,False
T2FB8838715,2025-11,2025-11-22,1640.8,1658.8,18.0,False,False
TDC0B728E72,2025-11,2025-11-22,1509.4,1568.4,59.0,False,False
T500E1E73A5,2025-11,2025-11-24,961.7,974.0,12.3,False,False
T518D652731,2025-11,2025-11-24,827.7,854.8,27.1,False,False
T5F78380FF1,2025-11,2025-11-24,980.8,994.3,13.5,False,False
T2269F4C04A,2025-11,2025-11-20,1628.4,1666.7,38.3,False,False
T75D0C6EEF9,2025-11,2025-11-21,3019.4,3140.7,121.3,False,False
T08C84C6180,2025-11,2025-11-22,524.9,546.4,21.5,False,False
TBE3328794F,2025-11,2025-11-21,1109.6,1118.0,8.4,False,False
T7BF732B1D4,2025-11,2025-11-25,1266.3,1276.6,10.3,False,False
T680C591820,2025-11,2025-11-25,1198.7,1204.9,6.2,False,False
T87B30A11CA,2025-11,2025-11-25,1607.1,1617.3,10.2,False,False
T2C69DDD554,2025-11,2025-11-21,1443.2,1486.0,42.8,False,False
TB5DCDB3D2B,2025-11,2025-11-24,1433.0,1433.0,0.0,True,False
TF1BF705581,2025-11,2025-11-24,932.0,946.4,14.4,False,False
T7861C2062B,2025-11,2025-11-24,2021.4,2050.3,28.9,False,False
T3E7A117328,2025-11,2025-11-24,542.5,562.2,19.7,False,False
T626DE7D352,2025-11,2025-11-22,1840.4,1895.7,55.3,False,False
T30CED3EF6B,2025-11,2025-11-24,1203.9,1225.6,21.7,False,False
T6F621D315F,2025-11,2025-11-21,534.4,560.7,26.3,False,False
T5AEAFABEEB,2025-11,2025-11-24,1138.8,1147.1,8.3,False,False
T6E1A658692,2025-11,2025-11-25,769.4,785.4,16.0,False,False
TDFD739AFF7,2025-11,2025-11-24,1522.2,1536.5,14.3,False,False
T0E7497BE87,2025-11,2025-11-25,410.1,419.5,9.4,False,False
T63245D9338,2025-11,2025-11-25,548.1,571.9,23.8,False,False
T2FC1A9FEB9,2025-11,2025-11-23,587.3,602.3,15.0,False,False
TE5572E3B77,2025-11,2025-11-23,1557.8,1565.3,7.5,False,False
T93AE74FC8C,2025-11,2025-11-23,1095.5,1095.5,0.0,True,True
TCE4F3C1854,2025-11,2025-11-22,2027.8,2056.9,29.1,False,False
T623FDA0FEC,2025-11,2025-11-21,1008.1,1025.3,17.2,False,False
T6FCD9FC327,2025-11,2025-11-24,513.9,519.7,5.8,False,False
T26D49D2B10,2025-11,2025-11-20,1427.7,1427.7,0.0,True,False
T6B0F45148F,2025-11,2025-11-24,1961.9,2030.7,68.8,False,False
T5DA6DABC22,2025-11,2025-11-23,773.4,786.3,12.9,False,False
T4C0FAA9237,2025-11,2025-11-24,1121.2,1141.9,20.7,False,False
T629B85F6AE,2025-11,2025-11-24,1593.3,1611.6,18.3,False,False
TE6221DA147,2025-11,2025-11-22,939.9,949.8,9.9,False,False
T7092CB932F,2025-11,2025-11-25,1527.6,1545.0,17.4,False,False
T38F3AD60D6,2025-11,2025-11-25,632.5,655.0,22.5,False,False
T051D6304AA,2025-11,2025-11-23,1190.0,1203.0,13.0,False,False
T1677509027,2025-11,2025-11-24,656.2,670.3,14.1,False,False
TCE43CAAFDD,2025-11,2025-11-25,1137.5,1150.3,12.8,False,False
TD6051C60DD,2025-11,2025-11-22,1634.9,1669.1,34.2,False,False
TD81C7B0AC7,2025-11,2025-11-21,1645.6,1658.5,12.9,False,False
TEB9B6A4FBC,2025-11,2025-11-25,1003.9,1018.9,15.0,False,False
T8E67D26322,2025-11,2025-11-20,1795.6,1816.9,21.3,False,False
T0E8259349E,2025-11,2025-11-21,416.1,433.7,17.6,False,False
TEC586A8374,2025-11,2025-11-22,1131.1,1144.1,13.0,False,False
T1E40F3A239,2025-11,2025-11-21,1185.1,1196.7,11.6,False,False
T716C530DED,2025-11,2025-11-25,733.4,757.4,24.0,False,False
T7562476AEF,2025-11,2025-11-25,1801.2,1821.8,20.6,False,False
TB460453C4D,2025-11,2025-11-22,442.5,458.8,16.3,False,False
T4A69C0BA6F,2025-11,2025-11-21,717.1,742.1,25.0,False,False
TB3006B8F03,2025-11,2025-11-21,893.1,905.9,12.8,False,False
TED3E393477,2025-11,2025-11-23,1790.6,1812.7,22.1,False,False
TA014F1FF15,2025-11,2025-11-24,1308.1,1320.6,12.5,False,False
T08D24C843D,2025-11,2025-11-21,562.6,583.2,20.6,False,False
T328C38D103,2025-11,2025-11-22,1777.1,1804.8,27.7,False,False
T5D52776F44,2025-11,2025-11-25,532.6,539.2,6.6,False,False
T350C7F0CAD,2025-11,2025-11-24,632.7,646.6,13.9,False,False
TE4BF83F9A5,2025-11,2025-11-22,1682.2,1711.4,29.2,False,False
T363192FB18,2025-11,2025-11-23,1237.4,1255.7,18.3,False,False
TE7D390D6E1,2025-11,2025-11-20,1139.3,1154.3,15.0,False,False
TEAED0D702E,2025-11,2025-11-21,1139.7,1154.3,14.6,False,False
T76D2631BBE,2025-11,2025-11-22,1416.3,1431.0,14.7,False,False
T41D9DAD65E,2025-11,2025-11-25,760.5,770.2,9.7,False,False
T4FB688BCF2,2025-11,2025-11-23,1316.0,1339.0,23.0,False,False
T49C247A691,2025-11,2025-11-22,788.7,803.7,15.0,False,False
TAD97E4B580,2025-11,2025-11-21,373.1,398.8,25.7,False,True
TA6D3C701E5,2025-11,2025-11-21,482.6,501.7,19.1,False,False
T1629374829,2025-11,2025-11-25,1084.4,1126.0,41.6,False,False
TE380DFCDD5,2025-11,2025-11-20,1294.1,1307.9,13.8,False,False
TC71E645A97,2025-11,2025-11-21,986.7,1002.7,16.0,False,False
T3B2D063348,2025-11,2025-11-20,458.2,465.0,6.8,False,False
T6B0703F297,2025-11,2025-11-23,1163.9,1175.1,11.2,False,False
T2442BBD224,2025-11,2025-11-24,846.7,859.8,13.1,False,False
T94AEE9D59A,2025-11,2025-11-21,1122.8,1131.7,8.9,False,False
TC36C8FB548,2025-11,2025-11-23,1513.5,1513.5,0.0,True,False
TEA6C60108F,2025-11,2025-11-21,1988.5,1988.5,0.0,True,False
T5D0DA4A5A3,2025-11,2025-11-25,1061.3,1071.1,9.8,False,False
TCE2F3968A5,2025-11,2025-11-20,1116.3,1136.7,20.4,False,False
T3290CE40ED,2025-11,2025-11-21,1657.9,1680.8,22.9,False,False
TFF800A383C,2025-11,2025-11-21,1255.0,1271.3,16.3,False,False
T43D369AD4F,2025-11,2025-11-25,904.7,919.3,14.6,False,False
T2558B25F4A,2025-11,2025-11-22,269.5,282.5,13.0,False,False
TF2D53B5266,2025-11,2025-11-20,1568.9,1583.7,14.8,False,False
T46E626FB09,2025-11,2025-11-23,468.1,487.8,19.7,False,False
T7E0A59EC74,2025-11,2025-11-22,461.7,469.7,8.0,False,False
TDB77C6E5BA,2025-11,2025-11-25,723.2,738.3,15.1,False,False
TB2420A8657,2025-11,2025-11-21,1235.0,1245.6,10.6,False,False
TB1246EBDB6,2025-11,2025-11-22,697.7,704.9,7.2,False,False
T8C8BD1D187,2025-11,2025-11-24,1508.5,1526.8,18.3,False,False
T9A87FD75BB,2025-11,2025-11-23,689.8,702.1,12.3,False,False
T7220DB253B,2025-11,2025-11-23,880.2,893.3,13.1,False,False
T024582A041,2025-11,2025-11-24,1713.6,1713.6,0.0,True,False
TA3D7EB0EB6,2025-11,2025-11-20,1421.0,1423.3,2.3,False,False
T980F08905D,2025-11,2025-11-23,1476.6,1487.9,11.3,False,False
T0070991C4A,2025-11,2025-11-25,547.6,560.6,13.0,False,False
TE62F9D24A2,2025-11,2025-11-24,974.0,1001.0,27.0,False,False
T660F58D22C,2025-11,2025-11-22,1458.0,1475.0,17.0,False,False
TC9C59FD3C0,2025-11,2025-11-21,1530.6,1541.9,11.3,False,False
TC85BCF4679,2025-11,2025-11-25,855.8,875.3,19.5,False,False
T711A4FB3DC,2025-11,2025-11-24,1370.2,1376.7,6.5,False,False
TDA01857472,2025-11,2025-11-22,723.8,730.0,6.2,False,False
T593C7D2F36,2025-11,2025-11-25,1042.4,1054.7,12.3,False,False
TAD1B3ECAF6,2025-11,2025-11-25,949.0,970.0,21.0,False,False
T62DB418771,2025-12,2025-12-25,1420.4,1440.6,20.2,False,False
T516D296A99,2025-12,2025-12-24,873.2,882.7,9.5,False,False
TF6199DECCB,2025-12,2025-12-21,1645.1,1687.9,42.8,False,False
TBFDD3649BD,2025-12,2025-12-24,1556.9,1569.8,12.9,False,False
T1A8F7C05C9,2025-12,2025-12-22,1355.2,1362.5,7.3,False,False
T6B4FC6C7C6,2025-12,2025-12-21,994.3,1015.5,21.2,False,False
T6EE7490E19,2025-12,2025-12-24,1634.9,1650.4,15.5,False,False
T771EC6B537,2025-12,2025-12-24,964.0,968.9,4.9,False,False
TA87CD37475,2025-12,2025-12-20,661.8,682.4,20.6,False,False
T00048F12E2,2025-12,2025-12-22,289.5,298.4,8.9,False,False
TDE3B85E449,2025-12,2025-12-24,1273.0,1288.5,15.5,False,False
TDFD5EF1E2B,2025-12,2025-12-21,860.9,878.3,17.4,False,False
T6BE1C12D07,2025-12,2025-12-21,3107.5,3250.2,142.7,False,False
TE17C7596F7,2025-12,2025-12-21,412.3,423.0,10.7,False,False
TF0590D064A,2025-12,2025-12-20,656.5,670.0,13.5,False,False
T0201C8273D,2025-12,2025-12-24,566.3,576.2,9.9,False,False
T416D725964,2025-12,2025-12-23,1351.8,1364.5,12.7,False,False
T592985E849,2025-12,2025-12-22,583.4,604.6,21.2,False,False
T8CFD079CB6,2025-12,2025-12-21,1750.7,1770.7,20.0,False,False
TD10A6EDCA0,2025-12,2025-12-25,1189.8,1210.6,20.8,False,False
T0CE7987E4B,2025-12,2025-12-22,1791.6,1882.7,91.1,False,False
T0F12629295,2025-12,2025-12-21,437.2,440.8,3.6,False,False
T7833B36159,2025-12,2025-12-22,891.2,904.8,13.6,False,False
T997FF51E88,2025-12,2025-12-21,963.9,973.4,9.5,False,False
TB0AFAFC426,2025-12,2025-12-25,2459.4,2506.7,47.3,False,False
T4B2228F178,2025-12,2025-12-20,820.6,845.2,24.6,False,False
T5D1D63651A,2025-12,2025-12-20,605.3,621.1,15.8,False,False
T005A9CE174,2025-12,2025-12-25,1431.5,1442.1,10.6,False,False
T0E572DDC2C,2025-12,2025-12-22,1173.2,1184.0,10.8,False,False
T6B4C3EB33E,2025-12,2025-12-21,1399.1,1404.1,5.0,False,False
T98621FD0F2,2025-12,2025-12-25,2969.9,3144.9,175.0,False,False
TCED7759D69,2025-12,2025-12-21,1537.1,1551.9,14.8,False,False
T148BA00559,2025-12,2025-12-25,1510.4,1535.5,25.1,False,False
T8EF8382AF5,2025-12,2025-12-20,1689.6,1689.6,0.0,True,False
T294140BCEC,2025-12,2025-12-24,622.6,622.6,0.0,True,False
T2B4ECE5F7A,2025-12,2025-12-23,593.5,610.9,17.4,False,False
TFCDB644B38,2025-12,2025-12-25,599.1,619.1,20.0,False,False
TF46C85CB55,2025-12,2025-12-23,742.6,750.1,7.5,False,False
T635E7348B0,2025-12,2025-12-20,658.1,681.2,23.1,False,False
TD950C1321E,2025-12,2025-12-22,551.5,551.5,0.0,True,False
T79F7CA1313,2025-12,2025-12-23,346.1,351.2,5.1,False,False
T1890D0D69D,2025-12,2025-12-21,1000.8,1016.8,16.0,False,False
T92ED6C6BBC,2025-12,2025-12-23,543.3,549.2,5.9,False,False
T1A234D637E,2025-12,2025-12-23,1359.6,1372.4,12.8,False,False
T0FA07C2AE6,2025-12,2025-12-23,447.6,454.0,6.4,False,False
T85D9327E38,2025-12,2025-12-24,1527.4,1540.6,13.2,False,False
T9B2220E701,2025-12,2025-12-20,1310.4,1331.9,21.5,False,False
T75AE25B236,2025-12,2025-12-20,1076.8,1090.9,14.1,False,False
T85C4B9E9BD,2025-12,2025-12-25,1270.5,1277.8,7.3,False,False
TAAC46C752C,2025-12,2025-12-21,1588.3,1596.0,7.7,False,True
TB5ABA37301,2025-12,2025-12-20,1156.9,1181.4,24.5,False,False
TDB1931905E,2025-12,2025-12-25,1126.6,1138.6,12.0,False,False
T8A79BCF725,2025-12,2025-12-24,1367.9,1374.0,6.1,False,False
T1383BC162C,2025-12,2025-12-23,1763.9,1779.6,15.7,False,False
TE3F34F661C,2025-12,2025-12-21,1893.8,1959.2,65.4,False,False
T945DF5CC73,2025-12,2025-12-24,1183.6,1197.1,13.5,False,False
T89289351AD,2025-12,2025-12-25,1359.6,1373.9,14.3,False,False
T3C6A8E589D,2025-12,2025-12-21,747.8,780.8,33.0,False,False
T9EDB41553F,2025-12,2025-12-20,334.8,343.8,9.0,False,False
T39FECD2D40,2025-12,2025-12-23,1037.4,1058.6,21.2,False,False
T393F331539,2025-12,2025-12-25,559.2,559.2,0.0,True,False
T44E572D176,2025-12,2025-12-25,659.5,681.6,22.1,False,False
T6A0C9518A5,2025-12,2025-12-22,1403.7,1414.3,10.6,False,False
T6F6C091F32,2025-12,2025-12-22,1524.7,1541.0,16.3,False,False
T0A7DFC3903,2025-12,2025-12-22,1668.8,1691.3,22.5,False,False
T4CA807AAAE,2025-12,2025-12-20,941.1,994.2,53.1,False,False
T292B036CC6,2025-12,2025-12-21,1100.3,1119.1,18.8,False,False
TF252236170,2025-12,2025-12-22,370.1,370.1,0.0,True,False
T47A88C447A,2025-12,2025-12-23,822.6,829.3,6.7,False,False
T29274E7656,2025-12,2025-12-20,539.0,557.7,18.7,False,False
TF94B3B4CEA,2025-12,2025-12-23,803.5,821.3,17.8,False,False
TD79C86593F,2025-12,2025-12-23,1275.0,1299.3,24.3,False,False
T042B2178D1,2025-12,2025-12-21,412.0,432.5,20.5,False,False
TE9E2B18053,2025-12,2025-12-20,1506.0,1564.0,58.0,False,False
T80D9A080BE,2025-12,2025-12-21,2449.8,2508.9,59.1,False,False
T580C1D0E5A,2025-12,2025-12-20,1479.8,1530.1,50.3,False,False
T262047037E,2025-12,2025-12-23,716.6,731.2,14.6,False,False
T997FBB56CB,2025-12,2025-12-25,1640.0,1657.8,17.8,False,False
T488907BADA,2025-12,2025-12-25,793.1,816.7,23.6,False,False
T959B664297,2025-12,2025-12-21,287.2,301.2,14.0,False,False
TCE4FA87780,2025-12,2025-12-22,1418.3,1431.2,12.9,False,False
T6A6F416B64,2025-12,2025-12-22,1238.9,1256.4,17.5,False,False
T5C22EC11B8,2025-12,2025-12-25,1453.6,1516.9,63.3,False,False
T132EB7CE2B,2025-12,2025-12-23,1315.3,1328.4,13.1,False,False
T011F73020E,2025-12,2025-12-23,1350.4,1368.1,17.7,False,False
T0197678D11,2025-12,2025-12-21,1350.8,1378.3,27.5,False,False
TBA58CFEBC6,2025-12,2025-12-20,1824.9,1848.4,23.5,False,False
T78A401EEAD,2025-12,2025-12-22,513.8,531.1,17.3,False,False
TE33F90B286,2025-12,2025-12-21,537.7,558.8,21.1,False,False
T761C9E26E6,2025-12,2025-12-21,547.9,590.9,43.0,False,True
T65187CE62C,2025-12,2025-12-21,1232.2,1232.2,0.0,True,False
T6DD4962896,2025-12,2025-12-24,447.3,460.8,13.5,False,False
T57E5EAB9B8,2025-12,2025-12-20,1234.5,1234.5,0.0,True,False
T0D1C506545,2025-12,2025-12-21,987.5,1002.8,15.3,False,False
T16385BC409,2025-12,2025-12-24,422.3,430.5,8.2,False,False
T703E749B16,2025-12,2025-12-24,901.5,913.5,12.0,False,False
TE03815B898,2025-12,2025-12-24,1723.1,1723.1,0.0,True,False
T5EDC8CD764,2025-12,2025-12-22,1264.0,1280.3,16.3,False,False
T8A0E42EA46,2025-12,2025-12-24,1388.5,1399.8,11.3,False,False
T58E4665FE8,2025-12,2025-12-23,630.1,651.7,21.6,False,False
T45A3829C6C,2025-12,2025-12-25,466.1,482.1,16.0,False,False
T0F2B41D96D,2025-12,2025-12-24,736.8,769.1,32.3,False,False
T45E4DAC832,2025-12,2025-12-20,957.6,973.2,15.6,False,False
TB308B5DC7A,2025-12,2025-12-20,1341.5,1356.5,15.0,False,False
T5A52BDFD5B,2025-12,2025-12-20,1290.1,1299.9,9.8,False,False
T3B6195226D,2025-12,2025-12-20,726.5,740.5,14.0,False,False
TEF3ACC364D,2025-12,2025-12-23,293.3,301.7,8.4,False,False
T0E3944E1C7,2025-12,2025-12-24,1618.6,1633.7,15.1,False,False
TC5E02C2AE1,2025-12,2025-12-23,971.7,978.3,6.6,False,False
T9C181CA6B2,2025-12,2025-12-20,929.3,943.5,14.2,False,False
T46D0D9FE06,2025-12,2025-12-23,1121.3,1134.4,13.1,False,False
T3763EE0258,2025-12,2025-12-21,431.1,440.8,9.7,False,False
TB6793708AF,2025-12,2025-12-20,926.0,937.2,11.2,False,False
T02BF3919B7,2025-12,2025-12-24,1380.1,1391.2,11.1,False,False
T61903D0C08,2025-12,2025-12-21,590.7,603.7,13.0,False,False
T1540962193,2025-12,2025-12-23,1686.9,1774.1,87.2,False,False
TE8DF4BFC62,2025-12,2025-12-24,2111.7,2154.1,42.4,False,False
T97A5E4F98E,2025-12,2025-12-20,1408.5,1425.6,17.1,False,False
TB2B631F6DE,2025-12,2025-12-21,311.7,328.7,17.0,False,False
TFD4476DD46,2025-12,2025-12-23,1005.0,1027.7,22.7,False,False
T63AE43B763,2025-12,2025-12-22,1254.2,1285.0,30.8,False,False
TF7E0F3ADFA,2025-12,2025-12-25,609.7,612.8,3.1,False,False
T9F3D4A99A8,2025-12,2025-12-20,1064.5,1069.9,5.4,False,False
T3AF0CA5142,2025-12,2025-12-23,1577.0,1624.2,47.2,False,False
T525C93E294,2025-12,2025-12-20,401.1,410.1,9.0,False,False
TA60FF3309B,2025-12,2025-12-23,1346.6,1346.6,0.0,True,False
T6230F0F81A,2025-12,2025-12-24,356.4,356.4,0.0,True,False
T486DC7662A,2025-12,2025-12-22,4475.7,4683.9,208.2,False,False
T0DD0FDF0BD,2025-12,2025-12-21,868.9,890.2,21.3,False,False
T81EEF6FCD3,2025-12,2025-12-25,948.6,958.7,10.1,False,False
T6269371CAA,2025-12,2025-12-20,1502.5,1509.5,7.0,False,False
TF7BDB30AC3,2025-12,2025-12-24,990.2,1019.6,29.4,False,False
TC1EBE75CAC,2025-12,2025-12-25,1237.1,1256.2,19.1,False,False
T0A0805FB46,2025-12,2025-12-21,1879.9,1904.2,24.3,False,False
T7C1EBC3C4C,2025-12,2025-12-25,664.5,682.7,18.2,False,False
TFB5558315C,2025-12,2025-12-24,454.5,454.5,0.0,True,False
T4D34DCD6FE,2025-12,2025-12-22,913.9,929.0,15.1,False,False
T8F2163E1AC,2025-12,2025-12-23,1805.1,1826.7,21.6,False,False
T6D36EEA27E,2025-12,2025-12-24,388.6,403.4,14.8,False,False
TD718599337,2025-12,2025-12-23,1461.7,1461.7,0.0,True,False
TACFC1D584E,2025-12,2025-12-25,1531.4,1557.1,25.7,False,False
TE1CE4D9E5A,2025-12,2025-12-23,510.9,528.3,17.4,False,False
TEEB9050E6F,2025-12,2025-12-21,993.9,1014.3,20.4,False,False
T266175A7E1,2025-12,2025-12-21,1722.6,1743.7,21.1,False,False
T188F8436EB,2025-12,2025-12-22,599.5,609.4,9.9,False,False
TBF5EF4019A,2025-12,2025-12-23,959.2,959.2,0.0,True,False
TF8038E3438,2025-12,2025-12-22,839.1,849.5,10.4,False,False
T14A35B501D,2025-12,2025-12-24,1453.2,1482.0,28.8,False,False
TACA1F6575E,2025-12,2025-12-20,225.9,237.1,11.2,False,False
T425CF74F89,2025-12,2025-12-25,996.7,999.0,2.3,False,False
T7E561E41DF,2025-12,2025-12-21,1736.2,1750.5,14.3,False,False
TAE21909B09,2025-12,2025-12-23,709.7,727.7,18.0,False,False
TA49FD77129,2025-12,2025-12-22,1462.0,1494.6,32.6,False,False
T83C53CBDE3,2025-12,2025-12-24,1068.1,1082.8,14.7,False,False
T8989E9F3E0,2025-12,2025-12-21,1374.2,1400.5,26.3,False,False
T0E868A3F47,2025-12,2025-12-25,1819.7,1841.2,21.5,False,False
TAA4A146A6F,2025-12,2025-12-22,1059.3,1070.9,11.6,False,False
T929701588B,2025-12,2025-12-23,693.3,705.3,12.0,False,False
TCBA87E8F93,2025-12,2025-12-20,1684.4,1701.0,16.6,False,False
T71B2CE98BC,2025-12,2025-12-25,1842.0,1872.1,30.1,False,False
T3104E606FB,2025-12,2025-12-25,1700.4,1713.9,13.5,False,False
TC9C584B8EF,2025-12,2025-12-20,739.5,752.0,12.5,False,False
T42EAACA5A6,2025-12,2025-12-25,605.6,621.8,16.2,False,False
T27CD292019,2025-12,2025-12-23,1709.4,1732.8,23.4,False,False
T2631941D4D,2025-12,2025-12-24,1803.1,1827.2,24.1,False,False
TD6D0D046B5,2025-12,2025-12-21,483.0,491.3,8.3,False,False
T930BCF26DA,2025-12,2025-12-25,1680.6,1694.2,13.6,False,False
T7A263D97A8,2025-12,2025-12-25,479.5,499.4,19.9,False,False
T84CC232045,2025-12,2025-12-21,1170.9,1182.2,11.3,False,False
T1F7089E5B3,2025-12,2025-12-23,1520.4,1589.8,69.4,False,True
T6DD01C39D7,2025-12,2025-12-20,1515.4,1551.8,36.4,False,False
TE3814F5946,2025-12,2025-12-25,1204.2,1212.2,8.0,False,False
T260F6D657D,2025-12,2025-12-22,1750.5,1768.9,18.4,False,False
TF9F158A927,2025-12,2025-12-23,961.2,986.6,25.4,False,False
T2A78E596A5,2025-12,2025-12-20,782.4,805.9,23.5,False,False
T48829C6681,2025-12,2025-12-21,916.1,935.1,19.0,False,False
T5446AB5D4F,2025-12,2025-12-24,1510.3,1522.2,11.9,False,False
T6FEE2A0A85,2025-12,2025-12-22,458.2,470.6,12.4,False,False
T37BA3005AD,2025-12,2025-12-25,1377.4,1398.0,20.6,False,False
T599538981A,2025-12,2025-12-24,1629.2,1680.7,51.5,False,False
TC1FE3D7E79,2025-12,2025-12-23,1312.3,1331.0,18.7,False,False
TAB633F4546,2025-12,2025-12-20,467.4,485.0,17.6,False,False
TEF123948C4,2025-12,2025-12-25,738.3,749.5,11.2,False,False
T50EA3E30B0,2025-12,2025-12-20,1273.5,1288.2,14.7,False,False
T10E8B50E63,2025-12,2025-12-25,1608.2,1643.4,35.2,False,False
T75445AB825,2025-12,2025-12-24,1314.9,1327.6,12.7,False,False
T9AEC04CEE6,2025-12,2025-12-25,360.4,371.3,10.9,False,False
TE59C7E0558,2025-12,2025-12-25,528.1,539.0,10.9,False,False
T017F5CC857,2025-12,2025-12-21,1623.2,1653.6,30.4,False,False
T5740214D00,2025-12,2025-12-25,518.1,518.1,0.0,True,False
TA54FDBC969,2025-12,2025-12-22,1344.5,1386.5,42.0,False,False
T79348D1D8C,2025-12,2025-12-25,1315.9,1379.5,63.6,False,False
T0C38B9638D,2025-12,2025-12-20,1224.4,1252.7,28.3,False,False
TF8CD7DEDDA,2025-12,2025-12-21,961.8,982.2,20.4,False,False
TD4AA44C620,2025-12,2025-12-20,944.6,961.9,17.3,False,False
TBA22021045,2025-12,2025-12-22,1317.4,1379.0,61.6,False,False
TAE4991C39A,2025-12,2025-12-25,1680.3,1697.5,17.2,False,False
T926427EC22,2025-12,2025-12-25,854.6,873.4,18.8,False,False
T03F3726F54,2025-12,2025-12-25,1119.0,1129.3,10.3,False,False
T9C5C1B51E6,2025-12,2025-12-20,467.9,488.7,20.8,False,False
TAB67F85714,2025-12,2025-12-22,1807.0,1821.2,14.2,False,False
T021E4A2B45,2025-12,2025-12-20,738.7,750.6,11.9,False,False
T9C284C6EDE,2025-12,2025-12-25,1684.4,1706.2,21.8,False,False
TE5AE06739E,2025-12,2025-12-25,369.3,384.5,15.2,False,False
T01F422D988,2025-12,2025-12-20,1670.0,1678.3,8.3,False,False
T812E69DF24,2025-12,2025-12-25,1541.4,1603.7,62.3,False,False
T1753290875,2025-12,2025-12-21,1593.2,1608.4,15.2,False,False
T6453265506,2025-12,2025-12-24,3333.7,3449.2,115.5,False,False
T3DCE54CBCD,2025-12,2025-12-25,356.0,364.4,8.4,False,False
T25A59C1230,2025-12,2025-12-25,531.9,564.7,32.8,False,False
T7149DBE7E7,2025-12,2025-12-22,1363.8,1396.3,32.5,False,False
T17B01CE93D,2025-12,2025-12-21,1525.3,1537.0,11.7,False,False
T2A7B7C0706,2025-12,2025-12-24,1503.0,1520.3,17.3,False,False
TA2A12750E0,2025-12,2025-12-20,635.7,649.8,14.1,False,False
TCDF5CCF9D1,2025-12,2025-12-21,1853.0,1870.5,17.5,False,False
T136877D852,2025-12,2025-12-20,1356.5,1374.8,18.3,False,False
TD93E7F3525,2025-12,2025-12-22,1342.0,1363.7,21.7,False,True
T9E698DAD97,2025-12,2025-12-25,504.3,524.2,19.9,False,False
TA7CD008CD2,2025-12,2025-12-22,1595.0,1627.2,32.2,False,False
TB5E2F0D295,2025-12,2025-12-23,1061.9,1096.5,34.6,False,True
T886651EB56,2025-12,2025-12-24,1903.3,1926.3,23.0,False,False
T726E26C014,2025-12,2025-12-22,559.8,568.8,9.0,False,False
T47801013F9,2025-12,2025-12-20,423.5,441.0,17.5,False,False
T7B44E5C01C,2025-12,2025-12-25,1172.0,1177.1,5.1,False,False
T06E1B5C91E,2025-12,2025-12-23,790.5,804.3,13.8,False,False
TBD7AFAA9AB,2025-12,2025-12-20,1360.6,1382.7,22.1,False,False
T3A8AE15DE9,2025-12,2025-12-23,1145.7,1156.7,11.0,False,False
T90FCBE8560,2025-12,2025-12-20,1377.4,1395.4,18.0,False,False
T6B76BCDCC8,2025-12,2025-12-23,2216.1,2278.5,62.4,False,False
T6B61D786E8,2025-12,2025-12-23,1168.0,1180.6,12.6,False,False
TD8B8E83F9D,2025-12,2025-12-21,1474.7,1490.2,15.5,False,False
T353F39960E,2025-12,2025-12-20,523.8,532.2,8.4,False,False
TC44518846F,2025-12,2025-12-20,488.1,505.2,17.1,False,False
T3DBD424B8F,2025-12,2025-12-24,728.1,739.0,10.9,False,False
TB8E4E6CA4C,2025-12,2025-12-24,1142.4,1187.0,44.6,False,False
T54630B6404,2025-12,2025-12-24,490.2,512.5,22.3,False,False
T71623730B1,2025-12,2025-12-24,1219.5,1233.2,13.7,False,False
T7436A106AE,2025-12,2025-12-22,537.6,546.7,9.1,False,False
T6191B8FD69,2025-12,2025-12-21,1265.1,1274.7,9.6,False,False
TBA7727A83B,2025-12,2025-12-22,586.7,600.8,14.1,False,False
T66B24DDB8C,2025-12,2025-12-25,1764.5,1779.0,14.5,False,False
T0EAA0EDBAF,2025-12,2025-12-20,1050.8,1082.1,31.3,False,False
TDCBC842E3A,2025-12,2025-12-22,789.4,789.4,0.0,True,False
T305BACE840,2025-12,2025-12-20,930.4,957.6,27.2,False,False
TAD0E244201,2025-12,2025-12-20,1333.9,1348.6,14.7,False,False
T824A68B378,2025-12,2025-12-20,1314.0,1321.4,7.4,False,False
T9F72B39B89,2025-12,2025-12-21,766.6,778.2,11.6,False,False
T0380D1AD85,2025-12,2025-12-23,1247.4,1265.7,18.3,False,False
TD58AFBB420,2025-12,2025-12-21,2378.3,2431.2,52.9,False,False
TB1A6FA6009,2025-12,2025-12-25,491.0,501.9,10.9,False,False
TB95EB354D9,2025-12,2025-12-20,1250.2,1271.4,21.2,False,False
T6EBEC2B9E3,2025-12,2025-12-22,670.3,687.1,16.8,False,False
TCBAFB86C54,2025-12,2025-12-24,1667.2,1677.3,10.1,False,False
T2D884BEE59,2025-12,2025-12-20,1402.2,1427.6,25.4,False,False
T81E3CAC404,2025-12,2025-12-24,1419.1,1424.8,5.7,False,False
TB13246DF04,2025-12,2025-12-20,2476.6,2539.0,62.4,False,False
T38FC29870C,2025-12,2025-12-22,1000.5,1008.7,8.2,False,False
T0B952300A6,2025-12,2025-12-22,1273.9,1293.4,19.5,False,False
T592EE5AE5A,2025-12,2025-12-23,628.4,642.9,14.5,False,False
T8AB7B992DC,2025-12,2025-12-23,1629.9,1641.8,11.9,False,False
TE13531501B,2025-12,2025-12-25,352.2,363.2,11.0,False,False
T603C6A7DDF,2025-12,2025-12-23,2139.8,2139.8,0.0,True,False
T9B1CF87E17,2025-12,2025-12-23,755.6,777.7,22.1,False,False
T7E47E27FFB,2025-12,2025-12-20,1187.4,1199.7,12.3,False,False
T2FE3E18EED,2025-12,2025-12-21,1165.9,1176.2,10.3,False,False
T518FD2CD05,2025-12,2025-12-23,888.5,906.6,18.1,False,False
TCA03B52F53,2025-12,2025-12-21,453.7,466.9,13.2,False,False
TC97F0C81C8,2025-12,2025-12-20,2855.9,2995.8,139.9,False,False
T5825BB17FC,2025-12,2025-12-22,1036.3,1083.0,46.7,False,False
TC5E185C6E8,2025-12,2025-12-23,292.8,307.3,14.5,False,False
TEAD9E81003,2025-12,2025-12-24,950.1,967.7,17.6,False,False
TE23D5A574A,2025-12,2025-12-25,959.7,971.4,11.7,False,False
T04048D53A3,2025-12,2025-12-25,736.1,745.1,9.0,False,False
TE1AA9E77A7,2025-12,2025-12-23,963.6,971.0,7.4,False,False
TC54C99BA73,2025-12,2025-12-23,1015.3,1048.9,33.6,False,False
T013C0F8B57,2025-12,2025-12-23,1439.1,1451.3,12.2,False,False
T3C23C0A42C,2025-12,2025-12-24,1138.6,1159.8,21.2,False,False
TEDB2598366,2025-12,2025-12-23,1278.0,1278.0,0.0,True,False
T03D524AC98,2025-12,2025-12-22,1559.7,1573.1,13.4,False,False
T9B658694D7,2025-12,2025-12-23,799.6,825.3,25.7,False,False
T827DB403EF,2025-12,2025-12-25,1033.5,1036.6,3.1,False,False
TD5960FA89C,2025-12,2025-12-22,1284.1,1300.2,16.1,False,False
TEB9CD6778B,2025-12,2025-12-25,1547.7,1564.2,16.5,False,False
TCFB896C903,2025-12,2025-12-25,762.7,774.2,11.5,False,False
T4EBE5132B6,2025-12,2025-12-25,933.1,948.1,15.0,False,False
TD6D7800440,2025-12,2025-12-22,1480.1,1492.6,12.5,False,False
TB1AE49FA20,2025-12,2025-12-21,599.9,608.1,8.2,False,False
TF4940B0970,2025-12,2025-12-24,1207.2,1219.5,12.3,False,False
T6492EC951E,2025-12,2025-12-21,1057.0,1102.0,45.0,False,False
T5B2FD74A85,2025-12,2025-12-25,1537.1,1561.1,24.0,False,False
TCF1A6CDF80,2025-12,2025-12-21,527.2,527.2,0.0,True,False
TBA965CD37E,2025-12,2025-12-22,358.7,369.9,11.2,False,False
T8917AF33E8,2025-12,2025-12-25,1373.5,1448.5,75.0,False,False
T4F696F6C0E,2025-12,2025-12-23,441.7,464.5,22.8,False,False
TFB9BD0FCA4,2025-12,2025-12-22,1895.9,1945.3,49.4,False,False
T6372E1147F,2025-12,2025-12-25,1210.7,1226.2,15.5,False,False
T8B4FC280C2,2025-12,2025-12-21,531.7,542.0,10.3,False,False
T0AF0DD2FE5,2025-12,2025-12-25,1068.1,1082.2,14.1,False,False
T9BABD62590,2025-12,2025-12-24,1550.4,1628.2,77.8,False,False
TBBD0028CDB,2025-12,2025-12-21,956.5,956.5,0.0,True,False
T30E453AB34,2025-12,2025-12-21,1035.9,1047.6,11.7,False,False
T7DC59256DC,2025-12,2025-12-24,792.0,822.0,30.0,False,False
TCC371206BC,2025-12,2025-12-22,547.6,559.6,12.0,False,False
TDEF092A4C5,2025-12,2025-12-22,1478.9,1488.9,10.0,False,False
TE13FCEC631,2025-12,2025-12-25,1151.8,1165.9,14.1,False,False
T7C3F6A8162,2025-12,2025-12-25,1521.7,1540.6,18.9,False,False
T0F4A3A74ED,2025-12,2025-12-22,907.0,928.1,21.1,False,False
T5BEF82BC17,2025-12,2025-12-23,1399.8,1413.5,13.7,False,False
T07AC5856A4,2025-12,2025-12-25,687.2,687.2,0.0,True,False
T0185184B59,2025-12,2025-12-23,1244.5,1257.1,12.6,False,False
T79F8E1FAE8,2025-12,2025-12-22,323.4,338.2,14.8,False,False
T4D40D256FE,2025-12,2025-12-20,1200.4,1226.6,26.2,False,False
TE74495FCDD,2025-12,2025-12-24,1589.9,1603.6,13.7,False,False
TAD9ED625D1,2025-12,2025-12-20,1507.7,1530.1,22.4,False,False
TE7328B9E12,2025-12,2025-12-21,648.0,657.6,9.6,False,False
T5FC1C50126,2025-12,2025-12-20,1307.3,1338.9,31.6,False,False
T203C71CAC2,2025-12,2025-12-22,1715.5,1738.2,22.7,False,False
T1D1F227112,2025-12,2025-12-21,800.1,814.8,14.7,False,False
TF62BDC6E96,2025-12,2025-12-24,1687.9,1703.8,15.9,False,False
T5D35014BC6,2025-12,2025-12-20,1638.5,1644.7,6.2,False,False
T9C80DA594D,2025-12,2025-12-20,724.6,734.2,9.6,False,False
T575100FEE6,2025-12,2025-12-25,623.9,654.6,30.7,False,False
TFF833858D4,2025-12,2025-12-23,1675.4,1689.7,14.3,False,False
T44C452513D,2025-12,2025-12-20,864.3,889.5,25.2,False,False
TC11C4F89B7,2025-12,2025-12-23,527.6,551.4,23.8,False,False
T519E11C12F,2025-12,2025-12-22,328.0,338.5,10.5,False,False
T1D1C3809AD,2025-12,2025-12-24,1344.8,1394.1,49.3,False,False
T2F89E8ED6F,2025-12,2025-12-25,1513.3,1531.9,18.6,False,False
TED624C9B29,2025-12,2025-12-21,1467.2,1467.2,0.0,True,False
T80599540B9,2025-12,2025-12-24,541.8,578.2,36.4,False,False
T99F86EAA03,2025-12,2025-12-24,1015.3,1041.1,25.8,False,False
T48E474E620,2025-12,2025-12-22,1428.3,1428.3,0.0,True,False
T62F138B69F,2025-12,2025-12-23,1495.6,1514.1,18.5,False,False
T0ABCC73F5F,2025-12,2025-12-23,1389.6,1399.8,10.2,False,False
T451A03E5F4,2025-12,2025-12-25,1093.7,1124.1,30.4,False,False
T28A5C3A212,2025-12,2025-12-22,951.1,962.4,11.3,False,False
T9BF23AC92B,2025-12,2025-12-21,1122.1,1138.6,16.5,False,False
T8D847ABAD5,2025-12,2025-12-24,928.4,936.2,7.8,False,False
T79AD100612,2025-12,2025-12-21,1325.7,1351.4,25.7,False,False
T595C48877B,2025-12,2025-12-21,1191.4,1213.4,22.0,False,False
T7E1F631507,2025-12,2025-12-25,414.6,431.2,16.6,False,False
T7CEE29F570,2025-12,2025-12-21,512.1,521.6,9.5,False,False
TB28F8F08F4,2025-12,2025-12-24,871.8,885.9,14.1,False,False
T741A1119FA,2025-12,2025-12-25,621.5,621.5,0.0,True,False
T26862D1A4A,2025-12,2025-12-21,2070.1,2104.2,34.1,False,False
TCB96D14BFD,2025-12,2025-12-25,740.4,752.5,12.1,False,False
TF07D19AE17,2025-12,2025-12-24,709.8,742.0,32.2,False,False
T7AE1E63696,2025-12,2025-12-22,1533.7,1544.0,10.3,False,False
TEA687BEEC8,2025-12,2025-12-20,578.9,595.0,16.1,False,False
T5C97BD73CE,2025-12,2025-12-22,1672.8,1672.8,0.0,True,False
T64DF103F27,2025-12,2025-12-22,458.7,468.6,9.9,False,False
T962D5133B5,2025-12,2025-12-22,1397.4,1422.4,25.0,False,False
TFAE2AFD636,2025-12,2025-12-22,1478.3,1489.4,11.1,False,False
T8237A9AE83,2025-12,2025-12-21,602.3,622.7,20.4,False,False
T124789ED12,2025-12,2025-12-23,937.7,943.8,6.1,False,False
T77D8F1F07B,2025-12,2025-12-22,1408.9,1453.2,44.3,False,False
T88E01EE6A9,2025-12,2025-12-23,845.3,864.9,19.6,False,False
TCCA2F0E6D1,2025-12,2025-12-23,645.9,658.2,12.3,False,False
TE7C4074532,2025-12,2025-12-24,629.1,663.9,34.8,False,False
TE08ACE6D71,2025-12,2025-12-22,1686.3,1713.7,27.4,False,False
TF5AB4BC37D,2025-12,2025-12-22,669.0,683.6,14.6,False,False
T31A37C291B,2025-12,2025-12-24,263.2,273.2,10.0,False,False
T85072A41C6,2025-12,2025-12-20,1425.4,1434.5,9.1,False,False
T3DB8E8C91B,2025-12,2025-12-20,1151.4,1166.1,14.7,False,False
T1F21C0A526,2025-12,2025-12-22,557.7,586.3,28.6,False,False
TC653350390,2025-12,2025-12-20,1508.7,1520.8,12.1,False,False
TF357DF2C85,2025-12,2025-12-23,829.4,850.2,20.8,False,False
TC2B54F643A,2025-12,2025-12-25,499.4,511.1,11.7,False,False
T62A907AFA1,2025-12,2025-12-24,725.5,737.9,12.4,False,False
T9B926E1A60,2025-12,2025-12-24,925.3,937.5,12.2,False,False
T95A557D58C,2025-12,2025-12-25,3465.4,3711.1,245.7,False,False
T4FD73F8DF8,2025-12,2025-12-22,333.9,350.6,16.7,False,False
TAA9E781779,2025-12,2025-12-21,1230.4,1242.6,12.2,False,False
T5AB667FA59,2025-12,2025-12-25,1448.2,1473.2,25.0,False,False
T2FB8838715,2025-12,2025-12-23,1658.8,1672.8,14.0,False,False
TDC0B728E72,2025-12,2025-12-20,1568.4,1627.5,59.1,False,False
T500E1E73A5,2025-12,2025-12-25,974.0,985.6,11.6,False,False
T518D652731,2025-12,2025-12-21,854.8,873.5,18.7,False,False
T5F78380FF1,2025-12,2025-12-22,994.3,1006.9,12.6,False,False
T2269F4C04A,2025-12,2025-12-24,1666.7,1707.6,40.9,False,False
T75D0C6EEF9,2025-12,2025-12-24,3140.7,3255.2,114.5,False,False
T08C84C6180,2025-12,2025-12-23,546.4,568.1,21.7,False,False
TBE3328794F,2025-12,2025-12-23,1118.0,1127.3,9.3,False,False
T7BF732B1D4,2025-12,2025-12-22,1276.6,1291.0,14.4,False,False
T680C591820,2025-12,2025-12-23,1204.9,1211.0,6.1,False,False
T87B30A11CA,2025-12,2025-12-23,1617.3,1628.8,11.5,False,False
T2C69DDD554,2025-12,2025-12-20,1486.0,1525.3,39.3,False,False
TB5DCDB3D2B,2025-12,2025-12-25,1433.0,1440.9,7.9,False,False
TF1BF705581,2025-12,2025-12-24,946.4,976.7,30.3,False,False
T7861C2062B,2025-12,2025-12-23,2050.3,2085.2,34.9,False,False
T3E7A117328,2025-12,2025-12-23,562.2,582.9,20.7,False,False
T626DE7D352,2025-12,2025-12-25,1895.7,1947.1,51.4,False,False
T30CED3EF6B,2025-12,2025-12-23,1225.6,1246.3,20.7,False,False
T6F621D315F,2025-12,2025-12-22,560.7,586.2,25.5,False,False
T5AEAFABEEB,2025-12,2025-12-23,1147.1,1158.7,11.6,False,False
T6E1A658692,2025-12,2025-12-22,785.4,805.6,20.2,False,False
TDFD739AFF7,2025-12,2025-12-20,1536.5,1548.8,12.3,False,False
T0E7497BE87,2025-12,2025-12-25,419.5,419.5,0.0,True,False
T63245D9338,2025-12,2025-12-23,571.9,589.2,17.3,False,False
T2FC1A9FEB9,2025-12,2025-12-21,602.3,619.5,17.2,False,False
TE5572E3B77,2025-12,2025-12-24,1565.3,1573.0,7.7,False,False
T93AE74FC8C,2025-12,2025-12-20,1095.5,1115.6,20.1,False,False
TCE4F3C1854,2025-12,2025-12-25,2056.9,2090.2,33.3,False,False
T623FDA0FEC,2025-12,2025-12-25,1025.3,1047.3,22.0,False,False
T6FCD9FC327,2025-12,2025-12-20,519.7,525.8,6.1,False,False
T26D49D2B10,2025-12,2025-12-24,1427.7,1448.8,21.1,False,False
T6B0F45148F,2025-12,2025-12-23,2030.7,2147.4,116.7,False,False
T5DA6DABC22,2025-12,2025-12-24,786.3,804.7,18.4,False,False
T4C0FAA9237,2025-12,2025-12-21,1141.9,1141.9,0.0,True,False
T629B85F6AE,2025-12,2025-12-23,1611.6,1640.4,28.8,False,False
TE6221DA147,2025-12,2025-12-21,949.8,964.8,15.0,False,False
T7092CB932F,2025-12,2025-12-21,1545.0,1564.2,19.2,False,False
T38F3AD60D6,2025-12,2025-12-22,655.0,681.4,26.4,False,False
T051D6304AA,2025-12,2025-12-25,1203.0,1217.3,14.3,False,False
T1677509027,2025-12,2025-12-21,670.3,689.7,19.4,False,False
TCE43CAAFDD,2025-12,2025-12-22,1150.3,1165.0,14.7,False,False
TD6051C60DD,2025-12,2025-12-25,1669.1,1705.6,36.5,False,False
TD81C7B0AC7,2025-12,2025-12-22,1658.5,1658.5,0.0,True,False
TEB9B6A4FBC,2025-12,2025-12-25,1018.9,1035.3,16.4,False,False
T8E67D26322,2025-12,2025-12-22,1816.9,1837.2,20.3,False,False
T0E8259349E,2025-12,2025-12-24,433.7,452.7,19.0,False,False
TEC586A8374,2025-12,2025-12-20,1144.1,1155.9,11.8,False,False
T1E40F3A239,2025-12,2025-12-24,1196.7,1207.6,10.9,False,False
T716C530DED,2025-12,2025-12-24,757.4,773.5,16.1,False,False
T7562476AEF,2025-12,2025-12-21,1821.8,1842.7,20.9,False,False
TB460453C4D,2025-12,2025-12-24,458.8,474.2,15.4,False,False
T4A69C0BA6F,2025-12,2025-12-25,742.1,759.8,17.7,False,False
TB3006B8F03,2025-12,2025-12-23,905.9,919.4,13.5,False,False
TED3E393477,2025-12,2025-12-24,1812.7,1812.7,0.0,True,False
TA014F1FF15,2025-12,2025-12-23,1320.6,1335.8,15.2,False,False
T08D24C843D,2025-12,2025-12-20,583.2,615.2,32.0,False,False
T328C38D103,2025-12,2025-12-25,1804.8,1823.7,18.9,False,False
T5D52776F44,2025-12,2025-12-24,539.2,547.0,7.8,False,False
T350C7F0CAD,2025-12,2025-12-25,646.6,662.4,15.8,False,False
TE4BF83F9A5,2025-12,2025-12-24,1711.4,1734.1,22.7,False,False
T363192FB18,2025-12,2025-12-21,1255.7,1276.2,20.5,False,False
TE7D390D6E1,2025-12,2025-12-21,1154.3,1170.1,15.8,False,False
TEAED0D702E,2025-12,2025-12-25,1154.3,1172.4,18.1,False,False
T76D2631BBE,2025-12,2025-12-21,1431.0,1445.4,14.4,False,False
T41D9DAD65E,2025-12,2025-12-23,770.2,779.5,9.3,False,False
T4FB688BCF2,2025-12,2025-12-22,1339.0,1355.8,16.8,False,False
T49C247A691,2025-12,2025-12-20,803.7,827.0,23.3,False,False
TAD97E4B580,2025-12,2025-12-20,398.8,429.8,31.0,False,True
TA6D3C701E5,2025-12,2025-12-23,501.7,516.5,14.8,False,False
T1629374829,2025-12,2025-12-23,1126.0,1167.5,41.5,False,False
TE380DFCDD5,2025-12,2025-12-20,1307.9,1322.9,15.0,False,False
TC71E645A97,2025-12,2025-12-20,1002.7,1021.1,18.4,False,False
T3B2D063348,2025-12,2025-12-20,465.0,472.9,7.9,False,False
T6B0703F297,2025-12,2025-12-21,1175.1,1186.9,11.8,False,False
T2442BBD224,2025-12,2025-12-22,859.8,879.9,20.1,False,False
T94AEE9D59A,2025-12,2025-12-23,1131.7,1140.9,9.2,False,False
TC36C8FB548,2025-12,2025-12-25,1513.5,1513.5,0.0,True,False
TEA6C60108F,2025-12,2025-12-23,1988.5,2041.8,53.3,False,False
T5D0DA4A5A3,2025-12,2025-12-22,1071.1,1071.1,0.0,True,False
TCE2F3968A5,2025-12,2025-12-20,1136.7,1153.0,16.3,False,False
T3290CE40ED,2025-12,2025-12-20,1680.8,1708.2,27.4,False,False
TFF800A383C,2025-12,2025-12-23,1271.3,1284.1,12.8,False,False
T43D369AD4F,2025-12,2025-12-24,919.3,933.9,14.6,False,False
T2558B25F4A,2025-12,2025-12-22,282.5,295.0,12.5,False,False
TF2D53B5266,2025-12,2025-12-20,1583.7,1596.7,13.0,False,False
T46E626FB09,2025-12,2025-12-23,487.8,506.4,18.6,False,False
T7E0A59EC74,2025-12,2025-12-21,469.7,478.0,8.3,False,False
TDB77C6E5BA,2025-12,2025-12-25,738.3,754.1,15.8,False,False
TB2420A8657,2025-12,2025-12-23,1245.6,1261.0,15.4,False,False
TB1246EBDB6,2025-12,2025-12-21,704.9,712.2,7.3,False,False
T8C8BD1D187,2025-12,2025-12-25,1526.8,1545.9,19.1,False,False
T9A87FD75BB,2025-12,2025-12-24,702.1,718.2,16.1,False,False
T7220DB253B,2025-12,2025-12-25,893.3,911.5,18.2,False,False
T024582A041,2025-12,2025-12-21,1713.6,1741.3,27.7,False,False
TA3D7EB0EB6,2025-12,2025-12-21,1423.3,1425.4,2.1,False,False
T980F08905D,2025-12,2025-12-23,1487.9,1499.9,12.0,False,False
T0070991C4A,2025-12,2025-12-20,560.6,572.1,11.5,False,False
TE62F9D24A2,2025-12,2025-12-23,1001.0,1026.5,25.5,False,False
T660F58D22C,2025-12,2025-12-23,1475.0,305.38789118658127,18.4,False,False
TC9C59FD3C0,2025-12,2025-12-22,1541.9,1556.4,14.5,False,False
TC85BCF4679,2025-12,2025-12-21,875.3,895.4,20.1,False,False
T711A4FB3DC,2025-12,2025-12-22,1376.7,1383.0,6.3,False,False
TDA01857472,2025-12,2025-12-21,730.0,736.1,6.1,False,False
T593C7D2F36,2025-12,2025-12-21,1054.7,1063.5,8.8,False,False
TAD1B3ECAF6,2025-12,2025-12-21,970.0,986.9,16.9,False,False
T62DB418771,2026-01,2026-01-23,1440.6,1460.5,19.9,False,False
T516D296A99,2026-01,2026-01-25,882.7,889.5,6.8,False,False
TF6199DECCB,2026-01,2026-01-23,1687.9,1724.9,37.0,False,False
TBFDD3649BD,2026-01,2026-01-22,1569.8,1583.8,14.0,False,False
T1A8F7C05C9,2026-01,2026-01-20,1362.5,1368.1,5.6,False,False
T6B4FC6C7C6,2026-01,2026-01-23,1015.5,1032.8,17.3,False,False
T6EE7490E19,2026-01,2026-01-23,1650.4,1659.8,9.4,False,False
T771EC6B537,2026-01,2026-01-21,968.9,974.3,5.4,False,False
TA87CD37475,2026-01,2026-01-22,682.4,705.8,23.4,False,False
T00048F12E2,2026-01,2026-01-20,298.4,308.6,10.2,False,False
TDE3B85E449,2026-01,2026-01-20,1288.5,,,True,False
TDFD5EF1E2B,2026-01,2026-01-21,878.3,892.8,14.5,False,False
T6BE1C12D07,2026-01,2026-01-25,3250.2,3351.0,100.8,False,False
TE17C7596F7,2026-01,2026-01-20,423.0,436.1,13.1,False,False
TF0590D064A,2026-01,2026-01-24,670.0,678.4,8.4,False,False
T0201C8273D,2026-01,2026-01-20,576.2,588.5,12.3,False,False
T416D725964,2026-01,2026-01-20,1364.5,1381.6,17.1,False,False
T592985E849,2026-01,2026-01-23,604.6,626.1,21.5,False,False
T8CFD079CB6,2026-01,2026-01-21,1770.7,1785.7,15.0,False,False
TD10A6EDCA0,2026-01,2026-01-24,1210.6,1230.7,20.1,False,False
T0CE7987E4B,2026-01,2026-01-24,1882.7,1959.3,76.6,False,False
T0F12629295,2026-01,2026-01-21,440.8,444.6,3.8,False,False
T7833B36159,2026-01,2026-01-24,904.8,921.4,16.6,False,False
T997FF51E88,2026-01,2026-01-24,973.4,982.3,8.9,False,False
TB0AFAFC426,2026-01,2026-01-20,2506.7,2544.1,37.4,False,False
T4B2228F178,2026-01,2026-01-20,845.2,861.9,16.7,False,False
T5D1D63651A,2026-01,2026-01-20,621.1,640.4,19.3,False,False
T005A9CE174,2026-01,2026-01-22,1442.1,1442.1,0.0,True,False
T0E572DDC2C,2026-01,2026-01-22,1184.0,1192.7,8.7,False,False
T6B4C3EB33E,2026-01,2026-01-23,1404.1,1408.8,4.7,False,False
T98621FD0F2,2026-01,2026-01-20,3144.9,3258.5,113.6,False,False
TCED7759D69,2026-01,2026-01-24,1551.9,1571.3,19.4,False,False
T148BA00559,2026-01,2026-01-20,1535.5,1557.4,21.9,False,False
T8EF8382AF5,2026-01,2026-01-25,1689.6,1701.5,11.9,False,False
T294140BCEC,2026-01,2026-01-20,622.6,648.4,25.8,False,False
T2B4ECE5F7A,2026-01,2026-01-20,610.9,627.4,16.5,False,False
TFCDB644B38,2026-01,2026-01-21,619.1,641.6,22.5,False,False
TF46C85CB55,2026-01,2026-01-20,750.1,757.5,7.4,False,False
T635E7348B0,2026-01,2026-01-25,681.2,708.5,27.3,False,False
TD950C1321E,2026-01,2026-01-21,551.5,564.7,13.2,False,False
T79F7CA1313,2026-01,2026-01-21,351.2,357.1,5.9,False,False
T1890D0D69D,2026-01,2026-01-22,1016.8,,,False,False
T92ED6C6BBC,2026-01,2026-01-21,549.2,555.6,6.4,False,False
T1A234D637E,2026-01,2026-01-23,1372.4,1387.9,15.5,False,False
T0FA07C2AE6,2026-01,2026-01-22,454.0,460.4,6.4,False,False
T85D9327E38,2026-01,2026-01-22,1540.6,1551.4,10.8,False,False
T9B2220E701,2026-01,2026-01-20,1331.9,1353.7,21.8,False,False
T75AE25B236,2026-01,2026-01-25,1090.9,1107.8,16.9,False,False
T85C4B9E9BD,2026-01,2026-01-22,1277.8,1283.3,5.5,False,False
TAAC46C752C,2026-01,2026-01-23,1596.0,1607.9,11.9,False,True
TB5ABA37301,2026-01,2026-01-25,1181.4,1195.5,14.1,False,False
TDB1931905E,2026-01,2026-01-22,1138.6,1149.3,10.7,False,False
T8A79BCF725,2026-01,2026-01-24,1374.0,1377.7,3.7,False,False
T1383BC162C,2026-01,2026-01-23,1779.6,1792.3,12.7,False,False
TE3F34F661C,2026-01,2026-01-24,1959.2,2022.1,62.9,False,False
T945DF5CC73,2026-01,2026-01-20,1197.1,1208.7,11.6,False,False
T89289351AD,2026-01,2026-01-24,1373.9,1387.2,13.3,False,False
T3C6A8E589D,2026-01,2026-01-20,780.8,803.0,22.2,False,False
T9EDB41553F,2026-01,2026-01-23,343.8,351.4,7.6,False,False
T39FECD2D40,2026-01,2026-01-23,1058.6,1082.7,24.1,False,False
T393F331539,2026-01,2026-01-25,559.2,570.2,11.0,False,False
T44E572D176,2026-01,2026-01-21,681.6,692.8,11.2,False,False
T6A0C9518A5,2026-01,2026-01-20,1414.3,1429.6,15.3,False,False
T6F6C091F32,2026-01,2026-01-22,1541.0,1553.4,12.4,False,False
T0A7DFC3903,2026-01,2026-01-22,1691.3,1714.0,22.7,False,False
T4CA807AAAE,2026-01,2026-01-22,994.2,1032.4,38.2,False,False
T292B036CC6,2026-01,2026-01-21,1119.1,1130.5,11.4,False,False
TF252236170,2026-01,2026-01-23,370.1,383.3,13.2,False,False
T47A88C447A,2026-01,2026-01-23,829.3,836.5,7.2,False,False
T29274E7656,2026-01,2026-01-23,557.7,572.3,14.6,False,False
TF94B3B4CEA,2026-01,2026-01-21,821.3,837.3,16.0,False,False
TD79C86593F,2026-01,2026-01-24,1299.3,,,False,False
T042B2178D1,2026-01,2026-01-24,432.5,452.9,20.4,False,False
TE9E2B18053,2026-01,2026-01-25,1564.0,1621.2,57.2,False,False
T80D9A080BE,2026-01,2026-01-24,2508.9,2549.0,40.1,False,False
T580C1D0E5A,2026-01,2026-01-24,1530.1,1571.9,41.8,False,False
T262047037E,2026-01,2026-01-20,731.2,742.0,10.8,False,False
T997FBB56CB,2026-01,2026-01-21,1657.8,1657.8,0.0,True,False
T488907BADA,2026-01,2026-01-20,816.7,837.5,20.8,False,False
T959B664297,2026-01,2026-01-24,301.2,316.3,15.1,False,False
TCE4FA87780,2026-01,2026-01-20,1431.2,1443.4,12.2,False,False
T6A6F416B64,2026-01,2026-01-24,1256.4,1269.6,13.2,False,False
T5C22EC11B8,2026-01,2026-01-20,1516.9,1567.8,50.9,False,False
T132EB7CE2B,2026-01,2026-01-23,1328.4,1328.4,0.0,True,False
T011F73020E,2026-01,2026-01-23,1368.1,1383.6,15.5,False,False
T0197678D11,2026-01,2026-01-21,1378.3,1411.5,33.2,False,False
TBA58CFEBC6,2026-01,2026-01-20,1848.4,1871.2,22.8,False,False
T78A401EEAD,2026-01,2026-01-23,531.1,549.0,17.9,False,False
TE33F90B286,2026-01,2026-01-25,558.8,572.5,13.7,False,False
T761C9E26E6,2026-01,2026-01-20,590.9,608.9,18.0,False,True
T65187CE62C,2026-01,2026-01-20,1232.2,1276.6,44.4,False,False
T6DD4962896,2026-01,2026-01-24,460.8,472.0,11.2,False,False
T57E5EAB9B8,2026-01,2026-01-21,1234.5,1248.2,13.7,False,False
T0D1C506545,2026-01,2026-01-22,1002.8,1017.1,14.3,False,False
T16385BC409,2026-01,2026-01-23,430.5,440.2,9.7,False,False
T703E749B16,2026-01,2026-01-21,913.5,927.6,14.1,False,False
TE03815B898,2026-01,2026-01-25,1723.1,1743.9,20.8,False,False
T5EDC8CD764,2026-01,2026-01-23,1280.3,1292.7,12.4,False,False
T8A0E42EA46,2026-01,2026-01-24,1399.8,1414.8,15.0,False,False
T58E4665FE8,2026-01,2026-01-22,651.7,671.8,20.1,False,False
T45A3829C6C,2026-01,2026-01-24,482.1,494.7,12.6,False,False
T0F2B41D96D,2026-01,2026-01-22,769.1,798.1,29.0,False,False
T45E4DAC832,2026-01,2026-01-25,973.2,987.0,13.8,False,False
TB308B5DC7A,2026-01,2026-01-24,1356.5,1367.5,11.0,False,False
T5A52BDFD5B,2026-01,2026-01-24,1299.9,1305.1,5.2,False,False
T3B6195226D,2026-01,2026-01-20,740.5,752.9,12.4,False,False
TEF3ACC364D,2026-01,2026-01-20,301.7,315.7,14.0,False,False
T0E3944E1C7,2026-01,2026-01-24,1633.7,1643.9,10.2,False,False
TC5E02C2AE1,2026-01,2026-01-21,978.3,985.7,7.4,False,False
T9C181CA6B2,2026-01,2026-01-24,943.5,956.1,12.6,False,False
T46D0D9FE06,2026-01,2026-01-25,1134.4,1143.5,9.1,False,False
T3763EE0258,2026-01,2026-01-20,440.8,452.9,12.1,False,False
TB6793708AF,2026-01,2026-01-22,937.2,946.4,9.2,False,False
T02BF3919B7,2026-01,2026-01-24,1391.2,1402.8,11.6,False,False
T61903D0C08,2026-01,2026-01-21,603.7,614.6,10.9,False,False
T1540962193,2026-01,2026-01-25,1774.1,1833.5,59.4,False,False
TE8DF4BFC62,2026-01,2026-01-24,2154.1,2194.3,40.2,False,False
T97A5E4F98E,2026-01,2026-01-24,1425.6,1442.5,16.9,False,False
TB2B631F6DE,2026-01,2026-01-20,328.7,342.0,13.3,False,False
TFD4476DD46,2026-01,2026-01-22,1027.7,1050.5,22.8,False,False
T63AE43B763,2026-01,2026-01-25,1285.0,1357.4,72.4,False,True
TF7E0F3ADFA,2026-01,2026-01-21,612.8,615.3,2.5,False,False
T9F3D4A99A8,2026-01,2026-01-20,1069.9,1074.6,4.7,False,False
T3AF0CA5142,2026-01,2026-01-24,1624.2,1669.8,45.6,False,False
T525C93E294,2026-01,2026-01-22,410.1,420.8,10.7,False,False
TA60FF3309B,2026-01,2026-01-22,1346.6,1355.2,8.6,False,False
T6230F0F81A,2026-01,2026-01-22,356.4,370.1,13.7,False,False
T486DC7662A,2026-01,2026-01-25,4683.9,4856.2,172.3,False,False
T0DD0FDF0BD,2026-01,2026-01-22,890.2,908.7,18.5,False,False
T81EEF6FCD3,2026-01,2026-01-22,958.7,971.1,12.4,False,False
T6269371CAA,2026-01,2026-01-20,1509.5,1517.7,8.2,False,False
TF7BDB30AC3,2026-01,2026-01-20,1019.6,1061.5,41.9,False,False
TC1EBE75CAC,2026-01,2026-01-20,1256.2,1273.5,17.3,False,False
T0A0805FB46,2026-01,2026-01-23,1904.2,1924.4,20.2,False,False
T7C1EBC3C4C,2026-01,2026-01-20,682.7,697.1,14.4,False,False
TFB5558315C,2026-01,2026-01-21,454.5,469.8,15.3,False,False
T4D34DCD6FE,2026-01,2026-01-22,929.0,942.5,13.5,False,False
T8F2163E1AC,2026-01,2026-01-24,1826.7,,,False,False
T6D36EEA27E,2026-01,2026-01-21,403.4,421.4,18.0,False,False
TD718599337,2026-01,2026-01-23,1461.7,1492.5,30.8,False,False
TACFC1D584E,2026-01,2026-01-20,1557.1,1572.2,15.1,False,False
TE1CE4D9E5A,2026-01,2026-01-24,528.3,545.4,17.1,False,False
TEEB9050E6F,2026-01,2026-01-24,1014.3,1035.0,20.7,False,False
T266175A7E1,2026-01,2026-01-21,1743.7,1771.7,28.0,False,False
T188F8436EB,2026-01,2026-01-21,609.4,618.4,9.0,False,False
TBF5EF4019A,2026-01,2026-01-24,959.2,969.2,10.0,False,False
TF8038E3438,2026-01,2026-01-20,849.5,857.9,8.4,False,False
T14A35B501D,2026-01,2026-01-25,1482.0,1517.9,35.9,False,False
TACA1F6575E,2026-01,2026-01-24,237.1,246.5,9.4,False,False
T425CF74F89,2026-01,2026-01-24,999.0,1000.8,1.8,False,False
T7E561E41DF,2026-01,2026-01-23,1750.5,1761.4,10.9,False,False
TAE21909B09,2026-01,2026-01-24,727.7,737.1,9.4,False,False
TA49FD77129,2026-01,2026-01-20,1494.6,1526.5,31.9,False,False
T83C53CBDE3,2026-01,2026-01-21,1082.8,1099.3,16.5,False,False
T8989E9F3E0,2026-01,2026-01-24,1400.5,1427.6,27.1,False,False
T0E868A3F47,2026-01,2026-01-21,1841.2,1858.6,17.4,False,False
TAA4A146A6F,2026-01,2026-01-20,1070.9,1084.3,13.4,False,False
T929701588B,2026-01,2026-01-20,705.3,712.1,6.8,False,False
TCBA87E8F93,2026-01,2026-01-25,1701.0,1718.2,17.2,False,False
T71B2CE98BC,2026-01,2026-01-24,1872.1,1892.7,20.6,False,False
T3104E606FB,2026-01,2026-01-23,1713.9,1729.6,15.7,False,False
TC9C584B8EF,2026-01,2026-01-21,752.0,759.2,7.2,False,False
T42EAACA5A6,2026-01,2026-01-23,621.8,637.5,15.7,False,False
T27CD292019,2026-01,2026-01-22,1732.8,1749.4,16.6,False,False
T2631941D4D,2026-01,2026-01-23,1827.2,1851.2,24.0,False,False
TD6D0D046B5,2026-01,2026-01-25,491.3,499.0,7.7,False,False
T930BCF26DA,2026-01,2026-01-23,1694.2,1717.5,23.3,False,False
T7A263D97A8,2026-01,2026-01-25,499.4,522.0,22.6,False,False
T84CC232045,2026-01,2026-01-24,1182.2,1189.8,7.6,False,False
T1F7089E5B3,2026-01,2026-01-20,1589.8,1631.4,41.6,False,True
T6DD01C39D7,2026-01,2026-01-24,1551.8,1576.2,24.4,False,False
TE3814F5946,2026-01,2026-01-24,1212.2,1217.9,5.7,False,False
T260F6D657D,2026-01,2026-01-22,1768.9,1781.8,12.9,False,False
TF9F158A927,2026-01,2026-01-20,986.6,1002.5,15.9,False,False
T2A78E596A5,2026-01,2026-01-20,805.9,824.7,18.8,False,False
T48829C6681,2026-01,2026-01-20,935.1,,,False,False
T5446AB5D4F,2026-01,2026-01-20,1522.2,1533.5,11.3,False,False
T6FEE2A0A85,2026-01,2026-01-23,470.6,480.2,9.6,False,False
T37BA3005AD,2026-01,2026-01-24,1398.0,1417.8,19.8,False,False
T599538981A,2026-01,2026-01-22,1680.7,1720.5,39.8,False,False
TC1FE3D7E79,2026-01,2026-01-25,1331.0,1345.3,14.3,False,False
TAB633F4546,2026-01,2026-01-20,485.0,501.5,16.5,False,False
TEF123948C4,2026-01,2026-01-25,749.5,760.5,11.0,False,False
T50EA3E30B0,2026-01,2026-01-20,1288.2,1297.4,9.2,False,False
T10E8B50E63,2026-01,2026-01-23,1643.4,1673.5,30.1,False,False
T75445AB825,2026-01,2026-01-25,1327.6,1336.0,8.4,False,False
T9AEC04CEE6,2026-01,2026-01-24,371.3,371.3,0.0,True,False
TE59C7E0558,2026-01,2026-01-25,539.0,547.3,8.3,False,False
T017F5CC857,2026-01,2026-01-22,1653.6,1669.9,16.3,False,False
T5740214D00,2026-01,2026-01-22,518.1,522.8,4.7,False,False
TA54FDBC969,2026-01,2026-01-23,1386.5,1425.2,38.7,False,False
T79348D1D8C,2026-01,2026-01-25,1379.5,1413.8,34.3,False,False
T0C38B9638D,2026-01,2026-01-20,1252.7,1277.3,24.6,False,False
TF8CD7DEDDA,2026-01,2026-01-22,982.2,997.7,15.5,False,False
TD4AA44C620,2026-01,2026-01-22,961.9,978.3,16.4,False,False
TBA22021045,2026-01,2026-01-22,1379.0,1438.2,59.2,False,False
TAE4991C39A,2026-01,2026-01-22,1697.5,1711.1,13.6,False,False
T926427EC22,2026-01,2026-01-20,873.4,873.4,0.0,True,False
T03F3726F54,2026-01,2026-01-23,1129.3,1140.0,10.7,False,False
T9C5C1B51E6,2026-01,2026-01-20,488.7,508.0,19.3,False,False
TAB67F85714,2026-01,2026-01-20,1821.2,1836.1,14.9,False,False
T021E4A2B45,2026-01,2026-01-21,750.6,761.3,10.7,False,False
T9C284C6EDE,2026-01,2026-01-23,1706.2,1720.9,14.7,False,False
TE5AE06739E,2026-01,2026-01-24,384.5,399.9,15.4,False,False
T01F422D988,2026-01,2026-01-22,1678.3,1687.6,9.3,False,False
T812E69DF24,2026-01,2026-01-23,1603.7,1657.6,53.9,False,False
T1753290875,2026-01,2026-01-24,1608.4,1620.2,11.8,False,False
T6453265506,2026-01,2026-01-21,3449.2,3548.6,99.4,False,False
T3DCE54CBCD,2026-01,2026-01-21,364.4,373.9,9.5,False,False
T25A59C1230,2026-01,2026-01-21,564.7,584.6,19.9,False,False
T7149DBE7E7,2026-01,2026-01-21,1396.3,1424.0,27.7,False,False
T17B01CE93D,2026-01,2026-01-23,1537.0,1545.9,8.9,False,False
T2A7B7C0706,2026-01,2026-01-24,1520.3,1533.7,13.4,False,False
TA2A12750E0,2026-01,2026-01-25,649.8,661.3,11.5,False,False
TCDF5CCF9D1,2026-01,2026-01-20,1870.5,1890.5,20.0,False,False
T136877D852,2026-01,2026-01-25,1374.8,1395.0,20.2,False,False
TD93E7F3525,2026-01,2026-01-22,1363.7,1370.4,6.7,False,False
T9E698DAD97,2026-01,2026-01-24,524.2,537.0,12.8,False,False
TA7CD008CD2,2026-01,2026-01-25,1627.2,1649.8,22.6,False,False
TB5E2F0D295,2026-01,2026-01-20,1096.5,1106.7,10.2,False,False
T886651EB56,2026-01,2026-01-25,1926.3,1957.7,31.4,False,False
T726E26C014,2026-01,2026-01-21,568.8,575.2,6.4,False,False
T47801013F9,2026-01,2026-01-23,441.0,459.3,18.3,False,False
T7B44E5C01C,2026-01,2026-01-24,1177.1,1181.4,4.3,False,False
T06E1B5C91E,2026-01,2026-01-21,804.3,817.3,13.0,False,False
TBD7AFAA9AB,2026-01,2026-01-24,1382.7,1395.4,12.7,False,False
T3A8AE15DE9,2026-01,2026-01-24,1156.7,1167.7,11.0,False,False
T90FCBE8560,2026-01,2026-01-24,1395.4,1405.4,10.0,False,False
T6B76BCDCC8,2026-01,2026-01-24,2278.5,2318.2,39.7,False,False
T6B61D786E8,2026-01,2026-01-25,1180.6,1180.6,0.0,True,False
TD8B8E83F9D,2026-01,2026-01-25,1490.2,1505.9,15.7,False,False
T353F39960E,2026-01,2026-01-22,532.2,540.3,8.1,False,False
TC44518846F,2026-01,2026-01-25,505.2,521.3,16.1,False,False
T3DBD424B8F,2026-01,2026-01-24,739.0,751.8,12.8,False,False
TB8E4E6CA4C,2026-01,2026-01-25,1187.0,1213.8,26.8,False,False
T54630B6404,2026-01,2026-01-25,512.5,527.5,15.0,False,False
T71623730B1,2026-01,2026-01-21,1233.2,1252.4,19.2,False,False
T7436A106AE,2026-01,2026-01-22,546.7,555.1,8.4,False,False
T6191B8FD69,2026-01,2026-01-20,1274.7,,,False,False
TBA7727A83B,2026-01,2026-01-20,600.8,612.2,11.4,False,False
T66B24DDB8C,2026-01,2026-01-23,1779.0,1793.0,14.0,False,False
T0EAA0EDBAF,2026-01,2026-01-24,1082.1,1115.9,33.8,False,False
TDCBC842E3A,2026-01,2026-01-21,789.4,813.4,24.0,False,False
T305BACE840,2026-01,2026-01-21,957.6,976.2,18.6,False,False
TAD0E244201,2026-01,2026-01-20,1348.6,1369.9,21.3,False,False
T824A68B378,2026-01,2026-01-24,1321.4,1326.6,5.2,False,False
T9F72B39B89,2026-01,2026-01-20,778.2,785.9,7.7,False,False
T0380D1AD85,2026-01,2026-01-25,1265.7,1283.7,18.0,False,False
TD58AFBB420,2026-01,2026-01-25,2431.2,2481.4,50.2,False,False
TB1A6FA6009,2026-01,2026-01-24,501.9,512.3,10.4,False,False
TB95EB354D9,2026-01,2026-01-21,1271.4,1289.2,17.8,False,False
T6EBEC2B9E3,2026-01,2026-01-22,687.1,697.2,10.1,False,False
TCBAFB86C54,2026-01,2026-01-24,1677.3,1690.1,12.8,False,False
T2D884BEE59,2026-01,2026-01-22,1427.6,1448.7,21.1,False,False
T81E3CAC404,2026-01,2026-01-25,1424.8,1431.0,6.2,False,False
TB13246DF04,2026-01,2026-01-20,2539.0,2577.2,38.2,False,False
T38FC29870C,2026-01,2026-01-22,1008.7,1015.7,7.0,False,False
T0B952300A6,2026-01,2026-01-20,1293.4,1307.7,14.3,False,False
T592EE5AE5A,2026-01,2026-01-20,642.9,655.0,12.1,False,False
T8AB7B992DC,2026-01,2026-01-22,1641.8,1653.4,11.6,False,False
TE13531501B,2026-01,2026-01-22,363.2,372.9,9.7,False,False
T603C6A7DDF,2026-01,2026-01-23,2139.8,2184.9,45.1,False,False
T9B1CF87E17,2026-01,2026-01-21,777.7,793.4,15.7,False,False
T7E47E27FFB,2026-01,2026-01-22,1199.7,1209.5,9.8,False,False
T2FE3E18EED,2026-01,2026-01-23,1176.2,1176.2,0.0,True,False
T518FD2CD05,2026-01,2026-01-25,906.6,918.8,12.2,False,False
TCA03B52F53,2026-01,2026-01-21,466.9,480.3,13.4,False,False
TC97F0C81C8,2026-01,2026-01-21,2995.8,3099.4,103.6,False,False
T5825BB17FC,2026-01,2026-01-24,1083.0,1119.9,36.9,False,False
TC5E185C6E8,2026-01,2026-01-23,307.3,318.1,10.8,False,False
TEAD9E81003,2026-01,2026-01-20,967.7,983.5,15.8,False,False
TE23D5A574A,2026-01,2026-01-25,971.4,980.8,9.4,False,False
T04048D53A3,2026-01,2026-01-21,745.1,753.8,8.7,False,False
TE1AA9E77A7,2026-01,2026-01-22,971.0,974.5,3.5,False,False
TC54C99BA73,2026-01,2026-01-24,1048.9,1087.6,38.7,False,False
T013C0F8B57,2026-01,2026-01-20,1451.3,1463.7,12.4,False,False
T3C23C0A42C,2026-01,2026-01-25,1159.8,1172.8,13.0,False,False
TEDB2598366,2026-01,2026-01-21,1278.0,1288.3,10.3,False,False
T03D524AC98,2026-01,2026-01-23,1573.1,1587.4,14.3,False,False
T9B658694D7,2026-01,2026-01-25,825.3,843.6,18.3,False,False
T827DB403EF,2026-01,2026-01-23,1036.6,1039.2,2.6,False,False
TD5960FA89C,2026-01,2026-01-24,1300.2,1315.6,15.4,False,False
TEB9CD6778B,2026-01,2026-01-22,1564.2,1577.8,13.6,False,False
TCFB896C903,2026-01,2026-01-22,774.2,784.4,10.2,False,False
T4EBE5132B6,2026-01,2026-01-23,948.1,981.3,33.2,False,True
TD6D7800440,2026-01,2026-01-21,1492.6,1506.5,13.9,False,False
TB1AE49FA20,2026-01,2026-01-23,608.1,617.4,9.3,False,False
TF4940B0970,2026-01,2026-01-21,1219.5,1231.4,11.9,False,False
T6492EC951E,2026-01,2026-01-20,1102.0,1134.5,32.5,False,False
T5B2FD74A85,2026-01,2026-01-21,1561.1,1579.3,18.2,False,False
TCF1A6CDF80,2026-01,2026-01-25,527.2,545.4,18.2,False,False
TBA965CD37E,2026-01,2026-01-25,369.9,385.0,15.1,False,False
T8917AF33E8,2026-01,2026-01-24,1448.5,1501.7,53.2,False,False
T4F696F6C0E,2026-01,2026-01-24,464.5,482.9,18.4,False,False
TFB9BD0FCA4,2026-01,2026-01-22,1945.3,1978.3,33.0,False,False
T6372E1147F,2026-01,2026-01-25,1226.2,1237.6,11.4,False,False
T8B4FC280C2,2026-01,2026-01-24,542.0,550.5,8.5,False,False
T0AF0DD2FE5,2026-01,2026-01-25,1082.2,1092.3,10.1,False,False
T9BABD62590,2026-01,2026-01-22,1628.2,1684.8,56.6,False,False
TBBD0028CDB,2026-01,2026-01-22,956.5,966.4,9.9,False,False
T30E453AB34,2026-01,2026-01-21,1047.6,1058.1,10.5,False,False
T7DC59256DC,2026-01,2026-01-24,822.0,844.0,22.0,False,False
TCC371206BC,2026-01,2026-01-23,559.6,568.5,8.9,False,False
TDEF092A4C5,2026-01,2026-01-20,1488.9,1499.0,10.1,False,False
TE13FCEC631,2026-01,2026-01-24,1165.9,1174.9,9.0,False,False
T7C3F6A8162,2026-01,2026-01-23,1540.6,1558.0,17.4,False,False
T0F4A3A74ED,2026-01,2026-01-21,928.1,943.6,15.5,False,False
T5BEF82BC17,2026-01,2026-01-22,1413.5,1427.6,14.1,False,False
T07AC5856A4,2026-01,2026-01-23,687.2,687.2,0.0,True,False
T0185184B59,2026-01,2026-01-25,1257.1,1269.4,12.3,False,False
T79F8E1FAE8,2026-01,2026-01-24,338.2,354.2,16.0,False,False
T4D40D256FE,2026-01,2026-01-22,1226.6,1247.7,21.1,False,False
TE74495FCDD,2026-01,2026-01-24,1603.6,1613.1,9.5,False,False
TAD9ED625D1,2026-01,2026-01-24,1530.1,1547.9,17.8,False,False
TE7328B9E12,2026-01,2026-01-23,657.6,663.1,5.5,False,False
T5FC1C50126,2026-01,2026-01-23,1338.9,1362.7,23.8,False,False
T203C71CAC2,2026-01,2026-01-22,1738.2,1760.7,22.5,False,False
T1D1F227112,2026-01,2026-01-24,814.8,828.8,14.0,False,False
TF62BDC6E96,2026-01,2026-01-24,1703.8,1723.9,20.1,False,False
T5D35014BC6,2026-01,2026-01-20,1644.7,1651.5,6.8,False,False
T9C80DA594D,2026-01,2026-01-21,734.2,741.5,7.3,False,False
T575100FEE6,2026-01,2026-01-20,654.6,681.8,27.2,False,False
TFF833858D4,2026-01,2026-01-20,1689.7,1699.6,9.9,False,False
T44C452513D,2026-01,2026-01-21,889.5,908.4,18.9,False,False
TC11C4F89B7,2026-01,2026-01-23,551.4,575.7,24.3,False,False
T519E11C12F,2026-01,2026-01-25,338.5,352.3,13.8,False,False
T1D1C3809AD,2026-01,2026-01-24,1394.1,1422.6,28.5,False,False
T2F89E8ED6F,2026-01,2026-01-21,1531.9,1531.9,0.0,True,False
TED624C9B29,2026-01,2026-01-23,1467.2,1482.4,15.2,False,False
T80599540B9,2026-01,2026-01-25,578.2,609.1,30.9,False,False
T99F86EAA03,2026-01,2026-01-25,1041.1,1065.2,24.1,False,False
T48E474E620,2026-01,2026-01-24,1428.3,1442.2,13.9,False,False
T62F138B69F,2026-01,2026-01-23,1514.1,,,False,False
T0ABCC73F5F,2026-01,2026-01-23,1399.8,1407.5,7.7,False,False
T451A03E5F4,2026-01,2026-01-22,1124.1,1158.6,34.5,False,False
T28A5C3A212,2026-01,2026-01-23,962.4,974.4,12.0,False,False
T9BF23AC92B,2026-01,2026-01-21,1138.6,1151.6,13.0,False,False
T8D847ABAD5,2026-01,2026-01-24,936.2,944.1,7.9,False,False
T79AD100612,2026-01,2026-01-23,1351.4,1351.4,0.0,True,False
T595C48877B,2026-01,2026-01-20,1213.4,1229.4,16.0,False,False
T7E1F631507,2026-01,2026-01-21,431.2,442.2,11.0,False,False
T7CEE29F570,2026-01,2026-01-25,521.6,531.2,9.6,False,False
TB28F8F08F4,2026-01,2026-01-23,885.9,894.0,8.1,False,False
T741A1119FA,2026-01,2026-01-24,621.5,640.1,18.6,False,False
T26862D1A4A,2026-01,2026-01-23,2104.2,2138.1,33.9,False,False
TCB96D14BFD,2026-01,2026-01-21,752.5,762.9,10.4,False,False
TF07D19AE17,2026-01,2026-01-25,742.0,777.9,35.9,False,False
T7AE1E63696,2026-01,2026-01-24,1544.0,1551.5,7.5,False,False
TEA687BEEC8,2026-01,2026-01-23,595.0,610.7,15.7,False,False
T5C97BD73CE,2026-01,2026-01-24,1672.8,1687.1,14.3,False,False
T64DF103F27,2026-01,2026-01-20,468.6,478.3,9.7,False,False
T962D5133B5,2026-01,2026-01-24,1422.4,1438.0,15.6,False,False
TFAE2AFD636,2026-01,2026-01-25,1489.4,1497.4,8.0,False,False
T8237A9AE83,2026-01,2026-01-22,622.7,622.7,0.0,True,False
T124789ED12,2026-01,2026-01-23,943.8,950.2,6.4,False,False
T77D8F1F07B,2026-01,2026-01-20,1453.2,1500.4,47.2,False,False
T88E01EE6A9,2026-01,2026-01-22,864.9,888.0,23.1,False,False
TCCA2F0E6D1,2026-01,2026-01-25,658.2,674.1,15.9,False,False
TE7C4074532,2026-01,2026-01-25,663.9,691.2,27.3,False,False
TE08ACE6D71,2026-01,2026-01-24,1713.7,1735.0,21.3,False,False
TF5AB4BC37D,2026-01,2026-01-24,683.6,713.6,30.0,False,True
T31A37C291B,2026-01,2026-01-22,273.2,282.1,8.9,False,False
T85072A41C6,2026-01,2026-01-25,1434.5,1446.7,12.2,False,False
T3DB8E8C91B,2026-01,2026-01-21,1166.1,1177.8,11.7,False,False
T1F21C0A526,2026-01,2026-01-25,586.3,610.3,24.0,False,False
TC653350390,2026-01,2026-01-21,1520.8,1535.0,14.2,False,False
TF357DF2C85,2026-01,2026-01-21,850.2,876.9,26.7,False,False
TC2B54F643A,2026-01,2026-01-24,511.1,523.2,12.1,False,False
T62A907AFA1,2026-01,2026-01-22,737.9,746.1,8.2,False,False
T9B926E1A60,2026-01,2026-01-25,937.5,948.1,10.6,False,False
T95A557D58C,2026-01,2026-01-21,3711.1,3830.5,119.4,False,False
T4FD73F8DF8,2026-01,2026-01-23,350.6,361.0,10.4,False,False
TAA9E781779,2026-01,2026-01-24,1242.6,1254.5,11.9,False,False
T5AB667FA59,2026-01,2026-01-25,1473.2,1491.8,18.6,False,False
T2FB8838715,2026-01,2026-01-22,1672.8,1692.0,19.2,False,False
TDC0B728E72,2026-01,2026-01-20,1627.5,1676.7,49.2,False,False
T500E1E73A5,2026-01,2026-01-23,985.6,996.7,11.1,False,False
T518D652731,2026-01,2026-01-21,873.5,896.2,22.7,False,False
T5F78380FF1,2026-01,2026-01-21,1006.9,1020.4,13.5,False,False
T2269F4C04A,2026-01,2026-01-24,1707.6,1760.9,53.3,False,False
T75D0C6EEF9,2026-01,2026-01-21,3255.2,3352.4,97.2,False,False
T08C84C6180,2026-01,2026-01-22,568.1,584.7,16.6,False,False
TBE3328794F,2026-01,2026-01-20,1127.3,1127.3,0.0,True,False
T7BF732B1D4,2026-01,2026-01-23,1291.0,1302.7,11.7,False,False
T680C591820,2026-01,2026-01-24,1211.0,1216.8,5.8,False,False
T87B30A11CA,2026-01,2026-01-22,1628.8,1638.1,9.3,False,False
T2C69DDD554,2026-01,2026-01-22,1525.3,1566.7,41.4,False,False
TB5DCDB3D2B,2026-01,2026-01-20,1440.9,1450.7,9.8,False,False
TF1BF705581,2026-01,2026-01-22,976.7,976.7,0.0,True,False
T7861C2062B,2026-01,2026-01-24,2085.2,2114.7,29.5,False,False
T3E7A117328,2026-01,2026-01-20,582.9,598.2,15.3,False,False
T626DE7D352,2026-01,2026-01-25,1947.1,2003.2,56.1,False,False
T30CED3EF6B,2026-01,2026-01-25,1246.3,1267.9,21.6,False,False
T6F621D315F,2026-01,2026-01-24,586.2,586.2,0.0,True,False
T5AEAFABEEB,2026-01,2026-01-23,1158.7,1165.9,7.2,False,False
T6E1A658692,2026-01,2026-01-25,805.6,822.1,16.5,False,False
TDFD739AFF7,2026-01,2026-01-23,1548.8,1560.5,11.7,False,False
T0E7497BE87,2026-01,2026-01-25,419.5,432.6,13.1,False,False
T63245D9338,2026-01,2026-01-22,589.2,608.4,19.2,False,False
T2FC1A9FEB9,2026-01,2026-01-21,619.5,631.5,12.0,False,False
TE5572E3B77,2026-01,2026-01-25,1573.0,1580.7,7.7,False,False
T93AE74FC8C,2026-01,2026-01-25,1115.6,1130.0,14.4,False,False
TCE4F3C1854,2026-01,2026-01-24,2090.2,2123.3,33.1,False,False
T623FDA0FEC,2026-01,2026-01-20,1047.3,1059.9,12.6,False,False
T6FCD9FC327,2026-01,2026-01-21,525.8,530.7,4.9,False,False
T26D49D2B10,2026-01,2026-01-21,1448.8,1467.3,18.5,False,False
T6B0F45148F,2026-01,2026-01-25,2147.4,2223.2,75.8,False,False
T5DA6DABC22,2026-01,2026-01-22,804.7,819.9,15.2,False,False
T4C0FAA9237,2026-01,2026-01-21,1141.9,1161.4,19.5,False,False
T629B85F6AE,2026-01,2026-01-23,1640.4,1660.2,19.8,False,False
TE6221DA147,2026-01,2026-01-20,964.8,974.0,9.2,False,False
T7092CB932F,2026-01,2026-01-21,1564.2,1582.4,18.2,False,False
T38F3AD60D6,2026-01,2026-01-24,681.4,699.5,18.1,False,False
T051D6304AA,2026-01,2026-01-22,1217.3,1228.1,10.8,False,False
T1677509027,2026-01,2026-01-25,689.7,706.1,16.4,False,False
TCE43CAAFDD,2026-01,2026-01-20,1165.0,1175.3,10.3,False,False
TD6051C60DD,2026-01,2026-01-22,1705.6,1729.8,24.2,False,False
TD81C7B0AC7,2026-01,2026-01-22,1658.5,1674.0,15.5,False,False
TEB9B6A4FBC,2026-01,2026-01-21,1035.3,1050.0,14.7,False,False
T8E67D26322,2026-01,2026-01-20,1837.2,1854.2,17.0,False,False
T0E8259349E,2026-01,2026-01-21,452.7,468.0,15.3,False,False
TEC586A8374,2026-01,2026-01-22,1155.9,1164.9,9.0,False,False
T1E40F3A239,2026-01,2026-01-25,1207.6,1219.1,11.5,False,False
T716C530DED,2026-01,2026-01-24,773.5,784.6,11.1,False,False
T7562476AEF,2026-01,2026-01-20,1842.7,1861.2,18.5,False,False
TB460453C4D,2026-01,2026-01-24,474.2,485.0,10.8,False,False
T4A69C0BA6F,2026-01,2026-01-23,759.8,778.8,19.0,False,False
TB3006B8F03,2026-01,2026-01-21,919.4,930.1,10.7,False,False
TED3E393477,2026-01,2026-01-21,1812.7,1832.9,20.2,False,False
TA014F1FF15,2026-01,2026-01-21,1335.8,1348.3,12.5,False,False
T08D24C843D,2026-01,2026-01-25,615.2,633.0,17.8,False,False
T328C38D103,2026-01,2026-01-23,1823.7,1845.1,21.4,False,False
T5D52776F44,2026-01,2026-01-21,547.0,553.7,6.7,False,False
T350C7F0CAD,2026-01,2026-01-21,662.4,662.4,0.0,True,False
TE4BF83F9A5,2026-01,2026-01-25,1734.1,1761.2,27.1,False,False
T363192FB18,2026-01,2026-01-22,1276.2,1295.1,18.9,False,False
TE7D390D6E1,2026-01,2026-01-20,1170.1,1189.0,18.9,False,False
TEAED0D702E,2026-01,2026-01-24,1172.4,1183.8,11.4,False,False
T76D2631BBE,2026-01,2026-01-22,1445.4,1461.5,16.1,False,False
T41D9DAD65E,2026-01,2026-01-22,779.5,794.3,14.8,False,False
T4FB688BCF2,2026-01,2026-01-25,1355.8,1371.2,15.4,False,False
T49C247A691,2026-01,2026-01-21,827.0,839.8,12.8,False,False
TAD97E4B580,2026-01,2026-01-20,429.8,484.4,54.6,False,True
TA6D3C701E5,2026-01,2026-01-25,516.5,533.9,17.4,False,False
T1629374829,2026-01,2026-01-23,1167.5,1199.1,31.6,False,False
TE380DFCDD5,2026-01,2026-01-20,1322.9,1338.4,15.5,False,False
TC71E645A97,2026-01,2026-01-24,1021.1,1036.0,14.9,False,False
T3B2D063348,2026-01,2026-01-25,472.9,481.0,8.1,False,False
T6B0703F297,2026-01,2026-01-22,1186.9,1198.0,11.1,False,False
T2442BBD224,2026-01,2026-01-23,879.9,892.3,12.4,False,False
T94AEE9D59A,2026-01,2026-01-22,1140.9,1150.5,9.6,False,False
TC36C8FB548,2026-01,2026-01-23,1513.5,1520.8,7.3,False,False
TEA6C60108F,2026-01,2026-01-23,2041.8,2089.1,47.3,False,False
T5D0DA4A5A3,2026-01,2026-01-22,1071.1,1088.8,17.7,False,False
TCE2F3968A5,2026-01,2026-01-21,1153.0,1167.1,14.1,False,False
T3290CE40ED,2026-01,2026-01-21,1708.2,1724.6,16.4,False,False
TFF800A383C,2026-01,2026-01-20,1284.1,1296.8,12.7,False,False
T43D369AD4F,2026-01,2026-01-24,933.9,946.5,12.6,False,False
T2558B25F4A,2026-01,2026-01-21,295.0,310.3,15.3,False,False
TF2D53B5266,2026-01,2026-01-24,1596.7,1608.9,12.2,False,False
T46E626FB09,2026-01,2026-01-21,506.4,529.2,22.8,False,False
T7E0A59EC74,2026-01,2026-01-22,478.0,483.8,5.8,False,False
TDB77C6E5BA,2026-01,2026-01-21,754.1,767.1,13.0,False,False
TB2420A8657,2026-01,2026-01-23,1261.0,1261.0,0.0,True,False
TB1246EBDB6,2026-01,2026-01-25,712.2,718.4,6.2,False,False
T8C8BD1D187,2026-01,2026-01-24,1545.9,1567.5,21.6,False,False
T9A87FD75BB,2026-01,2026-01-24,718.2,731.1,12.9,False,False
T7220DB253B,2026-01,2026-01-20,911.5,911.5,0.0,True,False
T024582A041,2026-01,2026-01-23,1741.3,1771.0,29.7,False,False
TA3D7EB0EB6,2026-01,2026-01-21,1425.4,1427.4,2.0,False,False
T980F08905D,2026-01,2026-01-23,1499.9,1509.3,9.4,False,False
T0070991C4A,2026-01,2026-01-24,572.1,581.6,9.5,False,False
TE62F9D24A2,2026-01,2026-01-20,1026.5,1043.9,17.4,False,False
T660F58D22C,2026-01,2026-01-25,1493.4,1507.7,14.3,False,False
TC9C59FD3C0,2026-01,2026-01-24,1556.4,1567.4,11.0,False,False
TC85BCF4679,2026-01,2026-01-24,895.4,918.7,23.3,False,False
T711A4FB3DC,2026-01,2026-01-22,1383.0,1383.0,0.0,True,False
TDA01857472,2026-01,2026-01-24,736.1,740.0,3.9,False,False
T593C7D2F36,2026-01,2026-01-21,1063.5,1075.2,11.7,False,False
TAD1B3ECAF6,2026-01,2026-01-21,986.9,1009.9,23.0,False,False
T62DB418771,2026-02,2026-02-22,1460.5,1478.7,18.2,False,False
T516D296A99,2026-02,2026-02-23,889.5,898.2,8.7,False,False
TF6199DECCB,2026-02,2026-02-24,1724.9,1761.9,37.0,False,False
TBFDD3649BD,2026-02,2026-02-20,1583.8,1598.3,14.5,False,False
T1A8F7C05C9,2026-02,2026-02-20,1368.1,1377.6,9.5,False,False
T6B4FC6C7C6,2026-02,2026-02-24,1032.8,1032.8,0.0,True,False
T6EE7490E19,2026-02,2026-02-22,1659.8,1673.1,13.3,False,False
T771EC6B537,2026-02,2026-02-21,974.3,979.8,5.5,False,False
TA87CD37475,2026-02,2026-02-22,705.8,729.1,23.3,False,False
T00048F12E2,2026-02,2026-02-20,308.6,315.1,6.5,False,False
TDE3B85E449,2026-02,2026-02-25,1288.5,1307.8,19.3,False,False
TDFD5EF1E2B,2026-02,2026-02-20,892.8,892.8,0.0,True,False
T6BE1C12D07,2026-02,2026-02-20,3351.0,3429.2,78.2,False,False
TE17C7596F7,2026-02,2026-02-25,436.1,446.1,10.0,False,False
TF0590D064A,2026-02,2026-02-23,678.4,692.5,14.1,False,False
T0201C8273D,2026-02,2026-02-25,588.5,599.9,11.4,False,False
T416D725964,2026-02,2026-02-21,1381.6,1395.9,14.3,False,False
T592985E849,2026-02,2026-02-25,626.1,643.6,17.5,False,False
T8CFD079CB6,2026-02,2026-02-21,1785.7,1802.0,16.3,False,False
TD10A6EDCA0,2026-02,2026-02-25,1230.7,1249.8,19.1,False,False
T0CE7987E4B,2026-02,2026-02-23,1959.3,2033.2,73.9,False,False
T0F12629295,2026-02,2026-02-25,444.6,444.6,0.0,True,False
T7833B36159,2026-02,2026-02-22,921.4,934.3,12.9,False,False
T997FF51E88,2026-02,2026-02-20,982.3,995.9,13.6,False,False
TB0AFAFC426,2026-02,2026-02-21,2544.1,2581.1,37.0,False,False
T4B2228F178,2026-02,2026-02-25,861.9,878.8,16.9,False,False
T5D1D63651A,2026-02,2026-02-23,640.4,661.0,20.6,False,False
T005A9CE174,2026-02,2026-02-22,1442.1,1452.5,10.4,False,False
T0E572DDC2C,2026-02,2026-02-20,1192.7,1202.5,9.8,False,False
T6B4C3EB33E,2026-02,2026-02-23,1408.8,1414.8,6.0,False,False
T98621FD0F2,2026-02,2026-02-22,3258.5,3388.9,130.4,False,False
TCED7759D69,2026-02,2026-02-21,1571.3,1588.2,16.9,False,False
T148BA00559,2026-02,2026-02-24,1557.4,1577.5,20.1,False,False
T8EF8382AF5,2026-02,2026-02-24,1701.5,1701.5,0.0,True,False
T294140BCEC,2026-02,2026-02-25,648.4,665.7,17.3,False,False
T2B4ECE5F7A,2026-02,2026-02-24,627.4,627.4,0.0,True,False
TFCDB644B38,2026-02,2026-02-20,641.6,658.1,16.5,False,False
TF46C85CB55,2026-02,2026-02-25,757.5,763.8,6.3,False,False
T635E7348B0,2026-02,2026-02-20,708.5,742.0,33.5,False,False
TD950C1321E,2026-02,2026-02-20,564.7,576.9,12.2,False,False
T79F7CA1313,2026-02,2026-02-22,357.1,363.3,6.2,False,False
T1890D0D69D,2026-02,2026-02-25,1026.2,1041.8,15.6,False,False
T92ED6C6BBC,2026-02,2026-02-23,555.6,563.3,7.7,False,False
T1A234D637E,2026-02,2026-02-23,1387.9,1398.3,10.4,False,False
T0FA07C2AE6,2026-02,2026-02-25,460.4,472.0,11.6,False,False
T85D9327E38,2026-02,2026-02-24,1551.4,1565.4,14.0,False,False
T9B2220E701,2026-02,2026-02-22,1353.7,1376.4,22.7,False,False
T75AE25B236,2026-02,2026-02-23,1107.8,1124.6,16.8,False,False
T85C4B9E9BD,2026-02,2026-02-20,1283.3,1289.4,6.1,False,False
TAAC46C752C,2026-02,2026-02-23,1607.9,1617.9,10.0,False,True
TB5ABA37301,2026-02,2026-02-23,1195.5,1219.3,23.8,False,False
TDB1931905E,2026-02,2026-02-20,1149.3,1156.9,7.6,False,False
T8A79BCF725,2026-02,2026-02-21,1377.7,1383.3,5.6,False,False
T1383BC162C,2026-02,2026-02-22,1792.3,1802.9,10.6,False,False
TE3F34F661C,2026-02,2026-02-24,2022.1,2096.3,74.2,False,False
T945DF5CC73,2026-02,2026-02-21,1208.7,1215.8,7.1,False,False
T89289351AD,2026-02,2026-02-25,1387.2,1397.7,10.5,False,False
T3C6A8E589D,2026-02,2026-02-23,803.0,829.8,26.8,False,False
T9EDB41553F,2026-02,2026-02-24,351.4,358.1,6.7,False,False
T39FECD2D40,2026-02,2026-02-24,1082.7,1103.4,20.7,False,False
T393F331539,2026-02,2026-02-20,570.2,570.2,0.0,True,False
T44E572D176,2026-02,2026-02-20,692.8,709.5,16.7,False,False
T6A0C9518A5,2026-02,2026-02-25,1429.6,1442.1,12.5,False,False
T6F6C091F32,2026-02,2026-02-21,1553.4,1564.2,10.8,False,False
T0A7DFC3903,2026-02,2026-02-23,1714.0,1734.8,20.8,False,False
T4CA807AAAE,2026-02,2026-02-24,1032.4,1073.5,41.1,False,False
T292B036CC6,2026-02,2026-02-22,1130.5,1151.1,20.6,False,False
TF252236170,2026-02,2026-02-21,383.3,401.2,17.9,False,False
T47A88C447A,2026-02,2026-02-22,836.5,847.0,10.5,False,False
T29274E7656,2026-02,2026-02-20,572.3,591.8,19.5,False,False
TF94B3B4CEA,2026-02,2026-02-20,837.3,850.5,13.2,False,False
TD79C86593F,2026-02,2026-02-23,1317.7,1335.7,18.0,False,False
T042B2178D1,2026-02,2026-02-20,452.9,471.4,18.5,False,False
TE9E2B18053,2026-02,2026-02-23,1621.2,1621.2,0.0,True,False
T80D9A080BE,2026-02,2026-02-25,2549.0,2579.6,30.6,False,False
T580C1D0E5A,2026-02,2026-02-24,1571.9,1632.5,60.6,False,False
T262047037E,2026-02,2026-02-20,742.0,751.8,9.8,False,False
T997FBB56CB,2026-02,2026-02-22,1657.8,1657.8,0.0,True,False
T488907BADA,2026-02,2026-02-24,837.5,853.9,16.4,False,False
T959B664297,2026-02,2026-02-20,316.3,329.0,12.7,False,False
TCE4FA87780,2026-02,2026-02-21,1443.4,1453.9,10.5,False,False
T6A6F416B64,2026-02,2026-02-24,1269.6,1284.2,14.6,False,False
T5C22EC11B8,2026-02,2026-02-21,1567.8,1607.2,39.4,False,False
T132EB7CE2B,2026-02,2026-02-21,1328.4,1340.9,12.5,False,False
T011F73020E,2026-02,2026-02-25,1383.6,1396.7,13.1,False,False
T0197678D11,2026-02,2026-02-24,1411.5,1448.2,36.7,False,False
TBA58CFEBC6,2026-02,2026-02-24,1871.2,1894.4,23.2,False,False
T78A401EEAD,2026-02,2026-02-25,549.0,565.7,16.7,False,False
TE33F90B286,2026-02,2026-02-21,572.5,585.9,13.4,False,False
T761C9E26E6,2026-02,2026-02-21,608.9,642.4,33.5,False,True
T65187CE62C,2026-02,2026-02-23,1276.6,1307.7,31.1,False,False
T6DD4962896,2026-02,2026-02-23,472.0,482.3,10.3,False,False
T57E5EAB9B8,2026-02,2026-02-22,1248.2,1260.1,11.9,False,False
T0D1C506545,2026-02,2026-02-25,1017.1,1017.1,0.0,True,False
T16385BC409,2026-02,2026-02-25,440.2,449.6,9.4,False,False
T703E749B16,2026-02,2026-02-24,927.6,942.2,14.6,False,False
TE03815B898,2026-02,2026-02-24,1743.9,1758.3,14.4,False,False
T5EDC8CD764,2026-02,2026-02-23,1292.7,1292.7,0.0,True,False
T8A0E42EA46,2026-02,2026-02-20,1414.8,1426.3,11.5,False,False
T58E4665FE8,2026-02,2026-02-23,671.8,691.3,19.5,False,False
T45A3829C6C,2026-02,2026-02-21,494.7,506.0,11.3,False,False
T0F2B41D96D,2026-02,2026-02-23,798.1,830.6,32.5,False,False
T45E4DAC832,2026-02,2026-02-23,987.0,987.0,0.0,True,False
TB308B5DC7A,2026-02,2026-02-20,1367.5,1380.6,13.1,False,False
T5A52BDFD5B,2026-02,2026-02-22,1305.1,1312.4,7.3,False,False
T3B6195226D,2026-02,2026-02-21,752.9,769.1,16.2,False,False
TEF3ACC364D,2026-02,2026-02-25,315.7,326.7,11.0,False,False
T0E3944E1C7,2026-02,2026-02-21,1643.9,1658.4,14.5,False,False
TC5E02C2AE1,2026-02,2026-02-22,985.7,992.1,6.4,False,False
T9C181CA6B2,2026-02,2026-02-22,956.1,974.9,18.8,False,False
T46D0D9FE06,2026-02,2026-02-25,1143.5,1155.3,11.8,False,False
T3763EE0258,2026-02,2026-02-25,452.9,463.6,10.7,False,False
TB6793708AF,2026-02,2026-02-21,946.4,946.4,0.0,True,False
T02BF3919B7,2026-02,2026-02-22,1402.8,1414.6,11.8,False,False
T61903D0C08,2026-02,2026-02-22,614.6,625.3,10.7,False,False
T1540962193,2026-02,2026-02-21,1833.5,,,False,False
TE8DF4BFC62,2026-02,2026-02-25,2194.3,2232.4,38.1,False,False
T97A5E4F98E,2026-02,2026-02-20,1442.5,1460.1,17.6,False,False
TB2B631F6DE,2026-02,2026-02-25,342.0,356.3,14.3,False,False
TFD4476DD46,2026-02,2026-02-20,1050.5,1072.6,22.1,False,False
T63AE43B763,2026-02,2026-02-22,1357.4,1380.4,23.0,False,False
TF7E0F3ADFA,2026-02,2026-02-21,615.3,617.9,2.6,False,False
T9F3D4A99A8,2026-02,2026-02-23,1074.6,1080.9,6.3,False,False
T3AF0CA5142,2026-02,2026-02-25,1669.8,1717.2,47.4,False,False
T525C93E294,2026-02,2026-02-25,420.8,431.5,10.7,False,False
TA60FF3309B,2026-02,2026-02-25,1355.2,1364.6,9.4,False,False
T6230F0F81A,2026-02,2026-02-25,370.1,384.6,14.5,False,False
T486DC7662A,2026-02,2026-02-21,4856.2,5044.9,188.7,False,False
T0DD0FDF0BD,2026-02,2026-02-23,908.7,928.8,20.1,False,False
T81EEF6FCD3,2026-02,2026-02-22,971.1,971.1,0.0,True,False
T6269371CAA,2026-02,2026-02-22,1517.7,1524.9,7.2,False,False
TF7BDB30AC3,2026-02,2026-02-24,1061.5,1080.5,19.0,False,False
TC1EBE75CAC,2026-02,2026-02-23,1273.5,1288.8,15.3,False,False
T0A0805FB46,2026-02,2026-02-21,1924.4,1948.6,24.2,False,False
T7C1EBC3C4C,2026-02,2026-02-25,697.1,697.1,0.0,True,False
TFB5558315C,2026-02,2026-02-22,469.8,487.4,17.6,False,False
T4D34DCD6FE,2026-02,2026-02-25,942.5,958.6,16.1,False,False
T8F2163E1AC,2026-02,2026-02-20,1850.9,1875.4,24.5,False,False
T6D36EEA27E,2026-02,2026-02-23,421.4,431.9,10.5,False,False
TD718599337,2026-02,2026-02-22,1492.5,1532.7,40.2,False,False
TACFC1D584E,2026-02,2026-02-21,1572.2,1596.2,24.0,False,False
TE1CE4D9E5A,2026-02,2026-02-22,545.4,562.9,17.5,False,False
TEEB9050E6F,2026-02,2026-02-22,1035.0,1054.7,19.7,False,False
T266175A7E1,2026-02,2026-02-24,1771.7,1771.7,0.0,True,False
T188F8436EB,2026-02,2026-02-22,618.4,104.44594138189679,7.0,False,False
TBF5EF4019A,2026-02,2026-02-25,969.2,977.6,8.4,False,False
TF8038E3438,2026-02,2026-02-21,857.9,868.2,10.3,False,False
T14A35B501D,2026-02,2026-02-24,1517.9,1552.4,34.5,False,False
TACA1F6575E,2026-02,2026-02-20,246.5,257.3,10.8,False,False
T425CF74F89,2026-02,2026-02-24,1000.8,1002.8,2.0,False,False
T7E561E41DF,2026-02,2026-02-20,1761.4,1779.3,17.9,False,False
TAE21909B09,2026-02,2026-02-20,737.1,750.0,12.9,False,False
TA49FD77129,2026-02,2026-02-23,1526.5,1556.8,30.3,False,False
T83C53CBDE3,2026-02,2026-02-24,1099.3,1116.2,16.9,False,False
T8989E9F3E0,2026-02,2026-02-22,1427.6,1461.3,33.7,False,False
T0E868A3F47,2026-02,2026-02-25,1858.6,1877.5,18.9,False,False
TAA4A146A6F,2026-02,2026-02-25,1084.3,1096.0,11.7,False,False
T929701588B,2026-02,2026-02-20,712.1,717.5,5.4,False,False
TCBA87E8F93,2026-02,2026-02-22,1718.2,1737.5,19.3,False,False
T71B2CE98BC,2026-02,2026-02-20,1892.7,1918.7,26.0,False,False
T3104E606FB,2026-02,2026-02-25,1729.6,1740.5,10.9,False,False
TC9C584B8EF,2026-02,2026-02-21,759.2,772.9,13.7,False,False
T42EAACA5A6,2026-02,2026-02-25,637.5,650.8,13.3,False,False
T27CD292019,2026-02,2026-02-22,1749.4,1773.4,24.0,False,False
T2631941D4D,2026-02,2026-02-24,1851.2,1868.8,17.6,False,False
TD6D0D046B5,2026-02,2026-02-25,499.0,506.2,7.2,False,False
T930BCF26DA,2026-02,2026-02-20,1717.5,1733.4,15.9,False,False
T7A263D97A8,2026-02,2026-02-21,522.0,545.3,23.3,False,False
T84CC232045,2026-02,2026-02-21,1189.8,1199.7,9.9,False,False
T1F7089E5B3,2026-02,2026-02-24,1631.4,1651.3,19.9,False,False
T6DD01C39D7,2026-02,2026-02-25,1576.2,1616.7,40.5,False,False
TE3814F5946,2026-02,2026-02-23,1217.9,1224.4,6.5,False,False
T260F6D657D,2026-02,2026-02-23,1781.8,1794.1,12.3,False,False
TF9F158A927,2026-02,2026-02-25,1002.5,1019.7,17.2,False,False
T2A78E596A5,2026-02,2026-02-24,824.7,824.7,0.0,True,False
T48829C6681,2026-02,2026-02-20,948.4,969.0,20.6,False,False
T5446AB5D4F,2026-02,2026-02-25,1533.5,1540.2,6.7,False,False
T6FEE2A0A85,2026-02,2026-02-22,480.2,486.5,6.3,False,False
T37BA3005AD,2026-02,2026-02-25,1417.8,1441.3,23.5,False,False
T599538981A,2026-02,2026-02-23,1720.5,1773.1,52.6,False,False
TC1FE3D7E79,2026-02,2026-02-21,1345.3,1365.1,19.8,False,False
TAB633F4546,2026-02,2026-02-22,501.5,514.2,12.7,False,False
TEF123948C4,2026-02,2026-02-22,760.5,770.5,10.0,False,False
T50EA3E30B0,2026-02,2026-02-24,1297.4,1307.9,10.5,False,False
T10E8B50E63,2026-02,2026-02-20,1673.5,1704.6,31.1,False,False
T75445AB825,2026-02,2026-02-20,1336.0,1349.9,13.9,False,False
T9AEC04CEE6,2026-02,2026-02-21,371.3,382.8,11.5,False,False
TE59C7E0558,2026-02,2026-02-25,547.3,554.1,6.8,False,False
T017F5CC857,2026-02,2026-02-24,1669.9,1690.9,21.0,False,False
T5740214D00,2026-02,2026-02-21,522.8,529.0,6.2,False,False
TA54FDBC969,2026-02,2026-02-24,1425.2,1468.7,43.5,False,False
T79348D1D8C,2026-02,2026-02-20,1413.8,1471.6,57.8,False,False
T0C38B9638D,2026-02,2026-02-22,1277.3,1308.5,31.2,False,False
TF8CD7DEDDA,2026-02,2026-02-21,997.7,1010.9,13.2,False,False
TD4AA44C620,2026-02,2026-02-24,978.3,994.9,16.6,False,False
TBA22021045,2026-02,2026-02-23,1438.2,1498.9,60.7,False,False
TAE4991C39A,2026-02,2026-02-22,1711.1,1724.5,13.4,False,False
T926427EC22,2026-02,2026-02-23,873.4,892.4,19.0,False,False
T03F3726F54,2026-02,2026-02-23,1140.0,1150.6,10.6,False,False
T9C5C1B51E6,2026-02,2026-02-25,508.0,534.7,26.7,False,False
TAB67F85714,2026-02,2026-02-25,1836.1,1851.9,15.8,False,False
T021E4A2B45,2026-02,2026-02-20,761.3,771.2,9.9,False,False
T9C284C6EDE,2026-02,2026-02-22,1720.9,1738.8,17.9,False,False
TE5AE06739E,2026-02,2026-02-20,399.9,,,False,False
T01F422D988,2026-02,2026-02-22,1687.6,1687.6,0.0,True,False
T812E69DF24,2026-02,2026-02-23,1657.6,1699.4,41.8,False,False
T1753290875,2026-02,2026-02-24,1620.2,1632.4,12.2,False,False
T6453265506,2026-02,2026-02-25,3548.6,3700.7,152.1,False,False
T3DCE54CBCD,2026-02,2026-02-21,373.9,385.8,11.9,False,False
T25A59C1230,2026-02,2026-02-25,584.6,601.7,17.1,False,False
T7149DBE7E7,2026-02,2026-02-20,1424.0,1458.6,34.6,False,False
T17B01CE93D,2026-02,2026-02-23,1545.9,1557.7,11.8,False,False
T2A7B7C0706,2026-02,2026-02-22,1533.7,1550.0,16.3,False,False
TA2A12750E0,2026-02,2026-02-23,661.3,674.6,13.3,False,False
TCDF5CCF9D1,2026-02,2026-02-23,1890.5,1906.7,16.2,False,False
T136877D852,2026-02,2026-02-22,1395.0,1413.4,18.4,False,False
TD93E7F3525,2026-02,2026-02-21,1370.4,1378.3,7.9,False,False
T9E698DAD97,2026-02,2026-02-23,537.0,548.7,11.7,False,False
TA7CD008CD2,2026-02,2026-02-25,1649.8,1675.5,25.7,False,False
TB5E2F0D295,2026-02,2026-02-23,1106.7,1119.9,13.2,False,False
T886651EB56,2026-02,2026-02-22,1957.7,1979.4,21.7,False,False
T726E26C014,2026-02,2026-02-24,575.2,579.6,4.4,False,False
T47801013F9,2026-02,2026-02-24,459.3,474.1,14.8,False,False
T7B44E5C01C,2026-02,2026-02-25,1181.4,1184.8,3.4,False,False
T06E1B5C91E,2026-02,2026-02-24,817.3,830.2,12.9,False,False
TBD7AFAA9AB,2026-02,2026-02-24,1395.4,1409.9,14.5,False,False
T3A8AE15DE9,2026-02,2026-02-21,1167.7,1181.0,13.3,False,False
T90FCBE8560,2026-02,2026-02-23,1405.4,1417.2,11.8,False,False
T6B76BCDCC8,2026-02,2026-02-20,2318.2,2353.8,35.6,False,False
T6B61D786E8,2026-02,2026-02-25,1180.6,1192.0,11.4,False,False
TD8B8E83F9D,2026-02,2026-02-21,1505.9,1519.1,13.2,False,False
T353F39960E,2026-02,2026-02-23,540.3,546.5,6.2,False,False
TC44518846F,2026-02,2026-02-22,521.3,540.3,19.0,False,False
T3DBD424B8F,2026-02,2026-02-24,751.8,763.3,11.5,False,False
TB8E4E6CA4C,2026-02,2026-02-25,1213.8,1245.8,32.0,False,False
T54630B6404,2026-02,2026-02-22,527.5,542.7,15.2,False,False
T71623730B1,2026-02,2026-02-20,1252.4,1270.0,17.6,False,False
T7436A106AE,2026-02,2026-02-25,555.1,565.1,10.0,False,False
T6191B8FD69,2026-02,2026-02-22,1287.3,1296.3,9.0,False,False
TBA7727A83B,2026-02,2026-02-25,612.2,628.0,15.8,False,False
T66B24DDB8C,2026-02,2026-02-23,1793.0,1808.4,15.4,False,False
T0EAA0EDBAF,2026-02,2026-02-23,1115.9,1145.7,29.8,False,False
TDCBC842E3A,2026-02,2026-02-25,813.4,835.4,22.0,False,False
T305BACE840,2026-02,2026-02-20,976.2,989.7,13.5,False,False
TAD0E244201,2026-02,2026-02-25,1369.9,1390.9,21.0,False,False
T824A68B378,2026-02,2026-02-21,1326.6,1332.1,5.5,False,False
T9F72B39B89,2026-02,2026-02-21,785.9,792.8,6.9,False,False
T0380D1AD85,2026-02,2026-02-23,1283.7,1298.9,15.2,False,False
TD58AFBB420,2026-02,2026-02-21,2481.4,2517.7,36.3,False,False
TB1A6FA6009,2026-02,2026-02-21,512.3,523.5,11.2,False,False
TB95EB354D9,2026-02,2026-02-23,1289.2,1309.2,20.0,False,False
T6EBEC2B9E3,2026-02,2026-02-20,697.2,706.3,9.1,False,False
TCBAFB86C54,2026-02,2026-02-20,1690.1,1706.1,16.0,False,False
T2D884BEE59,2026-02,2026-02-23,1448.7,1470.5,21.8,False,False
T81E3CAC404,2026-02,2026-02-24,1431.0,1439.1,8.1,False,False
TB13246DF04,2026-02,2026-02-22,2577.2,2615.3,38.1,False,False
T38FC29870C,2026-02,2026-02-22,1015.7,1023.7,8.0,False,False
T0B952300A6,2026-02,2026-02-24,1307.7,1307.7,0.0,True,False
T592EE5AE5A,2026-02,2026-02-21,655.0,655.0,0.0,True,False
T8AB7B992DC,2026-02,2026-02-25,1653.4,1665.6,12.2,False,False
TE13531501B,2026-02,2026-02-21,372.9,384.8,11.9,False,False
T603C6A7DDF,2026-02,2026-02-20,2184.9,2227.2,42.3,False,False
T9B1CF87E17,2026-02,2026-02-23,793.4,805.3,11.9,False,False
T7E47E27FFB,2026-02,2026-02-22,1209.5,1224.1,14.6,False,False
T2FE3E18EED,2026-02,2026-02-25,1176.2,1193.9,17.7,False,False
T518FD2CD05,2026-02,2026-02-22,918.8,931.8,13.0,False,False
TCA03B52F53,2026-02,2026-02-22,480.3,492.1,11.8,False,False
TC97F0C81C8,2026-02,2026-02-24,3099.4,3224.0,124.6,False,False
T5825BB17FC,2026-02,2026-02-22,1119.9,1163.6,43.7,False,False
TC5E185C6E8,2026-02,2026-02-20,318.1,330.1,12.0,False,False
TEAD9E81003,2026-02,2026-02-25,983.5,997.1,13.6,False,False
TE23D5A574A,2026-02,2026-02-20,980.8,990.3,9.5,False,False
T04048D53A3,2026-02,2026-02-21,753.8,760.2,6.4,False,False
TE1AA9E77A7,2026-02,2026-02-20,974.5,979.1,4.6,False,False
TC54C99BA73,2026-02,2026-02-25,1087.6,1125.2,37.6,False,False
T013C0F8B57,2026-02,2026-02-20,1463.7,1477.5,13.8,False,False
T3C23C0A42C,2026-02,2026-02-22,1172.8,1193.0,20.2,False,False
TEDB2598366,2026-02,2026-02-22,1288.3,1288.3,0.0,True,False
T03D524AC98,2026-02,2026-02-21,1587.4,1599.5,12.1,False,False
T9B658694D7,2026-02,2026-02-20,843.6,868.3,24.7,False,False
T827DB403EF,2026-02,2026-02-23,1039.2,1042.3,3.1,False,False
TD5960FA89C,2026-02,2026-02-22,1315.6,1359.2,43.6,False,True
TEB9CD6778B,2026-02,2026-02-20,1577.8,1593.2,15.4,False,False
TCFB896C903,2026-02,2026-02-25,784.4,794.0,9.6,False,False
T4EBE5132B6,2026-02,2026-02-25,981.3,1010.5,29.2,False,True
TD6D7800440,2026-02,2026-02-23,1506.5,1540.7,34.2,False,True
TB1AE49FA20,2026-02,2026-02-21,617.4,625.3,7.9,False,False
TF4940B0970,2026-02,2026-02-22,1231.4,1245.3,13.9,False,False
T6492EC951E,2026-02,2026-02-20,1134.5,1179.0,44.5,False,False
T5B2FD74A85,2026-02,2026-02-20,1579.3,1602.4,23.1,False,False
TCF1A6CDF80,2026-02,2026-02-23,545.4,560.7,15.3,False,False
TBA965CD37E,2026-02,2026-02-23,385.0,399.4,14.4,False,False
T8917AF33E8,2026-02,2026-02-25,1501.7,1566.6,64.9,False,False
T4F696F6C0E,2026-02,2026-02-22,482.9,506.8,23.9,False,False
TFB9BD0FCA4,2026-02,2026-02-24,1978.3,2007.1,28.8,False,False
T6372E1147F,2026-02,2026-02-23,1237.6,1253.8,16.2,False,False
T8B4FC280C2,2026-02,2026-02-23,550.5,560.2,9.7,False,False
T0AF0DD2FE5,2026-02,2026-02-20,1092.3,1104.4,12.1,False,False
T9BABD62590,2026-02,2026-02-22,1684.8,1746.6,61.8,False,False
TBBD0028CDB,2026-02,2026-02-20,966.4,981.0,14.6,False,False
T30E453AB34,2026-02,2026-02-20,1058.1,1073.1,15.0,False,False
T7DC59256DC,2026-02,2026-02-21,844.0,870.7,26.7,False,False
TCC371206BC,2026-02,2026-02-23,568.5,580.6,12.1,False,False
TDEF092A4C5,2026-02,2026-02-22,1499.0,330.7506575294154,9.2,False,False
TE13FCEC631,2026-02,2026-02-23,1174.9,1188.9,14.0,False,False
T7C3F6A8162,2026-02,2026-02-23,1558.0,1578.8,20.8,False,False
T0F4A3A74ED,2026-02,2026-02-23,943.6,960.9,17.3,False,False
T5BEF82BC17,2026-02,2026-02-23,1427.6,1442.7,15.1,False,False
T07AC5856A4,2026-02,2026-02-21,687.2,698.4,11.2,False,False
T0185184B59,2026-02,2026-02-22,1269.4,1283.0,13.6,False,False
T79F8E1FAE8,2026-02,2026-02-25,354.2,375.7,21.5,False,False
T4D40D256FE,2026-02,2026-02-22,1247.7,1266.7,19.0,False,False
TE74495FCDD,2026-02,2026-02-23,1613.1,1625.1,12.0,False,False
TAD9ED625D1,2026-02,2026-02-24,1547.9,1567.6,19.7,False,False
TE7328B9E12,2026-02,2026-02-22,663.1,668.8,5.7,False,False
T5FC1C50126,2026-02,2026-02-23,1362.7,1381.4,18.7,False,False
T203C71CAC2,2026-02,2026-02-22,1760.7,,,False,False
T1D1F227112,2026-02,2026-02-22,828.8,846.2,17.4,False,False
TF62BDC6E96,2026-02,2026-02-25,1723.9,1740.6,16.7,False,False
T5D35014BC6,2026-02,2026-02-20,1651.5,1659.3,7.8,False,False
T9C80DA594D,2026-02,2026-02-21,741.5,752.2,10.7,False,False
T575100FEE6,2026-02,2026-02-22,681.8,712.0,30.2,False,False
TFF833858D4,2026-02,2026-02-24,1699.6,1710.9,11.3,False,False
T44C452513D,2026-02,2026-02-20,908.4,927.2,18.8,False,False
TC11C4F89B7,2026-02,2026-02-23,575.7,600.6,24.9,False,False
T519E11C12F,2026-02,2026-02-24,352.3,363.4,11.1,False,False
T1D1C3809AD,2026-02,2026-02-23,1422.6,1456.4,33.8,False,False
T2F89E8ED6F,2026-02,2026-02-25,1531.9,1546.5,14.6,False,False
TED624C9B29,2026-02,2026-02-21,1482.4,1499.1,16.7,False,False
T80599540B9,2026-02,2026-02-21,609.1,609.1,0.0,True,False
T99F86EAA03,2026-02,2026-02-23,1065.2,1089.8,24.6,False,False
T48E474E620,2026-02,2026-02-23,1442.2,1458.4,16.2,False,False
T62F138B69F,2026-02,2026-02-22,1530.9,1550.4,19.5,False,False
T0ABCC73F5F,2026-02,2026-02-20,1407.5,1419.5,12.0,False,False
T451A03E5F4,2026-02,2026-02-22,1158.6,1187.5,28.9,False,False
T28A5C3A212,2026-02,2026-02-25,974.4,984.8,10.4,False,False
T9BF23AC92B,2026-02,2026-02-24,1151.6,1163.9,12.3,False,False
T8D847ABAD5,2026-02,2026-02-25,944.1,952.9,8.8,False,False
T79AD100612,2026-02,2026-02-25,1351.4,1365.4,14.0,False,False
T595C48877B,2026-02,2026-02-22,1229.4,1246.2,16.8,False,False
T7E1F631507,2026-02,2026-02-21,442.2,456.1,13.9,False,False
T7CEE29F570,2026-02,2026-02-21,531.2,539.9,8.7,False,False
TB28F8F08F4,2026-02,2026-02-21,894.0,902.6,8.6,False,False
T741A1119FA,2026-02,2026-02-21,640.1,660.0,19.9,False,False
T26862D1A4A,2026-02,2026-02-23,2138.1,2176.1,38.0,False,False
TCB96D14BFD,2026-02,2026-02-22,762.9,773.8,10.9,False,False
TF07D19AE17,2026-02,2026-02-24,777.9,817.0,39.1,False,False
T7AE1E63696,2026-02,2026-02-20,1551.5,1563.4,11.9,False,False
TEA687BEEC8,2026-02,2026-02-20,610.7,626.3,15.6,False,False
T5C97BD73CE,2026-02,2026-02-20,1687.1,1700.3,13.2,False,False
T64DF103F27,2026-02,2026-02-21,478.3,490.3,12.0,False,False
T962D5133B5,2026-02,2026-02-22,1438.0,1458.8,20.8,False,False
TFAE2AFD636,2026-02,2026-02-20,1497.4,1503.8,6.4,False,False
T8237A9AE83,2026-02,2026-02-21,622.7,639.3,16.6,False,False
T124789ED12,2026-02,2026-02-23,950.2,958.4,8.2,False,False
T77D8F1F07B,2026-02,2026-02-21,1500.4,1538.5,38.1,False,False
T88E01EE6A9,2026-02,2026-02-23,888.0,909.2,21.2,False,False
TCCA2F0E6D1,2026-02,2026-02-23,674.1,686.0,11.9,False,False
TE7C4074532,2026-02,2026-02-23,691.2,718.3,27.1,False,False
TE08ACE6D71,2026-02,2026-02-22,1735.0,1754.4,19.4,False,False
TF5AB4BC37D,2026-02,2026-02-24,713.6,741.2,27.6,False,True
T31A37C291B,2026-02,2026-02-24,282.1,291.9,9.8,False,False
T85072A41C6,2026-02,2026-02-20,1446.7,1458.2,11.5,False,False
T3DB8E8C91B,2026-02,2026-02-24,1177.8,1188.3,10.5,False,False
T1F21C0A526,2026-02,2026-02-25,610.3,635.0,24.7,False,False
TC653350390,2026-02,2026-02-23,1535.0,1535.0,0.0,True,False
TF357DF2C85,2026-02,2026-02-23,876.9,899.1,22.2,False,False
TC2B54F643A,2026-02,2026-02-22,523.2,531.9,8.7,False,False
T62A907AFA1,2026-02,2026-02-20,746.1,755.1,9.0,False,False
T9B926E1A60,2026-02,2026-02-21,948.1,958.4,10.3,False,False
T95A557D58C,2026-02,2026-02-25,3830.5,3998.6,168.1,False,False
T4FD73F8DF8,2026-02,2026-02-24,361.0,371.4,10.4,False,False
TAA9E781779,2026-02,2026-02-21,1254.5,1267.0,12.5,False,False
T5AB667FA59,2026-02,2026-02-20,1491.8,1510.1,18.3,False,False
T2FB8838715,2026-02,2026-02-20,1692.0,1715.6,23.6,False,False
TDC0B728E72,2026-02,2026-02-22,1676.7,1737.7,61.0,False,False
T500E1E73A5,2026-02,2026-02-22,996.7,1008.3,11.6,False,False
T518D652731,2026-02,2026-02-24,896.2,918.7,22.5,False,False
T5F78380FF1,2026-02,2026-02-23,1020.4,1033.0,12.6,False,False
T2269F4C04A,2026-02,2026-02-20,1760.9,1808.8,47.9,False,False
T75D0C6EEF9,2026-02,2026-02-25,3352.4,3461.3,108.9,False,False
T08C84C6180,2026-02,2026-02-22,584.7,607.2,22.5,False,False
TBE3328794F,2026-02,2026-02-20,1127.3,1136.8,9.5,False,False
T7BF732B1D4,2026-02,2026-02-20,1302.7,1318.3,15.6,False,False
T680C591820,2026-02,2026-02-20,1216.8,1222.7,5.9,False,False
T87B30A11CA,2026-02,2026-02-20,1638.1,1647.9,9.8,False,False
T2C69DDD554,2026-02,2026-02-25,1566.7,1566.7,0.0,True,False
TB5DCDB3D2B,2026-02,2026-02-24,1450.7,1457.2,6.5,False,False
TF1BF705581,2026-02,2026-02-22,976.7,994.6,17.9,False,False
T7861C2062B,2026-02,2026-02-20,2114.7,2152.1,37.4,False,False
T3E7A117328,2026-02,2026-02-22,598.2,615.6,17.4,False,False
T626DE7D352,2026-02,2026-02-23,2003.2,2057.5,54.3,False,False
T30CED3EF6B,2026-02,2026-02-21,1267.9,1288.5,20.6,False,False
T6F621D315F,2026-02,2026-02-20,586.2,586.2,0.0,True,False
T5AEAFABEEB,2026-02,2026-02-24,1165.9,1177.3,11.4,False,False
T6E1A658692,2026-02,2026-02-24,822.1,833.6,11.5,False,False
TDFD739AFF7,2026-02,2026-02-25,1560.5,1574.8,14.3,False,False
T0E7497BE87,2026-02,2026-02-25,432.6,441.1,8.5,False,False
T63245D9338,2026-02,2026-02-25,608.4,624.8,16.4,False,False
T2FC1A9FEB9,2026-02,2026-02-20,631.5,648.0,16.5,False,False
TE5572E3B77,2026-02,2026-02-25,1580.7,1588.1,7.4,False,False
T93AE74FC8C,2026-02,2026-02-25,1130.0,1144.1,14.1,False,False
TCE4F3C1854,2026-02,2026-02-22,2123.3,2154.7,31.4,False,False
T623FDA0FEC,2026-02,2026-02-22,1059.9,1059.9,0.0,True,False
T6FCD9FC327,2026-02,2026-02-25,530.7,536.8,6.1,False,False
T26D49D2B10,2026-02,2026-02-25,1467.3,1467.3,0.0,True,False
T6B0F45148F,2026-02,2026-02-20,2223.2,2314.9,91.7,False,False
T5DA6DABC22,2026-02,2026-02-25,819.9,836.7,16.8,False,False
T4C0FAA9237,2026-02,2026-02-22,1161.4,1179.8,18.4,False,False
T629B85F6AE,2026-02,2026-02-24,1660.2,1675.0,14.8,False,False
TE6221DA147,2026-02,2026-02-24,974.0,985.1,11.1,False,False
T7092CB932F,2026-02,2026-02-22,1582.4,1596.9,14.5,False,False
T38F3AD60D6,2026-02,2026-02-20,699.5,715.3,15.8,False,False
T051D6304AA,2026-02,2026-02-23,1228.1,1239.9,11.8,False,False
T1677509027,2026-02,2026-02-21,706.1,721.4,15.3,False,False
TCE43CAAFDD,2026-02,2026-02-25,1175.3,1186.6,11.3,False,False
TD6051C60DD,2026-02,2026-02-21,1729.8,1751.5,21.7,False,False
TD81C7B0AC7,2026-02,2026-02-20,1674.0,1688.4,14.4,False,False
TEB9B6A4FBC,2026-02,2026-02-23,1050.0,1066.3,16.3,False,False
T8E67D26322,2026-02,2026-02-25,1854.2,1876.8,22.6,False,False
T0E8259349E,2026-02,2026-02-25,468.0,486.0,18.0,False,False
TEC586A8374,2026-02,2026-02-22,1164.9,1176.2,11.3,False,False
T1E40F3A239,2026-02,2026-02-20,1219.1,1230.3,11.2,False,False
T716C530DED,2026-02,2026-02-24,784.6,800.0,15.4,False,False
T7562476AEF,2026-02,2026-02-25,1861.2,1861.2,0.0,True,False
TB460453C4D,2026-02,2026-02-20,485.0,503.9,18.9,False,False
T4A69C0BA6F,2026-02,2026-02-21,778.8,800.7,21.9,False,False
TB3006B8F03,2026-02,2026-02-24,930.1,941.6,11.5,False,False
TED3E393477,2026-02,2026-02-25,1832.9,1853.2,20.3,False,False
TA014F1FF15,2026-02,2026-02-20,1348.3,1361.5,13.2,False,False
T08D24C843D,2026-02,2026-02-24,633.0,649.0,16.0,False,False
T328C38D103,2026-02,2026-02-20,1845.1,1859.6,14.5,False,False
T5D52776F44,2026-02,2026-02-20,553.7,561.2,7.5,False,False
T350C7F0CAD,2026-02,2026-02-25,662.4,672.9,10.5,False,False
TE4BF83F9A5,2026-02,2026-02-24,1761.2,1781.9,20.7,False,False
T363192FB18,2026-02,2026-02-20,1295.1,1315.1,20.0,False,False
TE7D390D6E1,2026-02,2026-02-25,1189.0,1209.0,20.0,False,False
TEAED0D702E,2026-02,2026-02-22,1183.8,1196.6,12.8,False,False
T76D2631BBE,2026-02,2026-02-25,1461.5,1480.1,18.6,False,False
T41D9DAD65E,2026-02,2026-02-21,794.3,804.3,10.0,False,False
T4FB688BCF2,2026-02,2026-02-22,1371.2,1388.6,17.4,False,False
T49C247A691,2026-02,2026-02-24,839.8,855.9,16.1,False,False
TAD97E4B580,2026-02,2026-02-20,484.4,543.5,59.1,False,True
TA6D3C701E5,2026-02,2026-02-20,533.9,548.9,15.0,False,False
T1629374829,2026-02,2026-02-20,1199.1,1238.8,39.7,False,False
TE380DFCDD5,2026-02,2026-02-25,1338.4,1352.5,14.1,False,False
TC71E645A97,2026-02,2026-02-25,1036.0,1036.0,0.0,True,False
T3B2D063348,2026-02,2026-02-23,481.0,488.2,7.2,False,False
T6B0703F297,2026-02,2026-02-25,1198.0,1208.2,10.2,False,False
T2442BBD224,2026-02,2026-02-22,892.3,911.1,18.8,False,False
T94AEE9D59A,2026-02,2026-02-22,1150.5,1158.3,7.8,False,False
TC36C8FB548,2026-02,2026-02-21,1520.8,1530.1,9.3,False,False
TEA6C60108F,2026-02,2026-02-24,2089.1,2140.2,51.1,False,False
T5D0DA4A5A3,2026-02,2026-02-24,1088.8,1103.8,15.0,False,False
TCE2F3968A5,2026-02,2026-02-23,1167.1,1182.8,15.7,False,False
T3290CE40ED,2026-02,2026-02-24,1724.6,1742.9,18.3,False,False
TFF800A383C,2026-02,2026-02-23,1296.8,1311.5,14.7,False,False
T43D369AD4F,2026-02,2026-02-20,946.5,962.3,15.8,False,False
T2558B25F4A,2026-02,2026-02-21,310.3,320.9,10.6,False,False
TF2D53B5266,2026-02,2026-02-21,1608.9,1623.6,14.7,False,False
T46E626FB09,2026-02,2026-02-24,529.2,548.7,19.5,False,False
T7E0A59EC74,2026-02,2026-02-22,483.8,491.3,7.5,False,False
TDB77C6E5BA,2026-02,2026-02-22,767.1,781.5,14.4,False,False
TB2420A8657,2026-02,2026-02-24,1261.0,1272.0,11.0,False,False
TB1246EBDB6,2026-02,2026-02-20,718.4,724.0,5.6,False,False
T8C8BD1D187,2026-02,2026-02-23,1567.5,1592.5,25.0,False,False
T9A87FD75BB,2026-02,2026-02-23,731.1,745.6,14.5,False,False
T7220DB253B,2026-02,2026-02-23,911.5,934.8,23.3,False,False
T024582A041,2026-02,2026-02-21,1771.0,1797.0,26.0,False,False
TA3D7EB0EB6,2026-02,2026-02-22,1427.4,1429.8,2.4,False,False
T980F08905D,2026-02,2026-02-21,1509.3,1523.6,14.3,False,False
T0070991C4A,2026-02,2026-02-20,581.6,594.9,13.3,False,False
TE62F9D24A2,2026-02,2026-02-24,1043.9,1061.3,17.4,False,False
T660F58D22C,2026-02,2026-02-24,1507.7,1525.5,17.8,False,False
TC9C59FD3C0,2026-02,2026-02-24,1567.4,1581.7,14.3,False,False
TC85BCF4679,2026-02,2026-02-23,918.7,941.2,22.5,False,False
T711A4FB3DC,2026-02,2026-02-21,1383.0,1390.0,7.0,False,False
TDA01857472,2026-02,2026-02-22,740.0,747.0,7.0,False,False
T593C7D2F36,2026-02,2026-02-20,1075.2,1087.7,12.5,False,False
TAD1B3ECAF6,2026-02,2026-02-24,1009.9,1030.3,20.4,False,False
T62DB418771,2026-03,2026-03-25,1478.7,1500.4,21.7,False,False
T516D296A99,2026-03,2026-03-22,898.2,906.2,8.0,False,False
TF6199DECCB,2026-03,2026-03-24,1761.9,1809.2,47.3,False,False
TBFDD3649BD,2026-03,2026-03-21,1598.3,1611.7,13.4,False,False
T1A8F7C05C9,2026-03,2026-03-25,1377.6,1384.8,7.2,False,False
T6B4FC6C7C6,2026-03,2026-03-24,1032.8,,,False,False
T6EE7490E19,2026-03,2026-03-21,1673.1,1686.6,13.5,False,False
T771EC6B537,2026-03,2026-03-22,979.8,987.1,7.3,False,False
TA87CD37475,2026-03,2026-03-21,729.1,751.5,22.4,False,False
T00048F12E2,2026-03,2026-03-24,315.1,315.1,0.0,True,False
TDE3B85E449,2026-03,2026-03-20,1307.8,1326.2,18.4,False,False
TDFD5EF1E2B,2026-03,2026-03-20,892.8,911.8,19.0,False,False
T6BE1C12D07,2026-03,2026-03-20,3429.2,3537.8,108.6,False,False
TE17C7596F7,2026-03,2026-03-22,446.1,462.7,16.6,False,False
TF0590D064A,2026-03,2026-03-24,692.5,709.5,17.0,False,False
T0201C8273D,2026-03,2026-03-21,599.9,611.7,11.8,False,False
T416D725964,2026-03,2026-03-20,1395.9,1395.9,0.0,True,False
T592985E849,2026-03,2026-03-20,643.6,676.2,32.6,False,False
T8CFD079CB6,2026-03,2026-03-21,1802.0,1815.2,13.2,False,False
TD10A6EDCA0,2026-03,2026-03-22,1249.8,1269.4,19.6,False,False
T0CE7987E4B,2026-03,2026-03-20,2033.2,2109.3,76.1,False,False
T0F12629295,2026-03,2026-03-21,444.6,448.0,3.4,False,False
T7833B36159,2026-03,2026-03-23,934.3,957.1,22.8,False,False
T997FF51E88,2026-03,2026-03-24,995.9,1009.7,13.8,False,False
TB0AFAFC426,2026-03,2026-03-25,2581.1,2651.2,70.1,False,False
T4B2228F178,2026-03,2026-03-24,878.8,899.7,20.9,False,False
T5D1D63651A,2026-03,2026-03-22,661.0,678.4,17.4,False,False
T005A9CE174,2026-03,2026-03-21,1452.5,1462.5,10.0,False,False
T0E572DDC2C,2026-03,2026-03-25,1202.5,1213.6,11.1,False,False
T6B4C3EB33E,2026-03,2026-03-25,1414.8,1420.0,5.2,False,False
T98621FD0F2,2026-03,2026-03-20,3388.9,3522.1,133.2,False,False
TCED7759D69,2026-03,2026-03-25,1588.2,1608.1,19.9,False,False
T148BA00559,2026-03,2026-03-20,1577.5,1598.8,21.3,False,False
T8EF8382AF5,2026-03,2026-03-21,1701.5,1719.2,17.7,False,False
T294140BCEC,2026-03,2026-03-23,665.7,690.8,25.1,False,False
T2B4ECE5F7A,2026-03,2026-03-21,627.4,646.6,19.2,False,False
TFCDB644B38,2026-03,2026-03-25,658.1,675.6,17.5,False,False
TF46C85CB55,2026-03,2026-03-21,763.8,770.8,7.0,False,False
T635E7348B0,2026-03,2026-03-22,742.0,762.8,20.8,False,False
TD950C1321E,2026-03,2026-03-24,576.9,596.0,19.1,False,False
T79F7CA1313,2026-03,2026-03-24,363.3,370.6,7.3,False,False
T1890D0D69D,2026-03,2026-03-25,1041.8,1054.2,12.4,False,False
T92ED6C6BBC,2026-03,2026-03-22,563.3,570.1,6.8,False,False
T1A234D637E,2026-03,2026-03-22,1398.3,1414.5,16.2,False,False
T0FA07C2AE6,2026-03,2026-03-22,472.0,500.9,28.9,False,True
T85D9327E38,2026-03,2026-03-25,1565.4,1577.5,12.1,False,False
T9B2220E701,2026-03,2026-03-24,1376.4,1398.8,22.4,False,False
T75AE25B236,2026-03,2026-03-24,1124.6,1140.9,16.3,False,False
T85C4B9E9BD,2026-03,2026-03-22,1289.4,1296.5,7.1,False,False
TAAC46C752C,2026-03,2026-03-25,1617.9,1633.0,15.1,False,True
TB5ABA37301,2026-03,2026-03-24,1219.3,1219.3,0.0,True,False
TDB1931905E,2026-03,2026-03-25,1156.9,1167.3,10.4,False,False
T8A79BCF725,2026-03,2026-03-24,1383.3,1388.1,4.8,False,False
T1383BC162C,2026-03,2026-03-22,1802.9,1812.1,9.2,False,False
TE3F34F661C,2026-03,2026-03-23,2096.3,2177.5,81.2,False,False
T945DF5CC73,2026-03,2026-03-21,1215.8,1227.3,11.5,False,False
T89289351AD,2026-03,2026-03-23,1397.7,1413.0,15.3,False,False
T3C6A8E589D,2026-03,2026-03-23,829.8,867.1,37.3,False,False
T9EDB41553F,2026-03,2026-03-20,358.1,364.4,6.3,False,False
T39FECD2D40,2026-03,2026-03-21,1103.4,1126.5,23.1,False,False
T393F331539,2026-03,2026-03-23,570.2,585.8,15.6,False,False
T44E572D176,2026-03,2026-03-21,709.5,724.1,14.6,False,False
T6A0C9518A5,2026-03,2026-03-20,1442.1,1452.6,10.5,False,False
T6F6C091F32,2026-03,2026-03-21,1564.2,1575.9,11.7,False,False
T0A7DFC3903,2026-03,2026-03-25,1734.8,1757.7,22.9,False,False
T4CA807AAAE,2026-03,2026-03-23,1073.5,1120.6,47.1,False,False
T292B036CC6,2026-03,2026-03-24,1151.1,1151.1,0.0,True,False
TF252236170,2026-03,2026-03-21,401.2,428.0,26.8,False,False
T47A88C447A,2026-03,2026-03-25,847.0,856.8,9.8,False,False
T29274E7656,2026-03,2026-03-21,591.8,610.7,18.9,False,False
TF94B3B4CEA,2026-03,2026-03-25,850.5,871.3,20.8,False,False
TD79C86593F,2026-03,2026-03-20,1335.7,1350.4,14.7,False,False
T042B2178D1,2026-03,2026-03-22,471.4,492.9,21.5,False,False
TE9E2B18053,2026-03,2026-03-21,1621.2,1686.4,65.2,False,False
T80D9A080BE,2026-03,2026-03-20,2579.6,2625.5,45.9,False,False
T580C1D0E5A,2026-03,2026-03-23,1632.5,1712.1,79.6,False,False
T262047037E,2026-03,2026-03-25,751.8,769.0,17.2,False,False
T997FBB56CB,2026-03,2026-03-24,1657.8,1670.4,12.6,False,False
T488907BADA,2026-03,2026-03-20,853.9,885.9,32.0,False,False
T959B664297,2026-03,2026-03-23,329.0,341.2,12.2,False,False
TCE4FA87780,2026-03,2026-03-25,1453.9,1453.9,0.0,True,False
T6A6F416B64,2026-03,2026-03-24,1284.2,1303.1,18.9,False,False
T5C22EC11B8,2026-03,2026-03-22,1607.2,1659.5,52.3,False,False
T132EB7CE2B,2026-03,2026-03-24,1340.9,1354.7,13.8,False,False
T011F73020E,2026-03,2026-03-23,1396.7,1411.6,14.9,False,False
T0197678D11,2026-03,2026-03-23,1448.2,1479.8,31.6,False,False
TBA58CFEBC6,2026-03,2026-03-23,1894.4,1917.8,23.4,False,False
T78A401EEAD,2026-03,2026-03-22,565.7,585.1,19.4,False,False
TE33F90B286,2026-03,2026-03-23,585.9,597.0,11.1,False,False
T761C9E26E6,2026-03,2026-03-21,642.4,680.3,37.9,False,True
T65187CE62C,2026-03,2026-03-20,1307.7,1368.5,60.8,False,False
T6DD4962896,2026-03,2026-03-24,482.3,499.8,17.5,False,False
T57E5EAB9B8,2026-03,2026-03-22,1260.1,1260.1,0.0,True,False
T0D1C506545,2026-03,2026-03-20,1017.1,1033.0,15.9,False,False
T16385BC409,2026-03,2026-03-21,449.6,459.3,9.7,False,False
T703E749B16,2026-03,2026-03-20,942.2,953.9,11.7,False,False
TE03815B898,2026-03,2026-03-21,1758.3,1758.3,0.0,True,False
T5EDC8CD764,2026-03,2026-03-24,1292.7,1305.3,12.6,False,False
T8A0E42EA46,2026-03,2026-03-21,1426.3,1438.2,11.9,False,False
T58E4665FE8,2026-03,2026-03-20,691.3,718.2,26.9,False,False
T45A3829C6C,2026-03,2026-03-25,506.0,520.5,14.5,False,False
T0F2B41D96D,2026-03,2026-03-23,830.6,886.8,56.2,False,False
T45E4DAC832,2026-03,2026-03-21,987.0,1004.6,17.6,False,False
TB308B5DC7A,2026-03,2026-03-21,1380.6,1397.2,16.6,False,False
T5A52BDFD5B,2026-03,2026-03-23,1312.4,1321.9,9.5,False,False
T3B6195226D,2026-03,2026-03-23,769.1,785.2,16.1,False,False
TEF3ACC364D,2026-03,2026-03-25,326.7,340.6,13.9,False,False
T0E3944E1C7,2026-03,2026-03-23,1658.4,1670.0,11.6,False,False
TC5E02C2AE1,2026-03,2026-03-23,992.1,1000.5,8.4,False,False
T9C181CA6B2,2026-03,2026-03-23,974.9,991.8,16.9,False,False
T46D0D9FE06,2026-03,2026-03-25,1155.3,1166.2,10.9,False,False
T3763EE0258,2026-03,2026-03-21,463.6,472.6,9.0,False,False
TB6793708AF,2026-03,2026-03-24,946.4,957.5,11.1,False,False
T02BF3919B7,2026-03,2026-03-25,1414.6,1425.1,10.5,False,False
T61903D0C08,2026-03,2026-03-22,625.3,638.0,12.7,False,False
T1540962193,2026-03,2026-03-25,1933.7,2036.0,102.3,False,False
TE8DF4BFC62,2026-03,2026-03-25,2232.4,2277.1,44.7,False,False
T97A5E4F98E,2026-03,2026-03-23,1460.1,1475.1,15.0,False,False
TB2B631F6DE,2026-03,2026-03-22,356.3,369.0,12.7,False,False
TFD4476DD46,2026-03,2026-03-21,1072.6,1102.8,30.2,False,False
T63AE43B763,2026-03,2026-03-21,1380.4,1410.3,29.9,False,False
TF7E0F3ADFA,2026-03,2026-03-25,617.9,620.5,2.6,False,False
T9F3D4A99A8,2026-03,2026-03-23,1080.9,1087.3,6.4,False,False
T3AF0CA5142,2026-03,2026-03-24,1717.2,1776.8,59.6,False,False
T525C93E294,2026-03,2026-03-22,431.5,443.4,11.9,False,False
TA60FF3309B,2026-03,2026-03-23,1364.6,1378.9,14.3,False,False
T6230F0F81A,2026-03,2026-03-25,384.6,398.8,14.2,False,False
T486DC7662A,2026-03,2026-03-24,5044.9,5239.9,195.0,False,False
T0DD0FDF0BD,2026-03,2026-03-24,928.8,948.7,19.9,False,False
T81EEF6FCD3,2026-03,2026-03-25,971.1,983.5,12.4,False,False
T6269371CAA,2026-03,2026-03-21,1524.9,1533.7,8.8,False,False
TF7BDB30AC3,2026-03,2026-03-23,1080.5,1109.1,28.6,False,False
TC1EBE75CAC,2026-03,2026-03-24,1288.8,1305.4,16.6,False,False
T0A0805FB46,2026-03,2026-03-24,1948.6,1968.6,20.0,False,False
T7C1EBC3C4C,2026-03,2026-03-22,697.1,716.2,19.1,False,False
TFB5558315C,2026-03,2026-03-24,487.4,509.5,22.1,False,False
T4D34DCD6FE,2026-03,2026-03-25,958.6,977.1,18.5,False,False
T8F2163E1AC,2026-03,2026-03-23,1875.4,1905.6,30.2,False,False
T6D36EEA27E,2026-03,2026-03-25,431.9,448.5,16.6,False,False
TD718599337,2026-03,2026-03-21,1532.7,1582.6,49.9,False,False
TACFC1D584E,2026-03,2026-03-24,1596.2,1614.1,17.9,False,False
TE1CE4D9E5A,2026-03,2026-03-20,562.9,579.6,16.7,False,False
TEEB9050E6F,2026-03,2026-03-22,1054.7,1080.8,26.1,False,False
T266175A7E1,2026-03,2026-03-20,1771.7,1802.1,30.4,False,False
T188F8436EB,2026-03,2026-03-20,625.4,634.3,8.9,False,False
TBF5EF4019A,2026-03,2026-03-22,977.6,990.5,12.9,False,False
TF8038E3438,2026-03,2026-03-20,868.2,880.2,12.0,False,False
T14A35B501D,2026-03,2026-03-24,1552.4,1587.4,35.0,False,False
TACA1F6575E,2026-03,2026-03-24,257.3,265.8,8.5,False,False
T425CF74F89,2026-03,2026-03-25,1002.8,1005.3,2.5,False,False
T7E561E41DF,2026-03,2026-03-24,1779.3,1779.3,0.0,True,False
TAE21909B09,2026-03,2026-03-23,750.0,774.0,24.0,False,True
TA49FD77129,2026-03,2026-03-23,1556.8,1607.9,51.1,False,False
T83C53CBDE3,2026-03,2026-03-22,1116.2,1132.5,16.3,False,False
T8989E9F3E0,2026-03,2026-03-21,1461.3,1493.8,32.5,False,False
T0E868A3F47,2026-03,2026-03-24,1877.5,1890.6,13.1,False,False
TAA4A146A6F,2026-03,2026-03-25,1096.0,1110.4,14.4,False,False
T929701588B,2026-03,2026-03-24,717.5,724.6,7.1,False,False
TCBA87E8F93,2026-03,2026-03-20,1737.5,1752.0,14.5,False,False
T71B2CE98BC,2026-03,2026-03-23,1918.7,1944.2,25.5,False,False
T3104E606FB,2026-03,2026-03-22,1740.5,1755.7,15.2,False,False
TC9C584B8EF,2026-03,2026-03-22,772.9,788.2,15.3,False,False
T42EAACA5A6,2026-03,2026-03-20,650.8,669.7,18.9,False,False
T27CD292019,2026-03,2026-03-25,1773.4,1798.1,24.7,False,False
T2631941D4D,2026-03,2026-03-20,1868.8,1889.3,20.5,False,False
TD6D0D046B5,2026-03,2026-03-22,506.2,515.1,8.9,False,False
T930BCF26DA,2026-03,2026-03-23,1733.4,1748.1,14.7,False,False
T7A263D97A8,2026-03,2026-03-22,545.3,564.3,19.0,False,False
T84CC232045,2026-03,2026-03-20,1199.7,1212.4,12.7,False,False
T1F7089E5B3,2026-03,2026-03-23,1651.3,1677.8,26.5,False,False
T6DD01C39D7,2026-03,2026-03-21,1616.7,1648.0,31.3,False,False
TE3814F5946,2026-03,2026-03-25,1224.4,1233.1,8.7,False,False
T260F6D657D,2026-03,2026-03-22,1794.1,1808.1,14.0,False,False
TF9F158A927,2026-03,2026-03-23,1019.7,1035.3,15.6,False,False
T2A78E596A5,2026-03,2026-03-25,824.7,846.6,21.9,False,False
T48829C6681,2026-03,2026-03-22,969.0,990.4,21.4,False,False
T5446AB5D4F,2026-03,2026-03-25,1540.2,1550.5,10.3,False,False
T6FEE2A0A85,2026-03,2026-03-24,486.5,499.9,13.4,False,False
T37BA3005AD,2026-03,2026-03-20,1441.3,1462.6,21.3,False,False
T599538981A,2026-03,2026-03-22,1773.1,1826.0,52.9,False,False
TC1FE3D7E79,2026-03,2026-03-23,1365.1,1380.1,15.0,False,False
TAB633F4546,2026-03,2026-03-20,514.2,527.8,13.6,False,False
TEF123948C4,2026-03,2026-03-20,770.5,784.0,13.5,False,False
T50EA3E30B0,2026-03,2026-03-21,1307.9,1322.5,14.6,False,False
T10E8B50E63,2026-03,2026-03-25,1704.6,1741.6,37.0,False,False
T75445AB825,2026-03,2026-03-21,1349.9,1360.6,10.7,False,False
T9AEC04CEE6,2026-03,2026-03-20,382.8,393.0,10.2,False,False
TE59C7E0558,2026-03,2026-03-22,554.1,566.5,12.4,False,False
T017F5CC857,2026-03,2026-03-22,1690.9,1713.1,22.2,False,False
T5740214D00,2026-03,2026-03-21,529.0,536.3,7.3,False,False
TA54FDBC969,2026-03,2026-03-25,1468.7,1508.2,39.5,False,False
T79348D1D8C,2026-03,2026-03-21,1471.6,1526.4,54.8,False,False
T0C38B9638D,2026-03,2026-03-21,1308.5,1328.3,19.8,False,False
TF8CD7DEDDA,2026-03,2026-03-22,1010.9,1030.0,19.1,False,False
TD4AA44C620,2026-03,2026-03-23,994.9,1013.2,18.3,False,False
TBA22021045,2026-03,2026-03-24,1498.9,1562.7,63.8,False,False
TAE4991C39A,2026-03,2026-03-24,1724.5,1724.5,0.0,True,False
T926427EC22,2026-03,2026-03-21,892.4,910.2,17.8,False,False
T03F3726F54,2026-03,2026-03-25,1150.6,1168.2,17.6,False,False
T9C5C1B51E6,2026-03,2026-03-25,534.7,559.5,24.8,False,False
TAB67F85714,2026-03,2026-03-25,1851.9,1869.4,17.5,False,False
T021E4A2B45,2026-03,2026-03-21,771.2,783.1,11.9,False,False
T9C284C6EDE,2026-03,2026-03-21,1738.8,1755.8,17.0,False,False
TE5AE06739E,2026-03,2026-03-20,415.1,432.5,17.4,False,False
T01F422D988,2026-03,2026-03-20,1687.6,1699.3,11.7,False,False
T812E69DF24,2026-03,2026-03-20,1699.4,1741.5,42.1,False,False
T1753290875,2026-03,2026-03-21,1632.4,1651.1,18.7,False,False
T6453265506,2026-03,2026-03-20,3700.7,3836.1,135.4,False,False
T3DCE54CBCD,2026-03,2026-03-24,385.8,398.9,13.1,False,False
T25A59C1230,2026-03,2026-03-22,601.7,632.9,31.2,False,False
T7149DBE7E7,2026-03,2026-03-24,1458.6,1490.0,31.4,False,False
T17B01CE93D,2026-03,2026-03-25,1557.7,1572.0,14.3,False,False
T2A7B7C0706,2026-03,2026-03-25,1550.0,1565.0,15.0,False,False
TA2A12750E0,2026-03,2026-03-21,674.6,686.8,12.2,False,False
TCDF5CCF9D1,2026-03,2026-03-21,1906.7,1921.7,15.0,False,False
T136877D852,2026-03,2026-03-23,1413.4,1433.9,20.5,False,False
TD93E7F3525,2026-03,2026-03-22,1378.3,1388.5,10.2,False,False
T9E698DAD97,2026-03,2026-03-23,548.7,565.6,16.9,False,False
TA7CD008CD2,2026-03,2026-03-20,1675.5,1711.5,36.0,False,False
TB5E2F0D295,2026-03,2026-03-20,1119.9,1132.8,12.9,False,False
T886651EB56,2026-03,2026-03-22,1979.4,2001.2,21.8,False,False
T726E26C014,2026-03,2026-03-20,579.6,586.5,6.9,False,False
T47801013F9,2026-03,2026-03-23,474.1,488.2,14.1,False,False
T7B44E5C01C,2026-03,2026-03-24,1184.8,1189.6,4.8,False,False
T06E1B5C91E,2026-03,2026-03-21,830.2,842.3,12.1,False,False
TBD7AFAA9AB,2026-03,2026-03-23,1409.9,1426.9,17.0,False,False
T3A8AE15DE9,2026-03,2026-03-22,1181.0,1181.0,0.0,True,False
T90FCBE8560,2026-03,2026-03-23,1417.2,1428.8,11.6,False,False
T6B76BCDCC8,2026-03,2026-03-24,2353.8,2404.0,50.2,False,False
T6B61D786E8,2026-03,2026-03-20,1192.0,1205.6,13.6,False,False
TD8B8E83F9D,2026-03,2026-03-21,1519.1,1533.0,13.9,False,False
T353F39960E,2026-03,2026-03-21,546.5,553.7,7.2,False,False
TC44518846F,2026-03,2026-03-22,540.3,557.2,16.9,False,False
T3DBD424B8F,2026-03,2026-03-23,763.3,779.1,15.8,False,False
TB8E4E6CA4C,2026-03,2026-03-22,1245.8,1297.9,52.1,False,False
T54630B6404,2026-03,2026-03-21,542.7,558.9,16.2,False,False
T71623730B1,2026-03,2026-03-25,1270.0,1284.3,14.3,False,False
T7436A106AE,2026-03,2026-03-22,565.1,575.8,10.7,False,False
T6191B8FD69,2026-03,2026-03-22,1296.3,1307.4,11.1,False,False
TBA7727A83B,2026-03,2026-03-23,628.0,640.6,12.6,False,False
T66B24DDB8C,2026-03,2026-03-24,1808.4,1821.3,12.9,False,False
T0EAA0EDBAF,2026-03,2026-03-22,1145.7,1177.0,31.3,False,False
TDCBC842E3A,2026-03,2026-03-21,835.4,864.3,28.9,False,False
T305BACE840,2026-03,2026-03-22,989.7,1014.0,24.3,False,False
TAD0E244201,2026-03,2026-03-25,1390.9,1410.9,20.0,False,False
T824A68B378,2026-03,2026-03-25,1332.1,1337.1,5.0,False,False
T9F72B39B89,2026-03,2026-03-24,792.8,802.3,9.5,False,False
T0380D1AD85,2026-03,2026-03-25,1298.9,1317.7,18.8,False,False
TD58AFBB420,2026-03,2026-03-20,2517.7,2560.6,42.9,False,False
TB1A6FA6009,2026-03,2026-03-25,523.5,536.1,12.6,False,False
TB95EB354D9,2026-03,2026-03-24,1309.2,1333.4,24.2,False,False
T6EBEC2B9E3,2026-03,2026-03-21,706.3,718.7,12.4,False,False
TCBAFB86C54,2026-03,2026-03-20,1706.1,1722.0,15.9,False,False
T2D884BEE59,2026-03,2026-03-22,1470.5,1496.4,25.9,False,False
T81E3CAC404,2026-03,2026-03-24,1439.1,1449.5,10.4,False,False
TB13246DF04,2026-03,2026-03-24,2615.3,2667.5,52.2,False,False
T38FC29870C,2026-03,2026-03-20,1023.7,1030.8,7.1,False,False
T0B952300A6,2026-03,2026-03-21,1307.7,1322.7,15.0,False,False
T592EE5AE5A,2026-03,2026-03-24,655.0,671.6,16.6,False,False
T8AB7B992DC,2026-03,2026-03-24,1665.6,1678.4,12.8,False,False
TE13531501B,2026-03,2026-03-22,384.8,396.8,12.0,False,False
T603C6A7DDF,2026-03,2026-03-23,2227.2,2285.8,58.6,False,False
T9B1CF87E17,2026-03,2026-03-21,805.3,820.4,15.1,False,False
T7E47E27FFB,2026-03,2026-03-25,1224.1,1241.3,17.2,False,False
T2FE3E18EED,2026-03,2026-03-22,1193.9,1208.7,14.8,False,False
T518FD2CD05,2026-03,2026-03-23,931.8,946.6,14.8,False,False
TCA03B52F53,2026-03,2026-03-20,492.1,506.9,14.8,False,False
TC97F0C81C8,2026-03,2026-03-20,3224.0,3375.1,151.1,False,False
T5825BB17FC,2026-03,2026-03-24,1163.6,1219.4,55.8,False,False
TC5E185C6E8,2026-03,2026-03-25,330.1,342.1,12.0,False,False
TEAD9E81003,2026-03,2026-03-24,997.1,1013.8,16.7,False,False
TE23D5A574A,2026-03,2026-03-25,990.3,1005.1,14.8,False,False
T04048D53A3,2026-03,2026-03-25,760.2,767.6,7.4,False,False
TE1AA9E77A7,2026-03,2026-03-23,979.1,983.4,4.3,False,False
TC54C99BA73,2026-03,2026-03-20,1125.2,1162.0,36.8,False,False
T013C0F8B57,2026-03,2026-03-24,1477.5,1492.3,14.8,False,False
T3C23C0A42C,2026-03,2026-03-21,1193.0,1214.0,21.0,False,False
TEDB2598366,2026-03,2026-03-23,1288.3,1301.7,13.4,False,False
T03D524AC98,2026-03,2026-03-22,1599.5,1614.1,14.6,False,False
T9B658694D7,2026-03,2026-03-23,868.3,892.8,24.5,False,False
T827DB403EF,2026-03,2026-03-21,1042.3,1045.3,3.0,False,False
TD5960FA89C,2026-03,2026-03-22,1359.2,1391.2,32.0,False,True
TEB9CD6778B,2026-03,2026-03-20,1593.2,1612.0,18.8,False,False
TCFB896C903,2026-03,2026-03-20,794.0,805.4,11.4,False,False
T4EBE5132B6,2026-03,2026-03-23,1010.5,1046.3,35.8,False,True
TD6D7800440,2026-03,2026-03-22,1540.7,1552.1,11.4,False,False
TB1AE49FA20,2026-03,2026-03-23,625.3,635.3,10.0,False,False
TF4940B0970,2026-03,2026-03-20,1245.3,1261.9,16.6,False,False
T6492EC951E,2026-03,2026-03-24,1179.0,1221.8,42.8,False,False
T5B2FD74A85,2026-03,2026-03-21,1602.4,1619.5,17.1,False,False
TCF1A6CDF80,2026-03,2026-03-21,560.7,581.2,20.5,False,False
TBA965CD37E,2026-03,2026-03-22,399.4,68.05164232132113,10.8,False,False
T8917AF33E8,2026-03,2026-03-22,1566.6,1634.0,67.4,False,False
T4F696F6C0E,2026-03,2026-03-24,506.8,524.1,17.3,False,False
TFB9BD0FCA4,2026-03,2026-03-21,2007.1,2041.3,34.2,False,False
T6372E1147F,2026-03,2026-03-21,1253.8,1276.7,22.9,False,False
T8B4FC280C2,2026-03,2026-03-23,560.2,570.3,10.1,False,False
T0AF0DD2FE5,2026-03,2026-03-25,1104.4,1116.9,12.5,False,False
T9BABD62590,2026-03,2026-03-25,1746.6,1798.9,52.3,False,False
TBBD0028CDB,2026-03,2026-03-25,981.0,994.9,13.9,False,False
T30E453AB34,2026-03,2026-03-24,1073.1,1087.9,14.8,False,False
T7DC59256DC,2026-03,2026-03-21,870.7,892.3,21.6,False,False
TCC371206BC,2026-03,2026-03-24,580.6,593.5,12.9,False,False
TDEF092A4C5,2026-03,2026-03-23,1508.2,1519.0,10.8,False,False
TE13FCEC631,2026-03,2026-03-21,1188.9,1188.9,0.0,True,False
T7C3F6A8162,2026-03,2026-03-25,1578.8,1594.4,15.6,False,False
T0F4A3A74ED,2026-03,2026-03-25,960.9,983.1,22.2,False,False
T5BEF82BC17,2026-03,2026-03-20,1442.7,1457.7,15.0,False,False
T07AC5856A4,2026-03,2026-03-20,698.4,698.4,0.0,True,False
T0185184B59,2026-03,2026-03-21,1283.0,1296.3,13.3,False,False
T79F8E1FAE8,2026-03,2026-03-22,375.7,388.4,12.7,False,False
T4D40D256FE,2026-03,2026-03-25,1266.7,1266.7,0.0,True,False
TE74495FCDD,2026-03,2026-03-25,1625.1,1634.7,9.6,False,False
TAD9ED625D1,2026-03,2026-03-20,1567.6,1581.4,13.8,False,False
TE7328B9E12,2026-03,2026-03-20,668.8,675.4,6.6,False,False
T5FC1C50126,2026-03,2026-03-22,1381.4,1407.7,26.3,False,False
T203C71CAC2,2026-03,2026-03-22,1780.3,1780.3,0.0,True,False
T1D1F227112,2026-03,2026-03-25,846.2,864.4,18.2,False,False
TF62BDC6E96,2026-03,2026-03-24,1740.6,1763.1,22.5,False,False
T5D35014BC6,2026-03,2026-03-24,1659.3,526.0755587966565,8.6,False,False
T9C80DA594D,2026-03,2026-03-21,752.2,763.3,11.1,False,False
T575100FEE6,2026-03,2026-03-25,712.0,743.2,31.2,False,False
TFF833858D4,2026-03,2026-03-21,1710.9,1722.0,11.1,False,False
T44C452513D,2026-03,2026-03-22,927.2,945.4,18.2,False,False
TC11C4F89B7,2026-03,2026-03-21,600.6,616.7,16.1,False,False
T519E11C12F,2026-03,2026-03-24,363.4,374.1,10.7,False,False
T1D1C3809AD,2026-03,2026-03-21,1456.4,1494.1,37.7,False,False
T2F89E8ED6F,2026-03,2026-03-23,1546.5,1562.3,15.8,False,False
TED624C9B29,2026-03,2026-03-21,1499.1,1518.8,19.7,False,False
T80599540B9,2026-03,2026-03-22,609.1,632.7,23.6,False,False
T99F86EAA03,2026-03,2026-03-24,1089.8,1110.9,21.1,False,False
T48E474E620,2026-03,2026-03-25,1458.4,1475.6,17.2,False,False
T62F138B69F,2026-03,2026-03-22,1550.4,1565.4,15.0,False,False
T0ABCC73F5F,2026-03,2026-03-21,1419.5,1433.6,14.1,False,False
T451A03E5F4,2026-03,2026-03-20,1187.5,1221.8,34.3,False,False
T28A5C3A212,2026-03,2026-03-20,984.8,993.3,8.5,False,False
T9BF23AC92B,2026-03,2026-03-24,1163.9,1181.8,17.9,False,False
T8D847ABAD5,2026-03,2026-03-25,952.9,963.0,10.1,False,False
T79AD100612,2026-03,2026-03-20,1365.4,1387.0,21.6,False,False
T595C48877B,2026-03,2026-03-21,1246.2,1268.6,22.4,False,False
T7E1F631507,2026-03,2026-03-20,456.1,474.4,18.3,False,False
T7CEE29F570,2026-03,2026-03-22,539.9,551.1,11.2,False,False
TB28F8F08F4,2026-03,2026-03-22,902.6,912.0,9.4,False,False
T741A1119FA,2026-03,2026-03-23,660.0,686.7,26.7,False,False
T26862D1A4A,2026-03,2026-03-25,2176.1,2214.6,38.5,False,False
TCB96D14BFD,2026-03,2026-03-23,773.8,785.3,11.5,False,False
TF07D19AE17,2026-03,2026-03-22,817.0,846.6,29.6,False,False
T7AE1E63696,2026-03,2026-03-23,1563.4,1577.2,13.8,False,False
TEA687BEEC8,2026-03,2026-03-22,626.3,642.0,15.7,False,False
T5C97BD73CE,2026-03,2026-03-21,1700.3,1726.2,25.9,False,False
T64DF103F27,2026-03,2026-03-21,490.3,503.5,13.2,False,False
T962D5133B5,2026-03,2026-03-25,1458.8,1483.0,24.2,False,False
TFAE2AFD636,2026-03,2026-03-23,1503.8,1517.2,13.4,False,False
T8237A9AE83,2026-03,2026-03-24,639.3,657.5,18.2,False,False
T124789ED12,2026-03,2026-03-25,958.4,958.4,0.0,True,False
T77D8F1F07B,2026-03,2026-03-23,1538.5,1581.5,43.0,False,False
T88E01EE6A9,2026-03,2026-03-21,909.2,937.8,28.6,False,False
TCCA2F0E6D1,2026-03,2026-03-24,686.0,700.0,14.0,False,False
TE7C4074532,2026-03,2026-03-23,718.3,743.2,24.9,False,False
TE08ACE6D71,2026-03,2026-03-23,1754.4,1773.5,19.1,False,False
TF5AB4BC37D,2026-03,2026-03-20,741.2,754.8,13.6,False,False
T31A37C291B,2026-03,2026-03-23,291.9,306.4,14.5,False,False
T85072A41C6,2026-03,2026-03-25,1458.2,1472.1,13.9,False,False
T3DB8E8C91B,2026-03,2026-03-24,1188.3,1200.3,12.0,False,False
T1F21C0A526,2026-03,2026-03-24,635.0,651.5,16.5,False,False
TC653350390,2026-03,2026-03-22,1535.0,1548.1,13.1,False,False
TF357DF2C85,2026-03,2026-03-23,899.1,918.2,19.1,False,False
TC2B54F643A,2026-03,2026-03-20,531.9,541.7,9.8,False,False
T62A907AFA1,2026-03,2026-03-23,755.1,766.4,11.3,False,False
T9B926E1A60,2026-03,2026-03-24,958.4,968.9,10.5,False,False
T95A557D58C,2026-03,2026-03-25,3998.6,4133.2,134.6,False,False
T4FD73F8DF8,2026-03,2026-03-21,371.4,380.6,9.2,False,False
TAA9E781779,2026-03,2026-03-24,1267.0,1281.0,14.0,False,False
T5AB667FA59,2026-03,2026-03-21,1510.1,1531.3,21.2,False,False
T2FB8838715,2026-03,2026-03-25,1715.6,1735.3,19.7,False,False
TDC0B728E72,2026-03,2026-03-21,1737.7,1800.3,62.6,False,False
T500E1E73A5,2026-03,2026-03-21,1008.3,1052.9,44.6,False,True
T518D652731,2026-03,2026-03-22,918.7,939.6,20.9,False,False
T5F78380FF1,2026-03,2026-03-24,1033.0,1047.4,14.4,False,False
T2269F4C04A,2026-03,2026-03-21,1808.8,1862.6,53.8,False,False
T75D0C6EEF9,2026-03,2026-03-25,3461.3,3568.2,106.9,False,False
T08C84C6180,2026-03,2026-03-25,607.2,627.9,20.7,False,False
TBE3328794F,2026-03,2026-03-25,1136.8,1143.7,6.9,False,False
T7BF732B1D4,2026-03,2026-03-24,1318.3,1334.6,16.3,False,False
T680C591820,2026-03,2026-03-23,1222.7,1231.1,8.4,False,False
T87B30A11CA,2026-03,2026-03-21,1647.9,1662.0,14.1,False,False
T2C69DDD554,2026-03,2026-03-24,1566.7,1611.3,44.6,False,False
TB5DCDB3D2B,2026-03,2026-03-25,1457.2,1465.8,8.6,False,False
TF1BF705581,2026-03,2026-03-22,994.6,1015.9,21.3,False,False
T7861C2062B,2026-03,2026-03-24,2152.1,2196.3,44.2,False,False
T3E7A117328,2026-03,2026-03-24,615.6,615.6,0.0,True,False
T626DE7D352,2026-03,2026-03-24,2057.5,2127.6,70.1,False,False
T30CED3EF6B,2026-03,2026-03-24,1288.5,1306.3,17.8,False,False
T6F621D315F,2026-03,2026-03-24,586.2,609.5,23.3,False,False
T5AEAFABEEB,2026-03,2026-03-21,1177.3,1190.2,12.9,False,False
T6E1A658692,2026-03,2026-03-21,833.6,849.2,15.6,False,False
TDFD739AFF7,2026-03,2026-03-25,1574.8,1590.4,15.6,False,False
T0E7497BE87,2026-03,2026-03-21,441.1,450.7,9.6,False,False
T63245D9338,2026-03,2026-03-22,624.8,648.9,24.1,False,False
T2FC1A9FEB9,2026-03,2026-03-22,648.0,663.6,15.6,False,False
TE5572E3B77,2026-03,2026-03-20,1588.1,1595.5,7.4,False,False
T93AE74FC8C,2026-03,2026-03-24,1144.1,1162.8,18.7,False,False
TCE4F3C1854,2026-03,2026-03-25,2154.7,2191.2,36.5,False,False
T623FDA0FEC,2026-03,2026-03-20,1059.9,1078.4,18.5,False,False
T6FCD9FC327,2026-03,2026-03-25,536.8,536.8,0.0,True,False
T26D49D2B10,2026-03,2026-03-22,1467.3,1491.6,24.3,False,False
T6B0F45148F,2026-03,2026-03-22,2314.9,2455.5,140.6,False,False
T5DA6DABC22,2026-03,2026-03-22,836.7,851.5,14.8,False,False
T4C0FAA9237,2026-03,2026-03-25,1179.8,1207.0,27.2,False,False
T629B85F6AE,2026-03,2026-03-25,1675.0,1694.8,19.8,False,False
TE6221DA147,2026-03,2026-03-21,985.1,47.851714681592874,16.0,False,False
T7092CB932F,2026-03,2026-03-21,1596.9,1616.1,19.2,False,False
T38F3AD60D6,2026-03,2026-03-24,715.3,742.0,26.7,False,False
T051D6304AA,2026-03,2026-03-24,1239.9,1254.5,14.6,False,False
T1677509027,2026-03,2026-03-21,721.4,743.7,22.3,False,False
TCE43CAAFDD,2026-03,2026-03-23,1186.6,1201.0,14.4,False,False
TD6051C60DD,2026-03,2026-03-23,1751.5,1786.0,34.5,False,False
TD81C7B0AC7,2026-03,2026-03-22,1688.4,1704.3,15.9,False,False
TEB9B6A4FBC,2026-03,2026-03-24,1066.3,1083.6,17.3,False,False
T8E67D26322,2026-03,2026-03-25,1876.8,1896.4,19.6,False,False
T0E8259349E,2026-03,2026-03-20,486.0,504.3,18.3,False,False
TEC586A8374,2026-03,2026-03-25,1176.2,1189.4,13.2,False,False
T1E40F3A239,2026-03,2026-03-24,1230.3,1244.3,14.0,False,False
T716C530DED,2026-03,2026-03-24,800.0,816.7,16.7,False,False
T7562476AEF,2026-03,2026-03-25,1861.2,1888.2,27.0,False,False
TB460453C4D,2026-03,2026-03-22,503.9,526.1,22.2,False,False
T4A69C0BA6F,2026-03,2026-03-25,800.7,819.5,18.8,False,False
TB3006B8F03,2026-03,2026-03-21,941.6,953.7,12.1,False,False
TED3E393477,2026-03,2026-03-25,1853.2,1874.9,21.7,False,False
TA014F1FF15,2026-03,2026-03-21,1361.5,1377.2,15.7,False,False
T08D24C843D,2026-03,2026-03-25,649.0,677.9,28.9,False,False
T328C38D103,2026-03,2026-03-22,1859.6,1881.4,21.8,False,False
T5D52776F44,2026-03,2026-03-24,561.2,571.3,10.1,False,False
T350C7F0CAD,2026-03,2026-03-24,672.9,687.6,14.7,False,False
TE4BF83F9A5,2026-03,2026-03-24,1781.9,1817.4,35.5,False,False
T363192FB18,2026-03,2026-03-24,1315.1,1335.5,20.4,False,False
TE7D390D6E1,2026-03,2026-03-24,1209.0,1231.3,22.3,False,False
TEAED0D702E,2026-03,2026-03-21,1196.6,1213.8,17.2,False,False
T76D2631BBE,2026-03,2026-03-23,1480.1,1495.0,14.9,False,False
T41D9DAD65E,2026-03,2026-03-24,804.3,814.1,9.8,False,False
T4FB688BCF2,2026-03,2026-03-24,1388.6,1388.6,0.0,True,False
T49C247A691,2026-03,2026-03-20,855.9,872.9,17.0,False,False
TAD97E4B580,2026-03,2026-03-20,543.5,580.1,36.6,False,True
TA6D3C701E5,2026-03,2026-03-22,548.9,561.4,12.5,False,False
T1629374829,2026-03,2026-03-24,1238.8,1294.6,55.8,False,False
TE380DFCDD5,2026-03,2026-03-24,1352.5,1365.8,13.3,False,False
TC71E645A97,2026-03,2026-03-22,1036.0,1046.0,10.0,False,False
T3B2D063348,2026-03,2026-03-20,488.2,499.3,11.1,False,False
T6B0703F297,2026-03,2026-03-24,1208.2,1220.8,12.6,False,False
T2442BBD224,2026-03,2026-03-20,911.1,927.8,16.7,False,False
T94AEE9D59A,2026-03,2026-03-21,1158.3,1169.7,11.4,False,False
TC36C8FB548,2026-03,2026-03-25,1530.1,1539.9,9.8,False,False
TEA6C60108F,2026-03,2026-03-22,2140.2,2194.4,54.2,False,False
T5D0DA4A5A3,2026-03,2026-03-24,1103.8,1123.7,19.9,False,False
TCE2F3968A5,2026-03,2026-03-21,1182.8,1200.0,17.2,False,False
T3290CE40ED,2026-03,2026-03-25,1742.9,1761.2,18.3,False,False
TFF800A383C,2026-03,2026-03-20,1311.5,1328.2,16.7,False,False
T43D369AD4F,2026-03,2026-03-25,962.3,975.5,13.2,False,False
T2558B25F4A,2026-03,2026-03-20,320.9,333.8,12.9,False,False
TF2D53B5266,2026-03,2026-03-20,1623.6,1641.6,18.0,False,False
T46E626FB09,2026-03,2026-03-20,548.7,576.2,27.5,False,False
T7E0A59EC74,2026-03,2026-03-23,491.3,499.7,8.4,False,False
TDB77C6E5BA,2026-03,2026-03-21,781.5,792.5,11.0,False,False
TB2420A8657,2026-03,2026-03-25,1272.0,1283.0,11.0,False,False
TB1246EBDB6,2026-03,2026-03-23,724.0,730.6,6.6,False,False
T8C8BD1D187,2026-03,2026-03-25,1592.5,1613.9,21.4,False,False
T9A87FD75BB,2026-03,2026-03-22,745.6,763.4,17.8,False,False
T7220DB253B,2026-03,2026-03-24,934.8,953.8,19.0,False,False
T024582A041,2026-03,2026-03-25,1797.0,1821.7,24.7,False,False
TA3D7EB0EB6,2026-03,2026-03-23,1429.8,1432.5,2.7,False,False
T980F08905D,2026-03,2026-03-25,1523.6,1538.0,14.4,False,False
T0070991C4A,2026-03,2026-03-24,594.9,612.8,17.9,False,False
TE62F9D24A2,2026-03,2026-03-25,1061.3,1076.8,15.5,False,False
T660F58D22C,2026-03,2026-03-21,1525.5,1541.0,15.5,False,False
TC9C59FD3C0,2026-03,2026-03-22,1581.7,1592.9,11.2,False,False
TC85BCF4679,2026-03,2026-03-20,941.2,960.5,19.3,False,False
T711A4FB3DC,2026-03,2026-03-24,1390.0,1397.9,7.9,False,False
TDA01857472,2026-03,2026-03-23,747.0,753.3,6.3,False,False
T593C7D2F36,2026-03,2026-03-25,1087.7,1100.4,12.7,False,False
TAD1B3ECAF6,2026-03,2026-03-25,1030.3,1059.3,29.0,False,False
T62DB418771,2026-04,2026-04-24,1500.4,1523.2,22.8,False,False
T516D296A99,2026-04,2026-04-23,906.2,915.3,9.1,False,False
TF6199DECCB,2026-04,2026-04-25,1809.2,1836.2,27.0,False,False
TBFDD3649BD,2026-04,2026-04-21,1611.7,1630.3,18.6,False,False
T1A8F7C05C9,2026-04,2026-04-24,1384.8,1393.4,8.6,False,False
T6B4FC6C7C6,2026-04,2026-04-25,1053.3,1084.5,31.2,False,False
T6EE7490E19,2026-04,2026-04-21,1686.6,1701.3,14.7,False,False
T771EC6B537,2026-04,2026-04-20,987.1,993.2,6.1,False,False
TA87CD37475,2026-04,2026-04-24,751.5,780.0,28.5,False,False
T00048F12E2,2026-04,2026-04-23,315.1,326.2,11.1,False,False
TDE3B85E449,2026-04,2026-04-21,1326.2,1351.3,25.1,False,False
TDFD5EF1E2B,2026-04,2026-04-22,911.8,931.2,19.4,False,False
T6BE1C12D07,2026-04,2026-04-21,3537.8,3655.8,118.0,False,False
TE17C7596F7,2026-04,2026-04-21,462.7,479.7,17.0,False,False
TF0590D064A,2026-04,2026-04-22,709.5,719.4,9.9,False,False
T0201C8273D,2026-04,2026-04-20,611.7,623.6,11.9,False,False
T416D725964,2026-04,2026-04-25,1395.9,1417.6,21.7,False,False
T592985E849,2026-04,2026-04-21,676.2,676.2,0.0,True,False
T8CFD079CB6,2026-04,2026-04-21,1815.2,1834.3,19.1,False,False
TD10A6EDCA0,2026-04,2026-04-20,1269.4,1290.5,21.1,False,False
T0CE7987E4B,2026-04,2026-04-23,2109.3,2201.7,92.4,False,False
T0F12629295,2026-04,2026-04-22,448.0,452.6,4.6,False,False
T7833B36159,2026-04,2026-04-20,957.1,974.4,17.3,False,False
T997FF51E88,2026-04,2026-04-25,1009.7,1020.4,10.7,False,False
TB0AFAFC426,2026-04,2026-04-25,2651.2,2709.8,58.6,False,False
T4B2228F178,2026-04,2026-04-21,899.7,899.7,0.0,True,False
T5D1D63651A,2026-04,2026-04-20,678.4,694.5,16.1,False,False
T005A9CE174,2026-04,2026-04-21,1462.5,1476.3,13.8,False,False
T0E572DDC2C,2026-04,2026-04-25,1213.6,1213.6,0.0,True,False
T6B4C3EB33E,2026-04,2026-04-24,1420.0,1425.9,5.9,False,False
T98621FD0F2,2026-04,2026-04-23,3522.1,3706.4,184.3,False,False
TCED7759D69,2026-04,2026-04-20,1608.1,1625.7,17.6,False,False
T148BA00559,2026-04,2026-04-24,1598.8,1622.7,23.9,False,False
T8EF8382AF5,2026-04,2026-04-25,1719.2,1731.1,11.9,False,False
T294140BCEC,2026-04,2026-04-23,690.8,715.1,24.3,False,False
T2B4ECE5F7A,2026-04,2026-04-20,646.6,669.3,22.7,False,False
TFCDB644B38,2026-04,2026-04-24,675.6,700.1,24.5,False,False
TF46C85CB55,2026-04,2026-04-21,770.8,782.9,12.1,False,False
T635E7348B0,2026-04,2026-04-20,762.8,783.3,20.5,False,False
TD950C1321E,2026-04,2026-04-20,596.0,610.6,14.6,False,False
T79F7CA1313,2026-04,2026-04-22,370.6,376.8,6.2,False,False
T1890D0D69D,2026-04,2026-04-21,1054.2,1070.7,16.5,False,False
T92ED6C6BBC,2026-04,2026-04-23,570.1,576.4,6.3,False,False
T1A234D637E,2026-04,2026-04-20,1414.5,1430.3,15.8,False,False
T0FA07C2AE6,2026-04,2026-04-20,500.9,527.3,26.4,False,True
T85D9327E38,2026-04,2026-04-22,1577.5,1591.0,13.5,False,False
T9B2220E701,2026-04,2026-04-21,1398.8,1398.8,0.0,True,False
T75AE25B236,2026-04,2026-04-25,1140.9,1159.0,18.1,False,False
T85C4B9E9BD,2026-04,2026-04-22,1296.5,1307.4,10.9,False,False
TAAC46C752C,2026-04,2026-04-22,1633.0,1654.2,21.2,False,True
TB5ABA37301,2026-04,2026-04-24,1219.3,1240.0,20.7,False,False
TDB1931905E,2026-04,2026-04-21,1167.3,1179.2,11.9,False,False
T8A79BCF725,2026-04,2026-04-25,1388.1,1396.3,8.2,False,False
T1383BC162C,2026-04,2026-04-23,1812.1,1825.1,13.0,False,False
TE3F34F661C,2026-04,2026-04-23,2177.5,2253.8,76.3,False,False
T945DF5CC73,2026-04,2026-04-20,1227.3,1237.1,9.8,False,False
T89289351AD,2026-04,2026-04-21,1413.0,1433.6,20.6,False,False
T3C6A8E589D,2026-04,2026-04-20,867.1,909.7,42.6,False,False
T9EDB41553F,2026-04,2026-04-23,364.4,372.8,8.4,False,False
T39FECD2D40,2026-04,2026-04-22,1126.5,1153.4,26.9,False,False
T393F331539,2026-04,2026-04-21,585.8,602.7,16.9,False,False
T44E572D176,2026-04,2026-04-21,724.1,743.2,19.1,False,False
T6A0C9518A5,2026-04,2026-04-21,1452.6,1469.2,16.6,False,False
T6F6C091F32,2026-04,2026-04-21,1575.9,1595.1,19.2,False,False
T0A7DFC3903,2026-04,2026-04-21,1757.7,1775.1,17.4,False,False
T4CA807AAAE,2026-04,2026-04-23,1120.6,1160.5,39.9,False,False
T292B036CC6,2026-04,2026-04-22,1151.1,1164.3,13.2,False,False
TF252236170,2026-04,2026-04-25,428.0,446.6,18.6,False,False
T47A88C447A,2026-04,2026-04-21,856.8,867.9,11.1,False,False
T29274E7656,2026-04,2026-04-25,610.7,630.3,19.6,False,False
TF94B3B4CEA,2026-04,2026-04-22,871.3,892.5,21.2,False,False
TD79C86593F,2026-04,2026-04-23,1350.4,1370.8,20.4,False,False
T042B2178D1,2026-04,2026-04-25,492.9,515.8,22.9,False,False
TE9E2B18053,2026-04,2026-04-24,1686.4,1752.8,66.4,False,False
T80D9A080BE,2026-04,2026-04-23,2625.5,2625.5,0.0,True,False
T580C1D0E5A,2026-04,2026-04-20,1712.1,1767.7,55.6,False,False
T262047037E,2026-04,2026-04-22,769.0,785.4,16.4,False,False
T997FBB56CB,2026-04,2026-04-20,1670.4,1687.5,17.1,False,False
T488907BADA,2026-04,2026-04-21,885.9,885.9,0.0,True,False
T959B664297,2026-04,2026-04-20,341.2,357.0,15.8,False,False
TCE4FA87780,2026-04,2026-04-20,1453.9,1453.9,0.0,True,False
T6A6F416B64,2026-04,2026-04-21,1303.1,246.33173181384817,0.0,True,False
T5C22EC11B8,2026-04,2026-04-22,1659.5,1729.7,70.2,False,False
T132EB7CE2B,2026-04,2026-04-21,1354.7,1367.7,13.0,False,False
T011F73020E,2026-04,2026-04-22,1411.6,1431.4,19.8,False,False
T0197678D11,2026-04,2026-04-24,1479.8,1530.5,50.7,False,False
TBA58CFEBC6,2026-04,2026-04-22,1917.8,1945.3,27.5,False,False
T78A401EEAD,2026-04,2026-04-23,585.1,610.3,25.2,False,False
TE33F90B286,2026-04,2026-04-23,597.0,612.4,15.4,False,False
T761C9E26E6,2026-04,2026-04-22,680.3,700.5,20.2,False,False
T65187CE62C,2026-04,2026-04-20,1368.5,1408.2,39.7,False,False
T6DD4962896,2026-04,2026-04-23,499.8,514.3,14.5,False,False
T57E5EAB9B8,2026-04,2026-04-21,1260.1,1274.4,14.3,False,False
T0D1C506545,2026-04,2026-04-25,1033.0,1049.3,16.3,False,False
T16385BC409,2026-04,2026-04-23,459.3,470.0,10.7,False,False
T703E749B16,2026-04,2026-04-23,953.9,971.3,17.4,False,False
TE03815B898,2026-04,2026-04-20,1758.3,1781.1,22.8,False,False
T5EDC8CD764,2026-04,2026-04-25,1305.3,1322.6,17.3,False,False
T8A0E42EA46,2026-04,2026-04-21,1438.2,1453.5,15.3,False,False
T58E4665FE8,2026-04,2026-04-23,718.2,742.6,24.4,False,False
T45A3829C6C,2026-04,2026-04-21,520.5,536.0,15.5,False,False
T0F2B41D96D,2026-04,2026-04-23,886.8,922.8,36.0,False,False
T45E4DAC832,2026-04,2026-04-20,1004.6,1024.0,19.4,False,False
TB308B5DC7A,2026-04,2026-04-23,1397.2,1412.1,14.9,False,False
T5A52BDFD5B,2026-04,2026-04-23,1321.9,1332.0,10.1,False,False
T3B6195226D,2026-04,2026-04-24,785.2,807.6,22.4,False,False
TEF3ACC364D,2026-04,2026-04-21,340.6,351.9,11.3,False,False
T0E3944E1C7,2026-04,2026-04-20,1670.0,1685.8,15.8,False,False
TC5E02C2AE1,2026-04,2026-04-22,1000.5,1008.5,8.0,False,False
T9C181CA6B2,2026-04,2026-04-24,991.8,1008.3,16.5,False,False
T46D0D9FE06,2026-04,2026-04-24,1166.2,1179.9,13.7,False,False
T3763EE0258,2026-04,2026-04-25,472.6,490.9,18.3,False,False
TB6793708AF,2026-04,2026-04-21,957.5,965.5,8.0,False,False
T02BF3919B7,2026-04,2026-04-22,1425.1,1435.5,10.4,False,False
T61903D0C08,2026-04,2026-04-21,638.0,652.0,14.0,False,False
T1540962193,2026-04,2026-04-22,2036.0,2155.6,119.6,False,False
TE8DF4BFC62,2026-04,2026-04-21,2277.1,2326.6,49.5,False,False
T97A5E4F98E,2026-04,2026-04-24,1475.1,1492.3,17.2,False,False
TB2B631F6DE,2026-04,2026-04-24,369.0,383.5,14.5,False,False
TFD4476DD46,2026-04,2026-04-22,1102.8,1128.6,25.8,False,False
T63AE43B763,2026-04,2026-04-20,1410.3,1438.8,28.5,False,False
TF7E0F3ADFA,2026-04,2026-04-22,620.5,624.5,4.0,False,False
T9F3D4A99A8,2026-04,2026-04-24,1087.3,1087.3,0.0,True,False
T3AF0CA5142,2026-04,2026-04-22,1776.8,1827.7,50.9,False,False
T525C93E294,2026-04,2026-04-22,443.4,455.3,11.9,False,False
TA60FF3309B,2026-04,2026-04-23,1378.9,1390.8,11.9,False,False
T6230F0F81A,2026-04,2026-04-21,398.8,417.5,18.7,False,False
T486DC7662A,2026-04,2026-04-22,5239.9,5449.2,209.3,False,False
T0DD0FDF0BD,2026-04,2026-04-24,948.7,974.9,26.2,False,False
T81EEF6FCD3,2026-04,2026-04-23,983.5,995.5,12.0,False,False
T6269371CAA,2026-04,2026-04-23,1533.7,1545.8,12.1,False,False
TF7BDB30AC3,2026-04,2026-04-24,1109.1,1140.0,30.9,False,False
TC1EBE75CAC,2026-04,2026-04-25,1305.4,1327.1,21.7,False,False
T0A0805FB46,2026-04,2026-04-21,1968.6,,,False,False
T7C1EBC3C4C,2026-04,2026-04-21,716.2,736.6,20.4,False,False
TFB5558315C,2026-04,2026-04-25,509.5,532.4,22.9,False,False
T4D34DCD6FE,2026-04,2026-04-23,977.1,977.1,0.0,True,False
T8F2163E1AC,2026-04,2026-04-22,1905.6,1942.3,36.7,False,False
T6D36EEA27E,2026-04,2026-04-25,448.5,463.6,15.1,False,False
TD718599337,2026-04,2026-04-21,1582.6,1630.4,47.8,False,False
TACFC1D584E,2026-04,2026-04-24,1614.1,1640.3,26.2,False,False
TE1CE4D9E5A,2026-04,2026-04-21,579.6,597.9,18.3,False,False
TEEB9050E6F,2026-04,2026-04-23,1080.8,1110.5,29.7,False,False
T266175A7E1,2026-04,2026-04-22,1802.1,1828.2,26.1,False,False
T188F8436EB,2026-04,2026-04-24,634.3,634.3,0.0,True,False
TBF5EF4019A,2026-04,2026-04-24,990.5,1001.4,10.9,False,False
TF8038E3438,2026-04,2026-04-22,880.2,892.6,12.4,False,False
T14A35B501D,2026-04,2026-04-25,1587.4,1622.9,35.5,False,False
TACA1F6575E,2026-04,2026-04-22,265.8,278.9,13.1,False,False
T425CF74F89,2026-04,2026-04-20,1005.3,1007.8,2.5,False,False
T7E561E41DF,2026-04,2026-04-22,1779.3,1799.3,20.0,False,False
TAE21909B09,2026-04,2026-04-24,774.0,787.5,13.5,False,False
TA49FD77129,2026-04,2026-04-21,1607.9,1651.6,43.7,False,False
T83C53CBDE3,2026-04,2026-04-20,1132.5,1160.0,27.5,False,False
T8989E9F3E0,2026-04,2026-04-25,1493.8,1522.9,29.1,False,False
T0E868A3F47,2026-04,2026-04-21,1890.6,1913.0,22.4,False,False
TAA4A146A6F,2026-04,2026-04-24,1110.4,1124.7,14.3,False,False
T929701588B,2026-04,2026-04-22,724.6,733.9,9.3,False,False
TCBA87E8F93,2026-04,2026-04-23,1752.0,1774.5,22.5,False,False
T71B2CE98BC,2026-04,2026-04-20,1944.2,1967.8,23.6,False,False
T3104E606FB,2026-04,2026-04-22,1755.7,1775.4,19.7,False,False
TC9C584B8EF,2026-04,2026-04-23,788.2,802.4,14.2,False,False
T42EAACA5A6,2026-04,2026-04-22,669.7,682.5,12.8,False,False
T27CD292019,2026-04,2026-04-25,1798.1,,,False,False
T2631941D4D,2026-04,2026-04-23,1889.3,1911.3,22.0,False,False
TD6D0D046B5,2026-04,2026-04-21,515.1,523.3,8.2,False,False
T930BCF26DA,2026-04,2026-04-23,1748.1,1770.2,22.1,False,False
T7A263D97A8,2026-04,2026-04-24,564.3,588.1,23.8,False,False
T84CC232045,2026-04,2026-04-24,1212.4,1224.6,12.2,False,False
T1F7089E5B3,2026-04,2026-04-23,1677.8,1700.2,22.4,False,False
T6DD01C39D7,2026-04,2026-04-21,1648.0,1683.7,35.7,False,False
TE3814F5946,2026-04,2026-04-21,1233.1,1243.4,10.3,False,False
T260F6D657D,2026-04,2026-04-20,1808.1,1828.7,20.6,False,False
TF9F158A927,2026-04,2026-04-21,1035.3,1056.2,20.9,False,False
T2A78E596A5,2026-04,2026-04-24,846.6,867.1,20.5,False,False
T48829C6681,2026-04,2026-04-20,990.4,1002.6,12.2,False,False
T5446AB5D4F,2026-04,2026-04-24,1550.5,1562.4,11.9,False,False
T6FEE2A0A85,2026-04,2026-04-25,499.9,512.6,12.7,False,False
T37BA3005AD,2026-04,2026-04-25,1462.6,1488.4,25.8,False,False
T599538981A,2026-04,2026-04-20,1826.0,1881.9,55.9,False,False
TC1FE3D7E79,2026-04,2026-04-23,1380.1,1405.1,25.0,False,False
TAB633F4546,2026-04,2026-04-23,527.8,547.7,19.9,False,False
TEF123948C4,2026-04,2026-04-20,784.0,795.8,11.8,False,False
T50EA3E30B0,2026-04,2026-04-24,1322.5,1336.7,14.2,False,False
T10E8B50E63,2026-04,2026-04-21,1741.6,1786.4,44.8,False,False
T75445AB825,2026-04,2026-04-23,1360.6,1379.0,18.4,False,False
T9AEC04CEE6,2026-04,2026-04-20,393.0,401.6,8.6,False,False
TE59C7E0558,2026-04,2026-04-25,566.5,580.5,14.0,False,False
T017F5CC857,2026-04,2026-04-21,1713.1,1735.2,22.1,False,False
T5740214D00,2026-04,2026-04-20,536.3,542.8,6.5,False,False
TA54FDBC969,2026-04,2026-04-22,1508.2,1560.0,51.8,False,False
T79348D1D8C,2026-04,2026-04-22,1526.4,1598.3,71.9,False,False
T0C38B9638D,2026-04,2026-04-23,1328.3,1353.8,25.5,False,False
TF8CD7DEDDA,2026-04,2026-04-24,1030.0,1047.0,17.0,False,False
TD4AA44C620,2026-04,2026-04-22,1013.2,1029.7,16.5,False,False
TBA22021045,2026-04,2026-04-24,1562.7,1622.9,60.2,False,False
TAE4991C39A,2026-04,2026-04-23,1724.5,1744.0,19.5,False,False
T926427EC22,2026-04,2026-04-21,910.2,932.1,21.9,False,False
T03F3726F54,2026-04,2026-04-23,1168.2,1182.9,14.7,False,False
T9C5C1B51E6,2026-04,2026-04-21,559.5,582.5,23.0,False,False
TAB67F85714,2026-04,2026-04-22,1869.4,1889.1,19.7,False,False
T021E4A2B45,2026-04,2026-04-25,783.1,795.0,11.9,False,False
T9C284C6EDE,2026-04,2026-04-22,1755.8,1775.0,19.2,False,False
TE5AE06739E,2026-04,2026-04-21,432.5,448.8,16.3,False,False
T01F422D988,2026-04,2026-04-23,1699.3,1711.4,12.1,False,False
T812E69DF24,2026-04,2026-04-23,1741.5,1803.7,62.2,False,False
T1753290875,2026-04,2026-04-20,1651.1,1667.9,16.8,False,False
T6453265506,2026-04,2026-04-21,3836.1,342.8413677629703,139.6,False,False
T3DCE54CBCD,2026-04,2026-04-21,398.9,408.5,9.6,False,False
T25A59C1230,2026-04,2026-04-21,632.9,654.7,21.8,False,False
T7149DBE7E7,2026-04,2026-04-23,1490.0,1539.3,49.3,False,False
T17B01CE93D,2026-04,2026-04-20,1572.0,1588.6,16.6,False,False
T2A7B7C0706,2026-04,2026-04-25,1565.0,1579.3,14.3,False,False
TA2A12750E0,2026-04,2026-04-24,686.8,697.2,10.4,False,False
TCDF5CCF9D1,2026-04,2026-04-24,1921.7,1949.7,28.0,False,False
T136877D852,2026-04,2026-04-25,1433.9,1456.2,22.3,False,False
TD93E7F3525,2026-04,2026-04-23,1388.5,1397.7,9.2,False,False
T9E698DAD97,2026-04,2026-04-20,565.6,586.4,20.8,False,False
TA7CD008CD2,2026-04,2026-04-24,1711.5,1736.1,24.6,False,False
TB5E2F0D295,2026-04,2026-04-24,1132.8,1149.5,16.7,False,False
T886651EB56,2026-04,2026-04-22,2001.2,2034.3,33.1,False,False
T726E26C014,2026-04,2026-04-22,586.5,594.8,8.3,False,False
T47801013F9,2026-04,2026-04-21,488.2,505.5,17.3,False,False
T7B44E5C01C,2026-04,2026-04-25,1189.6,1195.4,5.8,False,False
T06E1B5C91E,2026-04,2026-04-22,842.3,856.4,14.1,False,False
TBD7AFAA9AB,2026-04,2026-04-25,1426.9,1445.5,18.6,False,False
T3A8AE15DE9,2026-04,2026-04-20,1181.0,1194.6,13.6,False,False
T90FCBE8560,2026-04,2026-04-23,1428.8,1441.3,12.5,False,False
T6B76BCDCC8,2026-04,2026-04-23,2404.0,2508.6,104.6,False,False
T6B61D786E8,2026-04,2026-04-23,1205.6,1205.6,0.0,True,False
TD8B8E83F9D,2026-04,2026-04-25,1533.0,1551.6,18.6,False,False
T353F39960E,2026-04,2026-04-21,553.7,563.0,9.3,False,False
TC44518846F,2026-04,2026-04-22,557.2,574.5,17.3,False,False
T3DBD424B8F,2026-04,2026-04-20,779.1,797.7,18.6,False,False
TB8E4E6CA4C,2026-04,2026-04-21,1297.9,1339.9,42.0,False,False
T54630B6404,2026-04,2026-04-20,558.9,576.1,17.2,False,False
T71623730B1,2026-04,2026-04-22,1284.3,1300.8,16.5,False,False
T7436A106AE,2026-04,2026-04-22,575.8,585.4,9.6,False,False
T6191B8FD69,2026-04,2026-04-23,1307.4,1318.2,10.8,False,False
TBA7727A83B,2026-04,2026-04-23,640.6,653.7,13.1,False,False
T66B24DDB8C,2026-04,2026-04-23,1821.3,1838.0,16.7,False,False
T0EAA0EDBAF,2026-04,2026-04-23,1177.0,1206.5,29.5,False,False
TDCBC842E3A,2026-04,2026-04-22,864.3,889.3,25.0,False,False
T305BACE840,2026-04,2026-04-25,1014.0,1032.3,18.3,False,False
TAD0E244201,2026-04,2026-04-25,1410.9,1410.9,0.0,True,False
T824A68B378,2026-04,2026-04-25,1337.1,1344.4,7.3,False,False
T9F72B39B89,2026-04,2026-04-25,802.3,812.9,10.6,False,False
T0380D1AD85,2026-04,2026-04-24,1317.7,1344.0,26.3,False,False
TD58AFBB420,2026-04,2026-04-25,2560.6,2614.1,53.5,False,False
TB1A6FA6009,2026-04,2026-04-21,536.1,548.7,12.6,False,False
TB95EB354D9,2026-04,2026-04-25,1333.4,1354.4,21.0,False,False
T6EBEC2B9E3,2026-04,2026-04-25,718.7,732.7,14.0,False,False
TCBAFB86C54,2026-04,2026-04-21,1722.0,1735.2,13.2,False,False
T2D884BEE59,2026-04,2026-04-24,1496.4,1525.5,29.1,False,False
T81E3CAC404,2026-04,2026-04-21,1449.5,1458.9,9.4,False,False
TB13246DF04,2026-04,2026-04-20,2667.5,2727.8,60.3,False,False
T38FC29870C,2026-04,2026-04-20,1030.8,1038.9,8.1,False,False
T0B952300A6,2026-04,2026-04-21,1322.7,1342.4,19.7,False,False
T592EE5AE5A,2026-04,2026-04-25,671.6,685.2,13.6,False,False
T8AB7B992DC,2026-04,2026-04-24,1678.4,1690.4,12.0,False,False
TE13531501B,2026-04,2026-04-22,396.8,410.6,13.8,False,False
T603C6A7DDF,2026-04,2026-04-21,2285.8,2346.1,60.3,False,False
T9B1CF87E17,2026-04,2026-04-22,820.4,838.8,18.4,False,False
T7E47E27FFB,2026-04,2026-04-24,1241.3,1241.3,0.0,True,False
T2FE3E18EED,2026-04,2026-04-24,1208.7,1221.4,12.7,False,False
T518FD2CD05,2026-04,2026-04-22,946.6,961.6,15.0,False,False
TCA03B52F53,2026-04,2026-04-20,506.9,520.6,13.7,False,False
TC97F0C81C8,2026-04,2026-04-25,3375.1,3535.4,160.3,False,False
T5825BB17FC,2026-04,2026-04-20,1219.4,1279.5,60.1,False,False
TC5E185C6E8,2026-04,2026-04-25,342.1,353.9,11.8,False,False
TEAD9E81003,2026-04,2026-04-21,1013.8,1028.8,15.0,False,False
TE23D5A574A,2026-04,2026-04-22,1005.1,1017.8,12.7,False,False
T04048D53A3,2026-04,2026-04-21,767.6,775.9,8.3,False,False
TE1AA9E77A7,2026-04,2026-04-22,983.4,988.2,4.8,False,False
TC54C99BA73,2026-04,2026-04-25,1162.0,1203.0,41.0,False,False
T013C0F8B57,2026-04,2026-04-22,1492.3,1509.2,16.9,False,False
T3C23C0A42C,2026-04,2026-04-23,1214.0,1239.1,25.1,False,False
TEDB2598366,2026-04,2026-04-22,1301.7,1317.6,15.9,False,False
T03D524AC98,2026-04,2026-04-20,1614.1,1632.3,18.2,False,False
T9B658694D7,2026-04,2026-04-25,892.8,920.8,28.0,False,False
T827DB403EF,2026-04,2026-04-23,1045.3,1049.6,4.3,False,False
TD5960FA89C,2026-04,2026-04-23,1391.2,1413.3,22.1,False,False
TEB9CD6778B,2026-04,2026-04-25,1612.0,1631.8,19.8,False,False
TCFB896C903,2026-04,2026-04-23,805.4,822.3,16.9,False,False
T4EBE5132B6,2026-04,2026-04-21,1046.3,1078.5,32.2,False,True
TD6D7800440,2026-04,2026-04-25,1552.1,1565.1,13.0,False,False
TB1AE49FA20,2026-04,2026-04-23,635.3,645.9,10.6,False,False
TF4940B0970,2026-04,2026-04-25,1261.9,1271.2,9.3,False,False
T6492EC951E,2026-04,2026-04-25,1221.8,1269.9,48.1,False,False
T5B2FD74A85,2026-04,2026-04-25,1619.5,1636.6,17.1,False,False
TCF1A6CDF80,2026-04,2026-04-23,581.2,597.1,15.9,False,False
TBA965CD37E,2026-04,2026-04-24,410.2,426.1,15.9,False,False
T8917AF33E8,2026-04,2026-04-23,1634.0,1697.7,63.7,False,False
T4F696F6C0E,2026-04,2026-04-24,524.1,544.7,20.6,False,False
TFB9BD0FCA4,2026-04,2026-04-20,2041.3,2071.5,30.2,False,False
T6372E1147F,2026-04,2026-04-22,1276.7,1303.0,26.3,False,False
T8B4FC280C2,2026-04,2026-04-25,570.3,586.6,16.3,False,False
T0AF0DD2FE5,2026-04,2026-04-25,1116.9,1129.1,12.2,False,False
T9BABD62590,2026-04,2026-04-25,1798.9,1853.8,54.9,False,False
TBBD0028CDB,2026-04,2026-04-24,994.9,1006.4,11.5,False,False
T30E453AB34,2026-04,2026-04-20,1087.9,1105.2,17.3,False,False
T7DC59256DC,2026-04,2026-04-20,892.3,929.3,37.0,False,False
TCC371206BC,2026-04,2026-04-22,593.5,604.2,10.7,False,False
TDEF092A4C5,2026-04,2026-04-20,1519.0,1528.2,9.2,False,False
TE13FCEC631,2026-04,2026-04-24,1188.9,1205.6,16.7,False,False
T7C3F6A8162,2026-04,2026-04-21,1594.4,1614.9,20.5,False,False
T0F4A3A74ED,2026-04,2026-04-24,983.1,1009.9,26.8,False,False
T5BEF82BC17,2026-04,2026-04-22,1457.7,1474.8,17.1,False,False
T07AC5856A4,2026-04,2026-04-22,698.4,710.1,11.7,False,False
T0185184B59,2026-04,2026-04-25,1296.3,1307.9,11.6,False,False
T79F8E1FAE8,2026-04,2026-04-24,388.4,403.3,14.9,False,False
T4D40D256FE,2026-04,2026-04-24,1266.7,1294.7,28.0,False,False
TE74495FCDD,2026-04,2026-04-20,1634.7,1646.8,12.1,False,False
TAD9ED625D1,2026-04,2026-04-22,1581.4,1599.2,17.8,False,False
TE7328B9E12,2026-04,2026-04-21,675.4,675.4,0.0,True,False
T5FC1C50126,2026-04,2026-04-21,1407.7,1434.1,26.4,False,False
T203C71CAC2,2026-04,2026-04-21,1780.3,1801.2,20.9,False,False
T1D1F227112,2026-04,2026-04-25,864.4,878.5,14.1,False,False
TF62BDC6E96,2026-04,2026-04-25,1763.1,1787.9,24.8,False,False
T5D35014BC6,2026-04,2026-04-23,1667.9,1676.5,8.6,False,False
T9C80DA594D,2026-04,2026-04-20,763.3,774.2,10.9,False,False
T575100FEE6,2026-04,2026-04-25,743.2,779.9,36.7,False,False
TFF833858D4,2026-04,2026-04-21,1722.0,1733.4,11.4,False,False
T44C452513D,2026-04,2026-04-22,945.4,965.9,20.5,False,False
TC11C4F89B7,2026-04,2026-04-21,616.7,642.9,26.2,False,False
T519E11C12F,2026-04,2026-04-24,374.1,117.74182782569765,15.3,False,False
T1D1C3809AD,2026-04,2026-04-23,1494.1,1494.1,0.0,True,False
T2F89E8ED6F,2026-04,2026-04-24,1562.3,1577.9,15.6,False,False
TED624C9B29,2026-04,2026-04-22,1518.8,1537.1,18.3,False,False
T80599540B9,2026-04,2026-04-24,632.7,661.8,29.1,False,False
T99F86EAA03,2026-04,2026-04-23,1110.9,1140.1,29.2,False,False
T48E474E620,2026-04,2026-04-22,1475.6,1490.0,14.4,False,False
T62F138B69F,2026-04,2026-04-20,1565.4,1586.7,21.3,False,False
T0ABCC73F5F,2026-04,2026-04-24,1433.6,1443.0,9.4,False,False
T451A03E5F4,2026-04,2026-04-21,1221.8,1251.1,29.3,False,False
T28A5C3A212,2026-04,2026-04-23,993.3,1003.1,9.8,False,False
T9BF23AC92B,2026-04,2026-04-21,1181.8,1208.5,26.7,False,False
T8D847ABAD5,2026-04,2026-04-22,963.0,973.1,10.1,False,False
T79AD100612,2026-04,2026-04-25,1387.0,1407.0,20.0,False,False
T595C48877B,2026-04,2026-04-20,1268.6,1289.0,20.4,False,False
T7E1F631507,2026-04,2026-04-20,474.4,493.4,19.0,False,False
T7CEE29F570,2026-04,2026-04-25,551.1,563.1,12.0,False,False
TB28F8F08F4,2026-04,2026-04-21,912.0,928.0,16.0,False,False
T741A1119FA,2026-04,2026-04-21,686.7,712.1,25.4,False,False
T26862D1A4A,2026-04,2026-04-22,2214.6,,,False,False
TCB96D14BFD,2026-04,2026-04-22,785.3,785.3,0.0,True,False
TF07D19AE17,2026-04,2026-04-22,846.6,893.1,46.5,False,False
T7AE1E63696,2026-04,2026-04-21,1577.2,1592.1,14.9,False,False
TEA687BEEC8,2026-04,2026-04-23,642.0,657.3,15.3,False,False
T5C97BD73CE,2026-04,2026-04-23,1726.2,1748.2,22.0,False,False
T64DF103F27,2026-04,2026-04-20,503.5,517.2,13.7,False,False
T962D5133B5,2026-04,2026-04-22,1483.0,1505.1,22.1,False,False
TFAE2AFD636,2026-04,2026-04-20,1517.2,1526.0,8.8,False,False
T8237A9AE83,2026-04,2026-04-25,657.5,675.3,17.8,False,False
T124789ED12,2026-04,2026-04-22,958.4,966.5,8.1,False,False
T77D8F1F07B,2026-04,2026-04-23,1581.5,1629.4,47.9,False,False
T88E01EE6A9,2026-04,2026-04-25,937.8,966.9,29.1,False,False
TCCA2F0E6D1,2026-04,2026-04-22,700.0,719.1,19.1,False,False
TE7C4074532,2026-04,2026-04-24,743.2,778.3,35.1,False,False
TE08ACE6D71,2026-04,2026-04-24,1773.5,1794.4,20.9,False,False
TF5AB4BC37D,2026-04,2026-04-21,754.8,768.8,14.0,False,False
T31A37C291B,2026-04,2026-04-25,306.4,319.6,13.2,False,False
T85072A41C6,2026-04,2026-04-25,1472.1,1487.8,15.7,False,False
T3DB8E8C91B,2026-04,2026-04-20,1200.3,1217.6,17.3,False,False
T1F21C0A526,2026-04,2026-04-21,651.5,672.0,20.5,False,False
TC653350390,2026-04,2026-04-23,1548.1,1560.5,12.4,False,False
TF357DF2C85,2026-04,2026-04-24,918.2,946.5,28.3,False,False
TC2B54F643A,2026-04,2026-04-21,541.7,555.6,13.9,False,False
T62A907AFA1,2026-04,2026-04-20,766.4,776.1,9.7,False,False
T9B926E1A60,2026-04,2026-04-25,968.9,980.9,12.0,False,False
T95A557D58C,2026-04,2026-04-22,4133.2,4280.1,146.9,False,False
T4FD73F8DF8,2026-04,2026-04-25,380.6,391.7,11.1,False,False
TAA9E781779,2026-04,2026-04-23,1281.0,1293.8,12.8,False,False
T5AB667FA59,2026-04,2026-04-25,1531.3,1554.9,23.6,False,False
T2FB8838715,2026-04,2026-04-20,1735.3,1755.6,20.3,False,False
TDC0B728E72,2026-04,2026-04-25,1800.3,1873.2,72.9,False,False
T500E1E73A5,2026-04,2026-04-24,1052.9,1066.6,13.7,False,False
T518D652731,2026-04,2026-04-22,939.6,969.7,30.1,False,False
T5F78380FF1,2026-04,2026-04-23,1047.4,1064.0,16.6,False,False
T2269F4C04A,2026-04,2026-04-21,1862.6,1918.9,56.3,False,False
T75D0C6EEF9,2026-04,2026-04-20,3568.2,3720.9,152.7,False,False
T08C84C6180,2026-04,2026-04-23,627.9,627.9,0.0,True,False
TBE3328794F,2026-04,2026-04-20,1143.7,1154.5,10.8,False,False
T7BF732B1D4,2026-04,2026-04-25,1334.6,1350.5,15.9,False,False
T680C591820,2026-04,2026-04-21,1231.1,1241.7,10.6,False,False
T87B30A11CA,2026-04,2026-04-25,1662.0,1681.6,19.6,False,False
T2C69DDD554,2026-04,2026-04-20,1611.3,1666.1,54.8,False,False
TB5DCDB3D2B,2026-04,2026-04-21,1465.8,1473.8,8.0,False,False
TF1BF705581,2026-04,2026-04-25,1015.9,1039.4,23.5,False,False
T7861C2062B,2026-04,2026-04-21,2196.3,2229.7,33.4,False,False
T3E7A117328,2026-04,2026-04-22,615.6,635.2,19.6,False,False
T626DE7D352,2026-04,2026-04-25,2127.6,2206.7,79.1,False,False
T30CED3EF6B,2026-04,2026-04-23,1306.3,,,False,False
T6F621D315F,2026-04,2026-04-20,609.5,631.1,21.6,False,False
T5AEAFABEEB,2026-04,2026-04-20,1190.2,1205.2,15.0,False,False
T6E1A658692,2026-04,2026-04-21,849.2,864.7,15.5,False,False
TDFD739AFF7,2026-04,2026-04-20,1590.4,1606.7,16.3,False,False
T0E7497BE87,2026-04,2026-04-23,450.7,467.4,16.7,False,False
T63245D9338,2026-04,2026-04-25,648.9,672.8,23.9,False,False
T2FC1A9FEB9,2026-04,2026-04-22,663.6,685.9,22.3,False,False
TE5572E3B77,2026-04,2026-04-23,1595.5,1602.5,7.0,False,False
T93AE74FC8C,2026-04,2026-04-21,1162.8,1181.8,19.0,False,False
TCE4F3C1854,2026-04,2026-04-23,2191.2,2234.6,43.4,False,False
T623FDA0FEC,2026-04,2026-04-20,1078.4,1104.7,26.3,False,False
T6FCD9FC327,2026-04,2026-04-20,536.8,543.4,6.6,False,False
T26D49D2B10,2026-04,2026-04-24,1491.6,1517.1,25.5,False,False
T6B0F45148F,2026-04,2026-04-20,2455.5,2550.0,94.5,False,False
T5DA6DABC22,2026-04,2026-04-20,851.5,872.0,20.5,False,False
T4C0FAA9237,2026-04,2026-04-21,1207.0,1233.9,26.9,False,False
T629B85F6AE,2026-04,2026-04-20,1694.8,1710.0,15.2,False,False
TE6221DA147,2026-04,2026-04-25,1001.1,1010.5,9.4,False,False
T7092CB932F,2026-04,2026-04-20,1616.1,1641.7,25.6,False,False
T38F3AD60D6,2026-04,2026-04-24,742.0,764.4,22.4,False,False
T051D6304AA,2026-04,2026-04-22,1254.5,1271.9,17.4,False,False
T1677509027,2026-04,2026-04-21,743.7,768.0,24.3,False,False
TCE43CAAFDD,2026-04,2026-04-22,1201.0,1213.4,12.4,False,False
TD6051C60DD,2026-04,2026-04-23,1786.0,1829.4,43.4,False,False
TD81C7B0AC7,2026-04,2026-04-20,1704.3,1720.2,15.9,False,False
TEB9B6A4FBC,2026-04,2026-04-20,1083.6,1104.6,21.0,False,False
T8E67D26322,2026-04,2026-04-21,1896.4,1920.6,24.2,False,False
T0E8259349E,2026-04,2026-04-24,504.3,504.3,0.0,True,False
TEC586A8374,2026-04,2026-04-23,1189.4,1207.6,18.2,False,False
T1E40F3A239,2026-04,2026-04-23,1244.3,1260.7,16.4,False,False
T716C530DED,2026-04,2026-04-20,816.7,835.7,19.0,False,False
T7562476AEF,2026-04,2026-04-24,1888.2,1924.2,36.0,False,False
TB460453C4D,2026-04,2026-04-24,526.1,542.0,15.9,False,False
T4A69C0BA6F,2026-04,2026-04-25,819.5,843.4,23.9,False,False
TB3006B8F03,2026-04,2026-04-21,953.7,969.9,16.2,False,False
TED3E393477,2026-04,2026-04-25,1874.9,1894.5,19.6,False,False
TA014F1FF15,2026-04,2026-04-24,1377.2,1390.9,13.7,False,False
T08D24C843D,2026-04,2026-04-25,677.9,709.4,31.5,False,False
T328C38D103,2026-04,2026-04-24,1881.4,1910.4,29.0,False,False
T5D52776F44,2026-04,2026-04-23,571.3,582.0,10.7,False,False
T350C7F0CAD,2026-04,2026-04-23,687.6,704.3,16.7,False,False
TE4BF83F9A5,2026-04,2026-04-25,1817.4,1853.0,35.6,False,False
T363192FB18,2026-04,2026-04-25,1335.5,1357.4,21.9,False,False
TE7D390D6E1,2026-04,2026-04-22,1231.3,1252.0,20.7,False,False
TEAED0D702E,2026-04,2026-04-23,1213.8,1232.0,18.2,False,False
T76D2631BBE,2026-04,2026-04-24,1495.0,1509.8,14.8,False,False
T41D9DAD65E,2026-04,2026-04-21,814.1,828.6,14.5,False,False
T4FB688BCF2,2026-04,2026-04-25,1388.6,1413.6,25.0,False,False
T49C247A691,2026-04,2026-04-22,872.9,895.3,22.4,False,False
TAD97E4B580,2026-04,2026-04-20,580.1,599.8,19.7,False,False
TA6D3C701E5,2026-04,2026-04-24,561.4,579.5,18.1,False,False
T1629374829,2026-04,2026-04-22,1294.6,1337.1,42.5,False,False
TE380DFCDD5,2026-04,2026-04-20,1365.8,1383.1,17.3,False,False
TC71E645A97,2026-04,2026-04-23,1046.0,1064.2,18.2,False,False
T3B2D063348,2026-04,2026-04-20,499.3,508.7,9.4,False,False
T6B0703F297,2026-04,2026-04-22,1220.8,1236.5,15.7,False,False
T2442BBD224,2026-04,2026-04-22,927.8,927.8,0.0,True,False
T94AEE9D59A,2026-04,2026-04-20,1169.7,1169.7,0.0,True,False
TC36C8FB548,2026-04,2026-04-20,1539.9,1550.2,10.3,False,False
TEA6C60108F,2026-04,2026-04-23,2194.4,2253.7,59.3,False,False
T5D0DA4A5A3,2026-04,2026-04-22,1123.7,1143.8,20.1,False,False
TCE2F3968A5,2026-04,2026-04-20,1200.0,1220.2,20.2,False,False
T3290CE40ED,2026-04,2026-04-21,1761.2,1788.3,27.1,False,False
TFF800A383C,2026-04,2026-04-24,1328.2,1341.0,12.8,False,False
T43D369AD4F,2026-04,2026-04-23,975.5,992.2,16.7,False,False
T2558B25F4A,2026-04,2026-04-21,333.8,348.4,14.6,False,False
TF2D53B5266,2026-04,2026-04-24,1641.6,1659.8,18.2,False,False
T46E626FB09,2026-04,2026-04-22,576.2,576.2,0.0,True,False
T7E0A59EC74,2026-04,2026-04-22,499.7,509.3,9.6,False,False
TDB77C6E5BA,2026-04,2026-04-22,792.5,805.7,13.2,False,False
TB2420A8657,2026-04,2026-04-20,1283.0,1294.8,11.8,False,False
TB1246EBDB6,2026-04,2026-04-23,730.6,738.4,7.8,False,False
T8C8BD1D187,2026-04,2026-04-22,1613.9,1641.8,27.9,False,False
T9A87FD75BB,2026-04,2026-04-21,763.4,783.8,20.4,False,False
T7220DB253B,2026-04,2026-04-24,953.8,975.3,21.5,False,False
T024582A041,2026-04,2026-04-20,1821.7,1851.6,29.9,False,False
TA3D7EB0EB6,2026-04,2026-04-25,1432.5,1434.8,2.3,False,False
T980F08905D,2026-04,2026-04-23,1538.0,1554.5,16.5,False,False
T0070991C4A,2026-04,2026-04-21,612.8,633.2,20.4,False,False
TE62F9D24A2,2026-04,2026-04-25,1076.8,1100.9,24.1,False,False
T660F58D22C,2026-04,2026-04-25,1541.0,1565.3,24.3,False,False
TC9C59FD3C0,2026-04,2026-04-25,1592.9,1605.9,13.0,False,False
TC85BCF4679,2026-04,2026-04-23,960.5,982.0,21.5,False,False
T711A4FB3DC,2026-04,2026-04-20,1397.9,1407.1,9.2,False,False
TDA01857472,2026-04,2026-04-24,753.3,759.9,6.6,False,False
T593C7D2F36,2026-04,2026-04-21,1100.4,1117.5,17.1,False,False
TAD1B3ECAF6,2026-04,2026-04-21,1059.3,1059.3,0.0,True,False
T62DB418771,2026-05,2026-05-21,1523.2,1523.2,0.0,True,False
T516D296A99,2026-05,2026-05-23,915.3,928.9,13.6,False,False
TF6199DECCB,2026-05,2026-05-20,1836.2,1889.1,52.9,False,False
TBFDD3649BD,2026-05,2026-05-20,1630.3,1644.6,14.3,False,False
T1A8F7C05C9,2026-05,2026-05-24,1393.4,1400.6,7.2,False,False
T6B4FC6C7C6,2026-05,2026-05-25,1084.5,1111.7,27.2,False,False
T6EE7490E19,2026-05,2026-05-23,1701.3,1717.0,15.7,False,False
T771EC6B537,2026-05,2026-05-21,993.2,1000.1,6.9,False,False
TA87CD37475,2026-05,2026-05-24,780.0,803.8,23.8,False,False
T00048F12E2,2026-05,2026-05-21,326.2,337.4,11.2,False,False
TDE3B85E449,2026-05,2026-05-25,1351.3,1374.3,23.0,False,False
TDFD5EF1E2B,2026-05,2026-05-25,931.2,955.5,24.3,False,False
T6BE1C12D07,2026-05,2026-05-22,3655.8,3828.4,172.6,False,False
TE17C7596F7,2026-05,2026-05-21,479.7,496.0,16.3,False,False
TF0590D064A,2026-05,2026-05-25,719.4,731.4,12.0,False,False
T0201C8273D,2026-05,2026-05-20,623.6,636.1,12.5,False,False
T416D725964,2026-05,2026-05-20,1417.6,1431.2,13.6,False,False
T592985E849,2026-05,2026-05-25,676.2,700.8,24.6,False,False
T8CFD079CB6,2026-05,2026-05-23,1834.3,1851.3,17.0,False,False
TD10A6EDCA0,2026-05,2026-05-21,1290.5,1319.4,28.9,False,False
T0CE7987E4B,2026-05,2026-05-23,2201.7,2313.7,112.0,False,False
T0F12629295,2026-05,2026-05-23,452.6,457.4,4.8,False,False
T7833B36159,2026-05,2026-05-25,974.4,999.1,24.7,False,False
T997FF51E88,2026-05,2026-05-21,1020.4,1033.1,12.7,False,False
TB0AFAFC426,2026-05,2026-05-23,2709.8,2769.8,60.0,False,False
T4B2228F178,2026-05,2026-05-24,899.7,920.6,20.9,False,False
T5D1D63651A,2026-05,2026-05-22,694.5,710.6,16.1,False,False
T005A9CE174,2026-05,2026-05-22,1476.3,1488.7,12.4,False,False
T0E572DDC2C,2026-05,2026-05-23,1213.6,1224.1,10.5,False,False
T6B4C3EB33E,2026-05,2026-05-23,1425.9,1432.2,6.3,False,False
T98621FD0F2,2026-05,2026-05-25,3706.4,3865.3,158.9,False,False
TCED7759D69,2026-05,2026-05-25,1625.7,1625.7,0.0,True,False
T148BA00559,2026-05,2026-05-24,1622.7,1664.1,41.4,False,False
T8EF8382AF5,2026-05,2026-05-20,1731.1,1744.5,13.4,False,False
T294140BCEC,2026-05,2026-05-24,715.1,745.6,30.5,False,False
T2B4ECE5F7A,2026-05,2026-05-22,669.3,692.7,23.4,False,False
TFCDB644B38,2026-05,2026-05-25,700.1,729.5,29.4,False,False
TF46C85CB55,2026-05,2026-05-20,782.9,790.6,7.7,False,False
T635E7348B0,2026-05,2026-05-22,783.3,814.0,30.7,False,False
TD950C1321E,2026-05,2026-05-21,610.6,632.0,21.4,False,False
T79F7CA1313,2026-05,2026-05-24,376.8,384.7,7.9,False,False
T1890D0D69D,2026-05,2026-05-24,1070.7,1085.7,15.0,False,False
T92ED6C6BBC,2026-05,2026-05-24,576.4,585.0,8.6,False,False
T1A234D637E,2026-05,2026-05-22,1430.3,1445.8,15.5,False,False
T0FA07C2AE6,2026-05,2026-05-25,527.3,,,False,True
T85D9327E38,2026-05,2026-05-25,1591.0,1607.1,16.1,False,False
T9B2220E701,2026-05,2026-05-25,1398.8,1426.7,27.9,False,False
T75AE25B236,2026-05,2026-05-23,1159.0,1173.1,14.1,False,False
T85C4B9E9BD,2026-05,2026-05-22,1307.4,1315.0,7.6,False,False
TAAC46C752C,2026-05,2026-05-21,1654.2,1667.0,12.8,False,True
TB5ABA37301,2026-05,2026-05-24,1240.0,1277.1,37.1,False,False
TDB1931905E,2026-05,2026-05-23,1179.2,1190.4,11.2,False,False
T8A79BCF725,2026-05,2026-05-24,1396.3,1402.6,6.3,False,False
T1383BC162C,2026-05,2026-05-25,1825.1,1845.7,20.6,False,False
TE3F34F661C,2026-05,2026-05-24,2253.8,2316.9,63.1,False,False
T945DF5CC73,2026-05,2026-05-24,1237.1,1246.2,9.1,False,False
T89289351AD,2026-05,2026-05-23,1433.6,1448.8,15.2,False,False
T3C6A8E589D,2026-05,2026-05-23,909.7,947.9,38.2,False,False
T9EDB41553F,2026-05,2026-05-25,372.8,379.2,6.4,False,False
T39FECD2D40,2026-05,2026-05-24,1153.4,1187.2,33.8,False,False
T393F331539,2026-05,2026-05-20,602.7,619.4,16.7,False,False
T44E572D176,2026-05,2026-05-21,743.2,762.0,18.8,False,False
T6A0C9518A5,2026-05,2026-05-23,1469.2,1486.0,16.8,False,False
T6F6C091F32,2026-05,2026-05-25,1595.1,1612.3,17.2,False,False
T0A7DFC3903,2026-05,2026-05-25,1775.1,1797.2,22.1,False,False
T4CA807AAAE,2026-05,2026-05-21,1160.5,1215.5,55.0,False,False
T292B036CC6,2026-05,2026-05-23,1164.3,1186.2,21.9,False,False
TF252236170,2026-05,2026-05-24,446.6,471.1,24.5,False,False
T47A88C447A,2026-05,2026-05-22,867.9,879.9,12.0,False,False
T29274E7656,2026-05,2026-05-24,630.3,648.1,17.8,False,False
TF94B3B4CEA,2026-05,2026-05-22,892.5,907.4,14.9,False,False
TD79C86593F,2026-05,2026-05-25,1370.8,1394.3,23.5,False,False
T042B2178D1,2026-05,2026-05-20,515.8,545.8,30.0,False,False
TE9E2B18053,2026-05,2026-05-23,1752.8,1827.4,74.6,False,False
T80D9A080BE,2026-05,2026-05-22,2625.5,2674.9,49.4,False,False
T580C1D0E5A,2026-05,2026-05-24,1767.7,1828.6,60.9,False,False
T262047037E,2026-05,2026-05-22,785.4,798.2,12.8,False,False
T997FBB56CB,2026-05,2026-05-21,1687.5,1702.1,14.6,False,False
T488907BADA,2026-05,2026-05-22,885.9,913.9,28.0,False,False
T959B664297,2026-05,2026-05-22,357.0,371.0,14.0,False,False
TCE4FA87780,2026-05,2026-05-22,1453.9,1467.5,13.6,False,False
T6A6F416B64,2026-05,2026-05-21,1303.1,1325.0,21.9,False,False
T5C22EC11B8,2026-05,2026-05-24,1729.7,1794.3,64.6,False,False
T132EB7CE2B,2026-05,2026-05-25,1367.7,1383.8,16.1,False,False
T011F73020E,2026-05,2026-05-21,1431.4,1455.6,24.2,False,False
T0197678D11,2026-05,2026-05-20,1530.5,1563.5,33.0,False,False
TBA58CFEBC6,2026-05,2026-05-21,1945.3,1974.9,29.6,False,False
T78A401EEAD,2026-05,2026-05-22,610.3,627.2,16.9,False,False
TE33F90B286,2026-05,2026-05-20,612.4,627.0,14.6,False,False
T761C9E26E6,2026-05,2026-05-24,700.5,715.9,15.4,False,False
T65187CE62C,2026-05,2026-05-25,1408.2,1461.0,52.8,False,False
T6DD4962896,2026-05,2026-05-21,514.3,527.9,13.6,False,False
T57E5EAB9B8,2026-05,2026-05-25,1274.4,1288.0,13.6,False,False
T0D1C506545,2026-05,2026-05-24,1049.3,1064.4,15.1,False,False
T16385BC409,2026-05,2026-05-21,470.0,481.6,11.6,False,False
T703E749B16,2026-05,2026-05-23,971.3,982.9,11.6,False,False
TE03815B898,2026-05,2026-05-20,1781.1,1798.0,16.9,False,False
T5EDC8CD764,2026-05,2026-05-20,1322.6,1336.1,13.5,False,False
T8A0E42EA46,2026-05,2026-05-25,1453.5,1467.6,14.1,False,False
T58E4665FE8,2026-05,2026-05-25,742.6,770.4,27.8,False,False
T45A3829C6C,2026-05,2026-05-22,536.0,554.2,18.2,False,False
T0F2B41D96D,2026-05,2026-05-25,922.8,973.5,50.7,False,False
T45E4DAC832,2026-05,2026-05-20,1024.0,1036.9,12.9,False,False
TB308B5DC7A,2026-05,2026-05-23,1412.1,1431.2,19.1,False,False
T5A52BDFD5B,2026-05,2026-05-20,1332.0,1339.4,7.4,False,False
T3B6195226D,2026-05,2026-05-25,807.6,826.9,19.3,False,False
TEF3ACC364D,2026-05,2026-05-22,351.9,369.8,17.9,False,False
T0E3944E1C7,2026-05,2026-05-22,1685.8,1685.8,0.0,True,False
TC5E02C2AE1,2026-05,2026-05-21,1008.5,1016.3,7.8,False,False
T9C181CA6B2,2026-05,2026-05-24,1008.3,1035.3,27.0,False,False
T46D0D9FE06,2026-05,2026-05-23,1179.9,1193.5,13.6,False,False
T3763EE0258,2026-05,2026-05-22,490.9,503.6,12.7,False,False
TB6793708AF,2026-05,2026-05-21,965.5,979.4,13.9,False,False
T02BF3919B7,2026-05,2026-05-23,1435.5,1448.6,13.1,False,False
T61903D0C08,2026-05,2026-05-20,652.0,665.1,13.1,False,False
T1540962193,2026-05,2026-05-22,2155.6,2265.4,109.8,False,False
TE8DF4BFC62,2026-05,2026-05-22,2326.6,2365.1,38.5,False,False
T97A5E4F98E,2026-05,2026-05-20,1492.3,1492.3,0.0,True,False
TB2B631F6DE,2026-05,2026-05-25,383.5,399.8,16.3,False,False
TFD4476DD46,2026-05,2026-05-25,1128.6,1158.0,29.4,False,False
T63AE43B763,2026-05,2026-05-24,1438.8,1477.8,39.0,False,False
TF7E0F3ADFA,2026-05,2026-05-20,624.5,628.3,3.8,False,False
T9F3D4A99A8,2026-05,2026-05-24,1087.3,1093.7,6.4,False,False
T3AF0CA5142,2026-05,2026-05-24,1827.7,1873.6,45.9,False,False
T525C93E294,2026-05,2026-05-20,455.3,467.5,12.2,False,False
TA60FF3309B,2026-05,2026-05-23,1390.8,1408.2,17.4,False,False
T6230F0F81A,2026-05,2026-05-20,417.5,429.2,11.7,False,False
T486DC7662A,2026-05,2026-05-22,5449.2,5697.5,248.3,False,False
T0DD0FDF0BD,2026-05,2026-05-25,974.9,998.6,23.7,False,False
T81EEF6FCD3,2026-05,2026-05-24,995.5,1010.0,14.5,False,False
T6269371CAA,2026-05,2026-05-20,1545.8,1557.0,11.2,False,False
TF7BDB30AC3,2026-05,2026-05-22,1140.0,1183.4,43.4,False,False
TC1EBE75CAC,2026-05,2026-05-23,1327.1,1355.7,28.6,False,False
T0A0805FB46,2026-05,2026-05-22,1993.6,1993.6,0.0,True,False
T7C1EBC3C4C,2026-05,2026-05-22,736.6,762.3,25.7,False,False
TFB5558315C,2026-05,2026-05-25,532.4,556.9,24.5,False,False
T4D34DCD6FE,2026-05,2026-05-20,977.1,998.6,21.5,False,False
T8F2163E1AC,2026-05,2026-05-25,1942.3,1973.4,31.1,False,False
T6D36EEA27E,2026-05,2026-05-20,463.6,479.7,16.1,False,False
TD718599337,2026-05,2026-05-22,1630.4,1681.6,51.2,False,False
TACFC1D584E,2026-05,2026-05-20,1640.3,1662.2,21.9,False,False
TE1CE4D9E5A,2026-05,2026-05-20,597.9,615.1,17.2,False,False
TEEB9050E6F,2026-05,2026-05-23,1110.5,1148.4,37.9,False,False
T266175A7E1,2026-05,2026-05-23,1828.2,1858.9,30.7,False,False
T188F8436EB,2026-05,2026-05-25,634.3,648.2,13.9,False,False
TBF5EF4019A,2026-05,2026-05-24,1001.4,1012.2,10.8,False,False
TF8038E3438,2026-05,2026-05-20,892.6,906.1,13.5,False,False
T14A35B501D,2026-05,2026-05-20,1622.9,1667.2,44.3,False,False
TACA1F6575E,2026-05,2026-05-20,278.9,292.0,13.1,False,False
T425CF74F89,2026-05,2026-05-22,1007.8,1010.4,2.6,False,False
T7E561E41DF,2026-05,2026-05-25,1799.3,1821.7,22.4,False,False
TAE21909B09,2026-05,2026-05-25,787.5,799.3,11.8,False,False
TA49FD77129,2026-05,2026-05-21,1651.6,1689.5,37.9,False,False
T83C53CBDE3,2026-05,2026-05-24,1160.0,1186.0,26.0,False,False
T8989E9F3E0,2026-05,2026-05-24,1522.9,1555.3,32.4,False,False
T0E868A3F47,2026-05,2026-05-25,1913.0,1933.3,20.3,False,False
TAA4A146A6F,2026-05,2026-05-25,1124.7,1138.9,14.2,False,False
T929701588B,2026-05,2026-05-21,733.9,741.6,7.7,False,False
TCBA87E8F93,2026-05,2026-05-22,1774.5,1794.7,20.2,False,False
T71B2CE98BC,2026-05,2026-05-23,1967.8,1998.0,30.2,False,False
T3104E606FB,2026-05,2026-05-23,1775.4,1796.1,20.7,False,False
TC9C584B8EF,2026-05,2026-05-21,802.4,821.2,18.8,False,False
T42EAACA5A6,2026-05,2026-05-25,682.5,702.7,20.2,False,False
T27CD292019,2026-05,2026-05-23,1821.8,1845.9,24.1,False,False
T2631941D4D,2026-05,2026-05-23,1911.3,1930.3,19.0,False,False
TD6D0D046B5,2026-05,2026-05-21,523.3,531.0,7.7,False,False
T930BCF26DA,2026-05,2026-05-22,1770.2,1789.8,19.6,False,False
T7A263D97A8,2026-05,2026-05-24,588.1,147.1205496453838,20.2,False,False
T84CC232045,2026-05,2026-05-21,1224.6,1236.7,12.1,False,False
T1F7089E5B3,2026-05,2026-05-25,1700.2,1726.5,26.3,False,False
T6DD01C39D7,2026-05,2026-05-20,1683.7,1714.3,30.6,False,False
TE3814F5946,2026-05,2026-05-24,1243.4,1256.0,12.6,False,False
T260F6D657D,2026-05,2026-05-21,1828.7,1848.4,19.7,False,False
TF9F158A927,2026-05,2026-05-24,1056.2,1084.3,28.1,False,False
T2A78E596A5,2026-05,2026-05-24,867.1,890.0,22.9,False,False
T48829C6681,2026-05,2026-05-20,1002.6,1022.9,20.3,False,False
T5446AB5D4F,2026-05,2026-05-23,1562.4,1575.3,12.9,False,False
T6FEE2A0A85,2026-05,2026-05-25,512.6,525.2,12.6,False,False
T37BA3005AD,2026-05,2026-05-22,1488.4,1516.7,28.3,False,False
T599538981A,2026-05,2026-05-21,1881.9,1966.6,84.7,False,False
TC1FE3D7E79,2026-05,2026-05-22,1405.1,1427.8,22.7,False,False
TAB633F4546,2026-05,2026-05-20,547.7,566.0,18.3,False,False
TEF123948C4,2026-05,2026-05-23,795.8,805.5,9.7,False,False
T50EA3E30B0,2026-05,2026-05-22,1336.7,1350.7,14.0,False,False
T10E8B50E63,2026-05,2026-05-24,1786.4,1828.1,41.7,False,False
T75445AB825,2026-05,2026-05-20,1379.0,1397.7,18.7,False,False
T9AEC04CEE6,2026-05,2026-05-23,401.6,416.2,14.6,False,False
TE59C7E0558,2026-05,2026-05-22,580.5,594.3,13.8,False,False
T017F5CC857,2026-05,2026-05-22,1735.2,1756.5,21.3,False,False
T5740214D00,2026-05,2026-05-20,542.8,549.9,7.1,False,False
TA54FDBC969,2026-05,2026-05-22,1560.0,1606.5,46.5,False,False
T79348D1D8C,2026-05,2026-05-25,1598.3,1677.8,79.5,False,False
T0C38B9638D,2026-05,2026-05-21,1353.8,1353.8,0.0,True,False
TF8CD7DEDDA,2026-05,2026-05-24,1047.0,1071.3,24.3,False,False
TD4AA44C620,2026-05,2026-05-21,1029.7,1046.6,16.9,False,False
TBA22021045,2026-05,2026-05-22,1622.9,1681.5,58.6,False,False
TAE4991C39A,2026-05,2026-05-23,1744.0,1765.3,21.3,False,False
T926427EC22,2026-05,2026-05-24,932.1,952.9,20.8,False,False
T03F3726F54,2026-05,2026-05-23,1182.9,1199.4,16.5,False,False
T9C5C1B51E6,2026-05,2026-05-20,582.5,606.2,23.7,False,False
TAB67F85714,2026-05,2026-05-23,1889.1,1911.0,21.9,False,False
T021E4A2B45,2026-05,2026-05-21,795.0,815.2,20.2,False,False
T9C284C6EDE,2026-05,2026-05-24,1775.0,1798.1,23.1,False,False
TE5AE06739E,2026-05,2026-05-21,448.8,470.3,21.5,False,False
T01F422D988,2026-05,2026-05-24,1711.4,1725.6,14.2,False,False
T812E69DF24,2026-05,2026-05-21,1803.7,1865.8,62.1,False,False
T1753290875,2026-05,2026-05-24,1667.9,1685.9,18.0,False,False
T6453265506,2026-05,2026-05-23,3975.7,4121.8,146.1,False,False
T3DCE54CBCD,2026-05,2026-05-21,408.5,420.8,12.3,False,False
T25A59C1230,2026-05,2026-05-25,654.7,654.7,0.0,True,False
T7149DBE7E7,2026-05,2026-05-23,1539.3,1575.2,35.9,False,False
T17B01CE93D,2026-05,2026-05-24,1588.6,1601.2,12.6,False,False
T2A7B7C0706,2026-05,2026-05-23,1579.3,1597.2,17.9,False,False
TA2A12750E0,2026-05,2026-05-21,697.2,710.8,13.6,False,False
TCDF5CCF9D1,2026-05,2026-05-25,1949.7,1972.6,22.9,False,False
T136877D852,2026-05,2026-05-20,1456.2,1481.5,25.3,False,False
TD93E7F3525,2026-05,2026-05-23,1397.7,1408.7,11.0,False,False
T9E698DAD97,2026-05,2026-05-21,586.4,607.4,21.0,False,False
TA7CD008CD2,2026-05,2026-05-24,1736.1,1777.6,41.5,False,False
TB5E2F0D295,2026-05,2026-05-25,1149.5,1167.5,18.0,False,False
T886651EB56,2026-05,2026-05-24,2034.3,2060.0,25.7,False,False
T726E26C014,2026-05,2026-05-24,594.8,604.3,9.5,False,False
T47801013F9,2026-05,2026-05-22,505.5,524.2,18.7,False,False
T7B44E5C01C,2026-05,2026-05-22,1195.4,1199.6,4.2,False,False
T06E1B5C91E,2026-05,2026-05-21,856.4,871.8,15.4,False,False
TBD7AFAA9AB,2026-05,2026-05-21,1445.5,1468.4,22.9,False,False
T3A8AE15DE9,2026-05,2026-05-23,1194.6,1207.6,13.0,False,False
T90FCBE8560,2026-05,2026-05-21,1441.3,1458.5,17.2,False,False
T6B76BCDCC8,2026-05,2026-05-25,2508.6,2574.0,65.4,False,False
T6B61D786E8,2026-05,2026-05-20,1205.6,1223.1,17.5,False,False
TD8B8E83F9D,2026-05,2026-05-21,1551.6,1568.6,17.0,False,False
T353F39960E,2026-05,2026-05-22,563.0,570.4,7.4,False,False
TC44518846F,2026-05,2026-05-23,574.5,593.9,19.4,False,False
T3DBD424B8F,2026-05,2026-05-24,797.7,809.8,12.1,False,False
TB8E4E6CA4C,2026-05,2026-05-23,1339.9,1374.4,34.5,False,False
T54630B6404,2026-05,2026-05-25,576.1,597.0,20.9,False,False
T71623730B1,2026-05,2026-05-25,1300.8,1312.9,12.1,False,False
T7436A106AE,2026-05,2026-05-23,585.4,596.4,11.0,False,False
T6191B8FD69,2026-05,2026-05-21,1318.2,1331.7,13.5,False,False
TBA7727A83B,2026-05,2026-05-22,653.7,668.5,14.8,False,False
T66B24DDB8C,2026-05,2026-05-20,1838.0,1838.0,0.0,True,False
T0EAA0EDBAF,2026-05,2026-05-25,1206.5,1250.1,43.6,False,False
TDCBC842E3A,2026-05,2026-05-23,889.3,889.3,0.0,True,False
T305BACE840,2026-05,2026-05-21,1032.3,1050.4,18.1,False,False
TAD0E244201,2026-05,2026-05-21,1410.9,1435.2,24.3,False,False
T824A68B378,2026-05,2026-05-24,1344.4,1353.6,9.2,False,False
T9F72B39B89,2026-05,2026-05-20,812.9,822.8,9.9,False,False
T0380D1AD85,2026-05,2026-05-20,1344.0,1369.2,25.2,False,False
TD58AFBB420,2026-05,2026-05-25,2614.1,2673.5,59.4,False,False
TB1A6FA6009,2026-05,2026-05-20,548.7,568.2,19.5,False,False
TB95EB354D9,2026-05,2026-05-25,1354.4,1380.9,26.5,False,False
T6EBEC2B9E3,2026-05,2026-05-24,732.7,747.1,14.4,False,False
TCBAFB86C54,2026-05,2026-05-22,1735.2,1747.2,12.0,False,False
T2D884BEE59,2026-05,2026-05-20,1525.5,1571.0,45.5,False,True
T81E3CAC404,2026-05,2026-05-21,1458.9,1469.7,10.8,False,False
TB13246DF04,2026-05,2026-05-20,2727.8,2799.5,71.7,False,False
T38FC29870C,2026-05,2026-05-25,1038.9,1050.6,11.7,False,False
T0B952300A6,2026-05,2026-05-24,1342.4,1362.8,20.4,False,False
T592EE5AE5A,2026-05,2026-05-20,685.2,698.9,13.7,False,False
T8AB7B992DC,2026-05,2026-05-23,1690.4,1700.2,9.8,False,False
TE13531501B,2026-05,2026-05-23,410.6,421.2,10.6,False,False
T603C6A7DDF,2026-05,2026-05-25,2346.1,2435.2,89.1,False,False
T9B1CF87E17,2026-05,2026-05-23,838.8,858.5,19.7,False,False
T7E47E27FFB,2026-05,2026-05-20,1241.3,1255.2,13.9,False,False
T2FE3E18EED,2026-05,2026-05-23,1221.4,1235.6,14.2,False,False
T518FD2CD05,2026-05,2026-05-20,961.6,978.8,17.2,False,False
TCA03B52F53,2026-05,2026-05-22,520.6,535.4,14.8,False,False
TC97F0C81C8,2026-05,2026-05-24,3535.4,3678.6,143.2,False,False
T5825BB17FC,2026-05,2026-05-20,1279.5,1321.4,41.9,False,False
TC5E185C6E8,2026-05,2026-05-20,353.9,369.8,15.9,False,False
TEAD9E81003,2026-05,2026-05-23,1028.8,1047.7,18.9,False,False
TE23D5A574A,2026-05,2026-05-23,1017.8,1030.7,12.9,False,False
T04048D53A3,2026-05,2026-05-23,775.9,784.0,8.1,False,False
TE1AA9E77A7,2026-05,2026-05-25,988.2,994.2,6.0,False,False
TC54C99BA73,2026-05,2026-05-22,1203.0,1246.0,43.0,False,False
T013C0F8B57,2026-05,2026-05-21,1509.2,1528.4,19.2,False,False
T3C23C0A42C,2026-05,2026-05-24,1239.1,1260.3,21.2,False,False
TEDB2598366,2026-05,2026-05-21,1317.6,1332.3,14.7,False,False
T03D524AC98,2026-05,2026-05-22,1632.3,1648.4,16.1,False,False
T9B658694D7,2026-05,2026-05-25,920.8,953.8,33.0,False,False
T827DB403EF,2026-05,2026-05-24,1049.6,1052.8,3.2,False,False
TD5960FA89C,2026-05,2026-05-23,1413.3,1433.7,20.4,False,False
TEB9CD6778B,2026-05,2026-05-21,1631.8,1652.4,20.6,False,False
TCFB896C903,2026-05,2026-05-21,822.3,836.2,13.9,False,False
T4EBE5132B6,2026-05,2026-05-21,1078.5,1137.4,58.9,False,True
TD6D7800440,2026-05,2026-05-23,1565.1,1581.1,16.0,False,False
TB1AE49FA20,2026-05,2026-05-21,645.9,657.9,12.0,False,False
TF4940B0970,2026-05,2026-05-23,1271.2,1287.6,16.4,False,False
T6492EC951E,2026-05,2026-05-22,1269.9,1337.6,67.7,False,False
T5B2FD74A85,2026-05,2026-05-25,1636.6,1656.5,19.9,False,False
TCF1A6CDF80,2026-05,2026-05-25,597.1,615.5,18.4,False,False
TBA965CD37E,2026-05,2026-05-25,426.1,439.8,13.7,False,False
T8917AF33E8,2026-05,2026-05-25,1697.7,1787.8,90.1,False,False
T4F696F6C0E,2026-05,2026-05-25,544.7,559.1,14.4,False,False
TFB9BD0FCA4,2026-05,2026-05-21,2071.5,2110.1,38.6,False,False
T6372E1147F,2026-05,2026-05-23,1303.0,1322.5,19.5,False,False
T8B4FC280C2,2026-05,2026-05-23,586.6,605.9,19.3,False,False
T0AF0DD2FE5,2026-05,2026-05-20,1129.1,1145.2,16.1,False,False
T9BABD62590,2026-05,2026-05-22,1853.8,1853.8,0.0,True,False
TBBD0028CDB,2026-05,2026-05-20,1006.4,1024.7,18.3,False,False
T30E453AB34,2026-05,2026-05-24,1105.2,1121.3,16.1,False,False
T7DC59256DC,2026-05,2026-05-23,929.3,959.8,30.5,False,False
TCC371206BC,2026-05,2026-05-20,604.2,616.3,12.1,False,False
TDEF092A4C5,2026-05,2026-05-24,1528.2,1541.6,13.4,False,False
TE13FCEC631,2026-05,2026-05-21,1205.6,1226.2,20.6,False,False
T7C3F6A8162,2026-05,2026-05-21,1614.9,1642.0,27.1,False,False
T0F4A3A74ED,2026-05,2026-05-20,1009.9,1035.8,25.9,False,False
T5BEF82BC17,2026-05,2026-05-23,1474.8,1492.9,18.1,False,False
T07AC5856A4,2026-05,2026-05-25,710.1,726.0,15.9,False,False
T0185184B59,2026-05,2026-05-21,1307.9,1318.3,10.4,False,False
T79F8E1FAE8,2026-05,2026-05-24,403.3,423.3,20.0,False,False
T4D40D256FE,2026-05,2026-05-22,1294.7,1329.0,34.3,False,False
TE74495FCDD,2026-05,2026-05-20,1646.8,1658.9,12.1,False,False
TAD9ED625D1,2026-05,2026-05-22,1599.2,1619.2,20.0,False,False
TE7328B9E12,2026-05,2026-05-21,675.4,682.7,7.3,False,False
T5FC1C50126,2026-05,2026-05-21,1434.1,1456.8,22.7,False,False
T203C71CAC2,2026-05,2026-05-22,1801.2,1824.5,23.3,False,False
T1D1F227112,2026-05,2026-05-21,878.5,901.1,22.6,False,False
TF62BDC6E96,2026-05,2026-05-24,1787.9,1787.9,0.0,True,False
T5D35014BC6,2026-05,2026-05-21,1676.5,1685.2,8.7,False,False
T9C80DA594D,2026-05,2026-05-25,774.2,786.2,12.0,False,False
T575100FEE6,2026-05,2026-05-23,779.9,809.2,29.3,False,False
TFF833858D4,2026-05,2026-05-22,1733.4,1748.5,15.1,False,False
T44C452513D,2026-05,2026-05-23,965.9,986.8,20.9,False,False
TC11C4F89B7,2026-05,2026-05-23,642.9,666.8,23.9,False,False
T519E11C12F,2026-05,2026-05-20,389.4,407.0,17.6,False,False
T1D1C3809AD,2026-05,2026-05-20,1494.1,1545.1,51.0,False,False
T2F89E8ED6F,2026-05,2026-05-25,1577.9,1577.9,0.0,True,False
TED624C9B29,2026-05,2026-05-24,1537.1,1563.4,26.3,False,False
T80599540B9,2026-05,2026-05-23,661.8,696.2,34.4,False,False
T99F86EAA03,2026-05,2026-05-23,1140.1,1167.5,27.4,False,False
T48E474E620,2026-05,2026-05-24,1490.0,1512.3,22.3,False,False
T62F138B69F,2026-05,2026-05-21,1586.7,1604.3,17.6,False,False
T0ABCC73F5F,2026-05,2026-05-23,1443.0,1454.6,11.6,False,False
T451A03E5F4,2026-05,2026-05-23,1251.1,1299.1,48.0,False,False
T28A5C3A212,2026-05,2026-05-21,1003.1,1012.0,8.9,False,False
T9BF23AC92B,2026-05,2026-05-25,1208.5,1230.1,21.6,False,False
T8D847ABAD5,2026-05,2026-05-24,973.1,984.7,11.6,False,False
T79AD100612,2026-05,2026-05-21,1407.0,1433.7,26.7,False,False
T595C48877B,2026-05,2026-05-20,1289.0,1311.0,22.0,False,False
T7E1F631507,2026-05,2026-05-22,493.4,509.2,15.8,False,False
T7CEE29F570,2026-05,2026-05-24,563.1,574.0,10.9,False,False
TB28F8F08F4,2026-05,2026-05-21,928.0,942.6,14.6,False,False
T741A1119FA,2026-05,2026-05-20,712.1,735.5,23.4,False,False
T26862D1A4A,2026-05,2026-05-21,2254.0,2293.5,39.5,False,False
TCB96D14BFD,2026-05,2026-05-21,785.3,804.1,18.8,False,False
TF07D19AE17,2026-05,2026-05-25,893.1,953.1,60.0,False,False
T7AE1E63696,2026-05,2026-05-22,1592.1,1609.0,16.9,False,False
TEA687BEEC8,2026-05,2026-05-21,657.3,670.2,12.9,False,False
T5C97BD73CE,2026-05,2026-05-25,1748.2,1770.1,21.9,False,False
T64DF103F27,2026-05,2026-05-20,517.2,530.9,13.7,False,False
T962D5133B5,2026-05,2026-05-23,1505.1,1529.2,24.1,False,False
TFAE2AFD636,2026-05,2026-05-20,1526.0,1536.0,10.0,False,False
T8237A9AE83,2026-05,2026-05-22,675.3,692.1,16.8,False,False
T124789ED12,2026-05,2026-05-23,966.5,973.5,7.0,False,False
T77D8F1F07B,2026-05,2026-05-23,1629.4,1684.2,54.8,False,False
T88E01EE6A9,2026-05,2026-05-23,966.9,991.3,24.4,False,False
TCCA2F0E6D1,2026-05,2026-05-20,719.1,734.7,15.6,False,False
TE7C4074532,2026-05,2026-05-23,778.3,814.3,36.0,False,False
TE08ACE6D71,2026-05,2026-05-24,1794.4,1823.2,28.8,False,False
TF5AB4BC37D,2026-05,2026-05-23,768.8,785.9,17.1,False,False
T31A37C291B,2026-05,2026-05-20,319.6,332.8,13.2,False,False
T85072A41C6,2026-05,2026-05-25,1487.8,1500.4,12.6,False,False
T3DB8E8C91B,2026-05,2026-05-23,1217.6,1236.4,18.8,False,False
T1F21C0A526,2026-05,2026-05-25,672.0,672.0,0.0,True,False
TC653350390,2026-05,2026-05-20,1560.5,1575.4,14.9,False,False
TF357DF2C85,2026-05,2026-05-25,946.5,971.2,24.7,False,False
TC2B54F643A,2026-05,2026-05-22,555.6,574.2,18.6,False,False
T62A907AFA1,2026-05,2026-05-23,776.1,788.8,12.7,False,False
T9B926E1A60,2026-05,2026-05-23,980.9,980.9,0.0,True,False
T95A557D58C,2026-05,2026-05-20,4280.1,4421.9,141.8,False,False
T4FD73F8DF8,2026-05,2026-05-23,391.7,405.4,13.7,False,False
TAA9E781779,2026-05,2026-05-22,1293.8,1306.1,12.3,False,False
T5AB667FA59,2026-05,2026-05-20,1554.9,1577.1,22.2,False,False
T2FB8838715,2026-05,2026-05-25,1755.6,1778.5,22.9,False,False
TDC0B728E72,2026-05,2026-05-23,1873.2,1950.4,77.2,False,False
T500E1E73A5,2026-05,2026-05-20,1066.6,1083.4,16.8,False,False
T518D652731,2026-05,2026-05-24,969.7,994.6,24.9,False,False
T5F78380FF1,2026-05,2026-05-23,1064.0,1080.1,16.1,False,False
T2269F4C04A,2026-05,2026-05-24,1918.9,1953.1,34.2,False,False
T75D0C6EEF9,2026-05,2026-05-23,3720.9,3877.4,156.5,False,False
T08C84C6180,2026-05,2026-05-20,627.9,649.8,21.9,False,False
TBE3328794F,2026-05,2026-05-24,1154.5,1166.5,12.0,False,False
T7BF732B1D4,2026-05,2026-05-24,1350.5,1371.6,21.1,False,False
T680C591820,2026-05,2026-05-25,1241.7,1248.2,6.5,False,False
T87B30A11CA,2026-05,2026-05-24,1681.6,1697.4,15.8,False,False
T2C69DDD554,2026-05,2026-05-21,1666.1,1724.1,58.0,False,False
TB5DCDB3D2B,2026-05,2026-05-23,1473.8,1483.7,9.9,False,False
TF1BF705581,2026-05,2026-05-20,1039.4,1068.1,28.7,False,False
T7861C2062B,2026-05,2026-05-22,2229.7,2263.4,33.7,False,False
T3E7A117328,2026-05,2026-05-20,635.2,657.2,22.0,False,False
T626DE7D352,2026-05,2026-05-20,2206.7,2254.3,47.6,False,False
T30CED3EF6B,2026-05,2026-05-25,1325.9,1351.2,25.3,False,False
T6F621D315F,2026-05,2026-05-23,631.1,667.3,36.2,False,False
T5AEAFABEEB,2026-05,2026-05-22,1205.2,1219.6,14.4,False,False
T6E1A658692,2026-05,2026-05-21,864.7,887.8,23.1,False,False
TDFD739AFF7,2026-05,2026-05-20,1606.7,1626.8,20.1,False,False
T0E7497BE87,2026-05,2026-05-20,467.4,481.8,14.4,False,False
T63245D9338,2026-05,2026-05-23,672.8,706.3,33.5,False,False
T2FC1A9FEB9,2026-05,2026-05-20,685.9,708.6,22.7,False,False
TE5572E3B77,2026-05,2026-05-25,1602.5,1611.2,8.7,False,False
T93AE74FC8C,2026-05,2026-05-23,1181.8,1202.8,21.0,False,False
TCE4F3C1854,2026-05,2026-05-25,2234.6,2287.0,52.4,False,False
T623FDA0FEC,2026-05,2026-05-20,1104.7,1124.9,20.2,False,False
T6FCD9FC327,2026-05,2026-05-22,543.4,554.8,11.4,False,False
T26D49D2B10,2026-05,2026-05-21,1517.1,1546.0,28.9,False,False
T6B0F45148F,2026-05,2026-05-25,2550.0,2550.0,0.0,True,False
T5DA6DABC22,2026-05,2026-05-21,872.0,885.9,13.9,False,False
T4C0FAA9237,2026-05,2026-05-22,1233.9,1255.6,21.7,False,False
T629B85F6AE,2026-05,2026-05-21,1710.0,1738.7,28.7,False,False
TE6221DA147,2026-05,2026-05-22,1010.5,1023.1,12.6,False,False
T7092CB932F,2026-05,2026-05-23,1641.7,1665.9,24.2,False,False
T38F3AD60D6,2026-05,2026-05-20,764.4,786.8,22.4,False,False
T051D6304AA,2026-05,2026-05-23,1271.9,1285.4,13.5,False,False
T1677509027,2026-05,2026-05-21,768.0,793.2,25.2,False,False
TCE43CAAFDD,2026-05,2026-05-23,1213.4,1233.9,20.5,False,False
TD6051C60DD,2026-05,2026-05-20,1829.4,1873.7,44.3,False,False
TD81C7B0AC7,2026-05,2026-05-20,1720.2,1744.9,24.7,False,False
TEB9B6A4FBC,2026-05,2026-05-22,1104.6,1124.6,20.0,False,False
T8E67D26322,2026-05,2026-05-21,1920.6,1946.8,26.2,False,False
T0E8259349E,2026-05,2026-05-21,504.3,522.1,17.8,False,False
TEC586A8374,2026-05,2026-05-24,1207.6,1221.5,13.9,False,False
T1E40F3A239,2026-05,2026-05-22,1260.7,1276.5,15.8,False,False
T716C530DED,2026-05,2026-05-22,835.7,861.1,25.4,False,False
T7562476AEF,2026-05,2026-05-20,1924.2,1954.3,30.1,False,False
TB460453C4D,2026-05,2026-05-22,542.0,563.7,21.7,False,False
T4A69C0BA6F,2026-05,2026-05-25,843.4,865.5,22.1,False,False
TB3006B8F03,2026-05,2026-05-25,969.9,985.6,15.7,False,False
TED3E393477,2026-05,2026-05-25,1894.5,1924.3,29.8,False,False
TA014F1FF15,2026-05,2026-05-21,1390.9,1406.5,15.6,False,False
T08D24C843D,2026-05,2026-05-20,709.4,737.1,27.7,False,False
T328C38D103,2026-05,2026-05-22,1910.4,1936.1,25.7,False,False
T5D52776F44,2026-05,2026-05-25,582.0,593.6,11.6,False,False
T350C7F0CAD,2026-05,2026-05-21,704.3,718.2,13.9,False,False
TE4BF83F9A5,2026-05,2026-05-22,1853.0,1887.8,34.8,False,False
T363192FB18,2026-05,2026-05-25,1357.4,1378.8,21.4,False,False
TE7D390D6E1,2026-05,2026-05-22,1252.0,1252.0,0.0,True,False
TEAED0D702E,2026-05,2026-05-21,1232.0,1253.9,21.9,False,False
T76D2631BBE,2026-05,2026-05-23,1509.8,1526.9,17.1,False,False
T41D9DAD65E,2026-05,2026-05-25,828.6,845.8,17.2,False,False
T4FB688BCF2,2026-05,2026-05-24,1413.6,1433.4,19.8,False,False
T49C247A691,2026-05,2026-05-21,895.3,915.0,19.7,False,False
TAD97E4B580,2026-05,2026-05-21,599.8,618.4,18.6,False,False
TA6D3C701E5,2026-05,2026-05-20,579.5,600.7,21.2,False,False
T1629374829,2026-05,2026-05-22,1337.1,1373.4,36.3,False,False
TE380DFCDD5,2026-05,2026-05-21,1383.1,1402.7,19.6,False,False
TC71E645A97,2026-05,2026-05-21,1064.2,1079.7,15.5,False,False
T3B2D063348,2026-05,2026-05-20,508.7,517.2,8.5,False,False
T6B0703F297,2026-05,2026-05-20,1236.5,1255.0,18.5,False,False
T2442BBD224,2026-05,2026-05-23,927.8,941.1,13.3,False,False
T94AEE9D59A,2026-05,2026-05-21,1169.7,1169.7,0.0,True,False
TC36C8FB548,2026-05,2026-05-20,1550.2,1561.6,11.4,False,False
TEA6C60108F,2026-05,2026-05-22,2253.7,2300.5,46.8,False,False
T5D0DA4A5A3,2026-05,2026-05-25,1143.8,1170.6,26.8,False,False
TCE2F3968A5,2026-05,2026-05-23,1220.2,1244.0,23.8,False,False
T3290CE40ED,2026-05,2026-05-23,1788.3,1820.0,31.7,False,False
TFF800A383C,2026-05,2026-05-22,1341.0,1359.3,18.3,False,False
T43D369AD4F,2026-05,2026-05-23,992.2,1010.4,18.2,False,False
T2558B25F4A,2026-05,2026-05-20,348.4,362.6,14.2,False,False
TF2D53B5266,2026-05,2026-05-20,1659.8,1677.8,18.0,False,False
T46E626FB09,2026-05,2026-05-20,576.2,593.4,17.2,False,False
T7E0A59EC74,2026-05,2026-05-25,509.3,518.2,8.9,False,False
TDB77C6E5BA,2026-05,2026-05-20,805.7,822.8,17.1,False,False
TB2420A8657,2026-05,2026-05-20,1294.8,1306.5,11.7,False,False
TB1246EBDB6,2026-05,2026-05-21,738.4,745.3,6.9,False,False
T8C8BD1D187,2026-05,2026-05-25,1641.8,1667.3,25.5,False,False
T9A87FD75BB,2026-05,2026-05-23,783.8,803.1,19.3,False,False
T7220DB253B,2026-05,2026-05-22,975.3,994.5,19.2,False,False
T024582A041,2026-05,2026-05-25,1851.6,1897.5,45.9,False,False
TA3D7EB0EB6,2026-05,2026-05-23,1434.8,1437.3,2.5,False,False
T980F08905D,2026-05,2026-05-23,1554.5,1571.0,16.5,False,False
T0070991C4A,2026-05,2026-05-23,633.2,650.8,17.6,False,False
TE62F9D24A2,2026-05,2026-05-23,1100.9,1136.1,35.2,False,False
T660F58D22C,2026-05,2026-05-23,1565.3,1585.8,20.5,False,False
TC9C59FD3C0,2026-05,2026-05-21,1605.9,1620.7,14.8,False,False
TC85BCF4679,2026-05,2026-05-22,982.0,,,False,False
T711A4FB3DC,2026-05,2026-05-23,1407.1,1416.0,8.9,False,False
TDA01857472,2026-05,2026-05-24,759.9,766.9,7.0,False,False
T593C7D2F36,2026-05,2026-05-24,1117.5,1128.4,10.9,False,False
TAD1B3ECAF6,2026-05,2026-05-25,1059.3,1084.7,25.4,False,False
T62DB418771,2026-06,2026-06-21,1523.2,1548.6,25.4,False,False
T516D296A99,2026-06,2026-06-21,928.9,937.8,8.9,False,False
TF6199DECCB,2026-06,2026-06-22,1889.1,1938.6,49.5,False,False
TBFDD3649BD,2026-06,2026-06-24,1644.6,1664.4,19.8,False,False
T1A8F7C05C9,2026-06,2026-06-23,1400.6,1409.7,9.1,False,False
T6B4FC6C7C6,2026-06,2026-06-22,1111.7,1138.8,27.1,False,False
T6EE7490E19,2026-06,2026-06-25,1717.0,1733.7,16.7,False,False
T771EC6B537,2026-06,2026-06-20,1000.1,1006.4,6.3,False,False
TA87CD37475,2026-06,2026-06-20,803.8,833.4,29.6,False,False
T00048F12E2,2026-06,2026-06-20,337.4,351.3,13.9,False,False
TDE3B85E449,2026-06,2026-06-22,1374.3,1392.4,18.1,False,False
TDFD5EF1E2B,2026-06,2026-06-23,955.5,975.3,19.8,False,False
T6BE1C12D07,2026-06,2026-06-20,3828.4,3828.4,0.0,True,False
TE17C7596F7,2026-06,2026-06-25,496.0,511.1,15.1,False,False
TF0590D064A,2026-06,2026-06-20,731.4,744.7,13.3,False,False
T0201C8273D,2026-06,2026-06-23,636.1,646.1,10.0,False,False
T416D725964,2026-06,2026-06-21,1431.2,1448.1,16.9,False,False
T592985E849,2026-06,2026-06-23,700.8,733.0,32.2,False,False
T8CFD079CB6,2026-06,2026-06-20,1851.3,1864.7,13.4,False,False
TD10A6EDCA0,2026-06,2026-06-23,1319.4,1345.1,25.7,False,False
T0CE7987E4B,2026-06,2026-06-21,2313.7,2418.8,105.1,False,False
T0F12629295,2026-06,2026-06-24,457.4,461.4,4.0,False,False
T7833B36159,2026-06,2026-06-21,999.1,1014.1,15.0,False,False
T997FF51E88,2026-06,2026-06-20,1033.1,1044.7,11.6,False,False
TB0AFAFC426,2026-06,2026-06-25,2769.8,2895.0,125.2,False,True
T4B2228F178,2026-06,2026-06-23,920.6,942.7,22.1,False,False
T5D1D63651A,2026-06,2026-06-23,710.6,735.3,24.7,False,False
T005A9CE174,2026-06,2026-06-20,1488.7,422.22601692248315,11.8,False,False
T0E572DDC2C,2026-06,2026-06-22,1224.1,1233.8,9.7,False,False
T6B4C3EB33E,2026-06,2026-06-20,1432.2,1439.4,7.2,False,False
T98621FD0F2,2026-06,2026-06-23,3865.3,4062.3,197.0,False,False
TCED7759D69,2026-06,2026-06-25,1625.7,1648.9,23.2,False,False
T148BA00559,2026-06,2026-06-24,1664.1,1688.1,24.0,False,False
T8EF8382AF5,2026-06,2026-06-24,1744.5,1757.6,13.1,False,False
T294140BCEC,2026-06,2026-06-22,745.6,768.9,23.3,False,False
T2B4ECE5F7A,2026-06,2026-06-25,692.7,714.6,21.9,False,False
TFCDB644B38,2026-06,2026-06-22,729.5,748.9,19.4,False,False
TF46C85CB55,2026-06,2026-06-25,790.6,799.4,8.8,False,False
T635E7348B0,2026-06,2026-06-22,814.0,841.9,27.9,False,False
TD950C1321E,2026-06,2026-06-21,632.0,652.4,20.4,False,False
T79F7CA1313,2026-06,2026-06-22,384.7,393.3,8.6,False,False
T1890D0D69D,2026-06,2026-06-24,1085.7,1100.8,15.1,False,False
T92ED6C6BBC,2026-06,2026-06-23,585.0,591.8,6.8,False,False
T1A234D637E,2026-06,2026-06-23,1445.8,1464.8,19.0,False,False
T0FA07C2AE6,2026-06,2026-06-20,540.9,562.2,21.3,False,True
T85D9327E38,2026-06,2026-06-24,1607.1,1622.5,15.4,False,False
T9B2220E701,2026-06,2026-06-20,1426.7,1447.6,20.9,False,False
T75AE25B236,2026-06,2026-06-20,1173.1,1173.1,0.0,True,False
T85C4B9E9BD,2026-06,2026-06-24,1315.0,1325.5,10.5,False,False
TAAC46C752C,2026-06,2026-06-23,1667.0,1692.4,25.4,False,True
TB5ABA37301,2026-06,2026-06-20,1277.1,1302.3,25.2,False,False
TDB1931905E,2026-06,2026-06-25,1190.4,1203.8,13.4,False,False
T8A79BCF725,2026-06,2026-06-23,1402.6,1407.9,5.3,False,False
T1383BC162C,2026-06,2026-06-24,1845.7,1862.7,17.0,False,False
TE3F34F661C,2026-06,2026-06-25,2316.9,2394.5,77.6,False,False
T945DF5CC73,2026-06,2026-06-22,1246.2,1255.7,9.5,False,False
T89289351AD,2026-06,2026-06-21,1448.8,1464.6,15.8,False,False
T3C6A8E589D,2026-06,2026-06-22,947.9,974.6,26.7,False,False
T9EDB41553F,2026-06,2026-06-20,379.2,386.5,7.3,False,False
T39FECD2D40,2026-06,2026-06-24,1187.2,1187.2,0.0,True,False
T393F331539,2026-06,2026-06-23,619.4,632.2,12.8,False,False
T44E572D176,2026-06,2026-06-22,762.0,783.1,21.1,False,False
T6A0C9518A5,2026-06,2026-06-22,1486.0,1498.8,12.8,False,False
T6F6C091F32,2026-06,2026-06-21,1612.3,1626.6,14.3,False,False
T0A7DFC3903,2026-06,2026-06-22,1797.2,1824.8,27.6,False,False
T4CA807AAAE,2026-06,2026-06-20,1215.5,1215.5,0.0,True,False
T292B036CC6,2026-06,2026-06-24,1186.2,1201.9,15.7,False,False
TF252236170,2026-06,2026-06-22,471.1,495.2,24.1,False,False
T47A88C447A,2026-06,2026-06-21,879.9,890.8,10.9,False,False
T29274E7656,2026-06,2026-06-23,648.1,667.8,19.7,False,False
TF94B3B4CEA,2026-06,2026-06-22,907.4,925.8,18.4,False,False
TD79C86593F,2026-06,2026-06-21,1394.3,1415.8,21.5,False,False
T042B2178D1,2026-06,2026-06-25,545.8,570.8,25.0,False,False
TE9E2B18053,2026-06,2026-06-22,1827.4,1887.7,60.3,False,False
T80D9A080BE,2026-06,2026-06-21,2674.9,2726.6,51.7,False,False
T580C1D0E5A,2026-06,2026-06-23,1828.6,1909.1,80.5,False,False
T262047037E,2026-06,2026-06-21,798.2,810.7,12.5,False,False
T997FBB56CB,2026-06,2026-06-20,1702.1,1717.6,15.5,False,False
T488907BADA,2026-06,2026-06-25,913.9,938.1,24.2,False,False
T959B664297,2026-06,2026-06-25,371.0,384.4,13.4,False,False
TCE4FA87780,2026-06,2026-06-25,1467.5,1481.9,14.4,False,False
T6A6F416B64,2026-06,2026-06-22,1325.0,1343.3,18.3,False,False
T5C22EC11B8,2026-06,2026-06-24,1794.3,1842.2,47.9,False,False
T132EB7CE2B,2026-06,2026-06-23,1383.8,1398.9,15.1,False,False
T011F73020E,2026-06,2026-06-21,1455.6,1475.1,19.5,False,False
T0197678D11,2026-06,2026-06-25,1563.5,1605.3,41.8,False,False
TBA58CFEBC6,2026-06,2026-06-20,1974.9,1995.2,20.3,False,False
T78A401EEAD,2026-06,2026-06-20,627.2,646.5,19.3,False,False
TE33F90B286,2026-06,2026-06-25,627.0,641.6,14.6,False,False
T761C9E26E6,2026-06,2026-06-20,715.9,726.6,10.7,False,False
T65187CE62C,2026-06,2026-06-22,1461.0,1461.0,0.0,True,False
T6DD4962896,2026-06,2026-06-21,527.9,543.2,15.3,False,False
T57E5EAB9B8,2026-06,2026-06-23,1288.0,1303.0,15.0,False,False
T0D1C506545,2026-06,2026-06-20,1064.4,1077.1,12.7,False,False
T16385BC409,2026-06,2026-06-25,481.6,493.8,12.2,False,False
T703E749B16,2026-06,2026-06-22,982.9,982.9,0.0,True,False
TE03815B898,2026-06,2026-06-24,1798.0,1812.7,14.7,False,False
T5EDC8CD764,2026-06,2026-06-23,1336.1,1351.5,15.4,False,False
T8A0E42EA46,2026-06,2026-06-21,1467.6,1482.0,14.4,False,False
T58E4665FE8,2026-06,2026-06-25,770.4,795.9,25.5,False,False
T45A3829C6C,2026-06,2026-06-21,554.2,571.2,17.0,False,False
T0F2B41D96D,2026-06,2026-06-21,973.5,1006.2,32.7,False,False
T45E4DAC832,2026-06,2026-06-22,1036.9,1054.5,17.6,False,False
TB308B5DC7A,2026-06,2026-06-25,1431.2,1444.4,13.2,False,False
T5A52BDFD5B,2026-06,2026-06-22,1339.4,1348.5,9.1,False,False
T3B6195226D,2026-06,2026-06-25,826.9,843.2,16.3,False,False
TEF3ACC364D,2026-06,2026-06-23,369.8,369.8,0.0,True,False
T0E3944E1C7,2026-06,2026-06-21,1685.8,1699.9,14.1,False,False
TC5E02C2AE1,2026-06,2026-06-20,1016.3,1025.5,9.2,False,False
T9C181CA6B2,2026-06,2026-06-23,1035.3,1056.1,20.8,False,False
T46D0D9FE06,2026-06,2026-06-25,1193.5,1207.0,13.5,False,False
T3763EE0258,2026-06,2026-06-22,503.6,516.0,12.4,False,False
TB6793708AF,2026-06,2026-06-20,979.4,990.3,10.9,False,False
T02BF3919B7,2026-06,2026-06-20,1448.6,1459.6,11.0,False,False
T61903D0C08,2026-06,2026-06-21,665.1,679.3,14.2,False,False
T1540962193,2026-06,2026-06-23,2265.4,2352.7,87.3,False,False
TE8DF4BFC62,2026-06,2026-06-24,2365.1,2433.1,68.0,False,False
T97A5E4F98E,2026-06,2026-06-21,1492.3,1508.8,16.5,False,False
TB2B631F6DE,2026-06,2026-06-21,399.8,417.7,17.9,False,False
TFD4476DD46,2026-06,2026-06-24,1158.0,1200.4,42.4,False,False
T63AE43B763,2026-06,2026-06-24,1477.8,1515.8,38.0,False,False
TF7E0F3ADFA,2026-06,2026-06-25,628.3,631.8,3.5,False,False
T9F3D4A99A8,2026-06,2026-06-20,1093.7,1099.3,5.6,False,False
T3AF0CA5142,2026-06,2026-06-20,1873.6,1934.5,60.9,False,False
T525C93E294,2026-06,2026-06-20,467.5,480.8,13.3,False,False
TA60FF3309B,2026-06,2026-06-25,1408.2,1419.5,11.3,False,False
T6230F0F81A,2026-06,2026-06-24,429.2,438.3,9.1,False,False
T486DC7662A,2026-06,2026-06-21,5697.5,5899.3,201.8,False,False
T0DD0FDF0BD,2026-06,2026-06-20,998.6,1024.9,26.3,False,False
T81EEF6FCD3,2026-06,2026-06-20,1010.0,1024.3,14.3,False,False
T6269371CAA,2026-06,2026-06-23,1557.0,1566.9,9.9,False,False
TF7BDB30AC3,2026-06,2026-06-24,1183.4,1213.6,30.2,False,False
TC1EBE75CAC,2026-06,2026-06-24,1355.7,1373.2,17.5,False,False
T0A0805FB46,2026-06,2026-06-24,1993.6,2016.1,22.5,False,False
T7C1EBC3C4C,2026-06,2026-06-24,762.3,786.2,23.9,False,False
TFB5558315C,2026-06,2026-06-23,556.9,576.8,19.9,False,False
T4D34DCD6FE,2026-06,2026-06-21,998.6,1017.1,18.5,False,False
T8F2163E1AC,2026-06,2026-06-21,1973.4,1973.4,0.0,True,False
T6D36EEA27E,2026-06,2026-06-24,479.7,494.9,15.2,False,False
TD718599337,2026-06,2026-06-24,1681.6,1717.4,35.8,False,False
TACFC1D584E,2026-06,2026-06-22,1662.2,1686.1,23.9,False,False
TE1CE4D9E5A,2026-06,2026-06-21,615.1,615.1,0.0,True,False
TEEB9050E6F,2026-06,2026-06-20,1148.4,1180.6,32.2,False,False
T266175A7E1,2026-06,2026-06-20,1858.9,1885.4,26.5,False,False
T188F8436EB,2026-06,2026-06-20,648.2,656.3,8.1,False,False
TBF5EF4019A,2026-06,2026-06-24,1012.2,1023.7,11.5,False,False
TF8038E3438,2026-06,2026-06-20,906.1,918.9,12.8,False,False
T14A35B501D,2026-06,2026-06-21,1667.2,1709.8,42.6,False,False
TACA1F6575E,2026-06,2026-06-25,292.0,302.2,10.2,False,False
T425CF74F89,2026-06,2026-06-25,1010.4,1012.7,2.3,False,False
T7E561E41DF,2026-06,2026-06-22,1821.7,1845.6,23.9,False,False
TAE21909B09,2026-06,2026-06-24,799.3,811.9,12.6,False,False
TA49FD77129,2026-06,2026-06-20,1689.5,1728.0,38.5,False,False
T83C53CBDE3,2026-06,2026-06-25,1186.0,1213.7,27.7,False,False
T8989E9F3E0,2026-06,2026-06-22,1555.3,1580.4,25.1,False,False
T0E868A3F47,2026-06,2026-06-23,1933.3,1953.6,20.3,False,False
TAA4A146A6F,2026-06,2026-06-20,1138.9,1154.6,15.7,False,False
T929701588B,2026-06,2026-06-22,741.6,748.2,6.6,False,False
TCBA87E8F93,2026-06,2026-06-25,1794.7,1818.0,23.3,False,False
T71B2CE98BC,2026-06,2026-06-23,1998.0,2032.9,34.9,False,False
T3104E606FB,2026-06,2026-06-23,1796.1,1813.9,17.8,False,False
TC9C584B8EF,2026-06,2026-06-22,821.2,833.7,12.5,False,False
T42EAACA5A6,2026-06,2026-06-20,702.7,717.3,14.6,False,False
T27CD292019,2026-06,2026-06-24,1845.9,1876.5,30.6,False,False
T2631941D4D,2026-06,2026-06-22,1930.3,1958.0,27.7,False,False
TD6D0D046B5,2026-06,2026-06-21,531.0,538.7,7.7,False,False
T930BCF26DA,2026-06,2026-06-22,1789.8,1811.8,22.0,False,False
T7A263D97A8,2026-06,2026-06-22,608.3,630.6,22.3,False,False
T84CC232045,2026-06,2026-06-23,1236.7,1250.0,13.3,False,False
T1F7089E5B3,2026-06,2026-06-22,1726.5,1748.3,21.8,False,False
T6DD01C39D7,2026-06,2026-06-21,1714.3,1756.1,41.8,False,False
TE3814F5946,2026-06,2026-06-24,1256.0,1266.3,10.3,False,False
T260F6D657D,2026-06,2026-06-22,1848.4,1864.8,16.4,False,False
TF9F158A927,2026-06,2026-06-23,1084.3,1107.2,22.9,False,False
T2A78E596A5,2026-06,2026-06-25,890.0,912.3,22.3,False,False
T48829C6681,2026-06,2026-06-22,1022.9,1039.0,16.1,False,False
T5446AB5D4F,2026-06,2026-06-24,1575.3,1585.1,9.8,False,False
T6FEE2A0A85,2026-06,2026-06-25,525.2,537.0,11.8,False,False
T37BA3005AD,2026-06,2026-06-22,1516.7,1537.0,20.3,False,False
T599538981A,2026-06,2026-06-22,1966.6,2017.9,51.3,False,False
TC1FE3D7E79,2026-06,2026-06-22,1427.8,1446.9,19.1,False,False
TAB633F4546,2026-06,2026-06-24,566.0,,,False,False
TEF123948C4,2026-06,2026-06-21,805.5,817.3,11.8,False,False
T50EA3E30B0,2026-06,2026-06-20,1350.7,1350.7,0.0,True,False
T10E8B50E63,2026-06,2026-06-20,1828.1,1866.5,38.4,False,False
T75445AB825,2026-06,2026-06-23,1397.7,1411.2,13.5,False,False
T9AEC04CEE6,2026-06,2026-06-20,416.2,427.8,11.6,False,False
TE59C7E0558,2026-06,2026-06-22,594.3,606.4,12.1,False,False
T017F5CC857,2026-06,2026-06-21,1756.5,1781.8,25.3,False,False
T5740214D00,2026-06,2026-06-25,549.9,555.9,6.0,False,False
TA54FDBC969,2026-06,2026-06-21,1606.5,1653.9,47.4,False,False
T79348D1D8C,2026-06,2026-06-23,1677.8,1736.3,58.5,False,False
T0C38B9638D,2026-06,2026-06-22,1353.8,1377.2,23.4,False,False
TF8CD7DEDDA,2026-06,2026-06-20,1071.3,1088.9,17.6,False,False
TD4AA44C620,2026-06,2026-06-23,1046.6,1073.6,27.0,False,False
TBA22021045,2026-06,2026-06-25,1681.5,1744.5,63.0,False,False
TAE4991C39A,2026-06,2026-06-24,1765.3,1774.9,9.6,False,False
T926427EC22,2026-06,2026-06-25,952.9,969.5,16.6,False,False
T03F3726F54,2026-06,2026-06-25,1199.4,1216.4,17.0,False,False
T9C5C1B51E6,2026-06,2026-06-23,606.2,626.4,20.2,False,False
TAB67F85714,2026-06,2026-06-22,1911.0,1930.2,19.2,False,False
T021E4A2B45,2026-06,2026-06-25,815.2,830.6,15.4,False,False
T9C284C6EDE,2026-06,2026-06-20,1798.1,1817.4,19.3,False,False
TE5AE06739E,2026-06,2026-06-20,470.3,489.3,19.0,False,False
T01F422D988,2026-06,2026-06-25,1725.6,1737.5,11.9,False,False
T812E69DF24,2026-06,2026-06-21,1865.8,1927.7,61.9,False,False
T1753290875,2026-06,2026-06-24,1685.9,1701.4,15.5,False,False
T6453265506,2026-06,2026-06-23,4121.8,4237.8,116.0,False,False
T3DCE54CBCD,2026-06,2026-06-24,420.8,433.2,12.4,False,False
T25A59C1230,2026-06,2026-06-22,654.7,694.2,39.5,False,False
T7149DBE7E7,2026-06,2026-06-20,1575.2,1612.2,37.0,False,False
T17B01CE93D,2026-06,2026-06-20,1601.2,1620.5,19.3,False,False
T2A7B7C0706,2026-06,2026-06-25,1597.2,1614.3,17.1,False,False
TA2A12750E0,2026-06,2026-06-21,710.8,725.4,14.6,False,False
TCDF5CCF9D1,2026-06,2026-06-20,1972.6,1991.1,18.5,False,False
T136877D852,2026-06,2026-06-23,1481.5,1508.8,27.3,False,False
TD93E7F3525,2026-06,2026-06-23,1408.7,1416.4,7.7,False,False
T9E698DAD97,2026-06,2026-06-21,607.4,628.2,20.8,False,False
TA7CD008CD2,2026-06,2026-06-25,1777.6,1808.1,30.5,False,False
TB5E2F0D295,2026-06,2026-06-20,1167.5,1181.1,13.6,False,False
T886651EB56,2026-06,2026-06-25,2060.0,2083.6,23.6,False,False
T726E26C014,2026-06,2026-06-25,604.3,609.9,5.6,False,False
T47801013F9,2026-06,2026-06-21,524.2,524.2,0.0,True,False
T7B44E5C01C,2026-06,2026-06-23,1199.6,1199.6,0.0,True,False
T06E1B5C91E,2026-06,2026-06-21,871.8,889.6,17.8,False,False
TBD7AFAA9AB,2026-06,2026-06-25,1468.4,1486.5,18.1,False,False
T3A8AE15DE9,2026-06,2026-06-25,1207.6,1219.6,12.0,False,False
T90FCBE8560,2026-06,2026-06-24,1458.5,1469.2,10.7,False,False
T6B76BCDCC8,2026-06,2026-06-25,2574.0,2631.2,57.2,False,False
T6B61D786E8,2026-06,2026-06-25,1223.1,1223.1,0.0,True,False
TD8B8E83F9D,2026-06,2026-06-22,1568.6,1584.9,16.3,False,False
T353F39960E,2026-06,2026-06-21,570.4,580.0,9.6,False,False
TC44518846F,2026-06,2026-06-21,593.9,612.3,18.4,False,False
T3DBD424B8F,2026-06,2026-06-21,809.8,824.8,15.0,False,False
TB8E4E6CA4C,2026-06,2026-06-21,1374.4,1422.0,47.6,False,False
T54630B6404,2026-06,2026-06-22,597.0,614.8,17.8,False,False
T71623730B1,2026-06,2026-06-21,1312.9,1329.4,16.5,False,False
T7436A106AE,2026-06,2026-06-24,596.4,607.0,10.6,False,False
T6191B8FD69,2026-06,2026-06-23,1331.7,1343.9,12.2,False,False
TBA7727A83B,2026-06,2026-06-22,668.5,681.2,12.7,False,False
T66B24DDB8C,2026-06,2026-06-23,1838.0,1858.9,20.9,False,False
T0EAA0EDBAF,2026-06,2026-06-22,1250.1,1280.6,30.5,False,False
TDCBC842E3A,2026-06,2026-06-22,889.3,916.5,27.2,False,False
T305BACE840,2026-06,2026-06-22,1050.4,1067.5,17.1,False,False
TAD0E244201,2026-06,2026-06-21,1435.2,1455.5,20.3,False,False
T824A68B378,2026-06,2026-06-22,1353.6,1361.5,7.9,False,False
T9F72B39B89,2026-06,2026-06-24,822.8,832.7,9.9,False,False
T0380D1AD85,2026-06,2026-06-22,1369.2,1388.1,18.9,False,False
TD58AFBB420,2026-06,2026-06-25,2673.5,2750.9,77.4,False,False
TB1A6FA6009,2026-06,2026-06-25,568.2,578.6,10.4,False,False
TB95EB354D9,2026-06,2026-06-21,1380.9,1408.7,27.8,False,False
T6EBEC2B9E3,2026-06,2026-06-23,747.1,757.8,10.7,False,False
TCBAFB86C54,2026-06,2026-06-25,1747.2,1763.3,16.1,False,False
T2D884BEE59,2026-06,2026-06-21,1571.0,1591.1,20.1,False,False
T81E3CAC404,2026-06,2026-06-22,1469.7,1479.2,9.5,False,False
TB13246DF04,2026-06,2026-06-24,2799.5,2863.5,64.0,False,False
T38FC29870C,2026-06,2026-06-21,1050.6,1061.1,10.5,False,False
T0B952300A6,2026-06,2026-06-23,1362.8,1380.3,17.5,False,False
T592EE5AE5A,2026-06,2026-06-22,698.9,713.1,14.2,False,False
T8AB7B992DC,2026-06,2026-06-25,1700.2,1714.1,13.9,False,False
TE13531501B,2026-06,2026-06-21,421.2,435.2,14.0,False,False
T603C6A7DDF,2026-06,2026-06-24,2435.2,2500.8,65.6,False,False
T9B1CF87E17,2026-06,2026-06-22,858.5,872.5,14.0,False,False
T7E47E27FFB,2026-06,2026-06-21,1255.2,1268.9,13.7,False,False
T2FE3E18EED,2026-06,2026-06-23,1235.6,1253.4,17.8,False,False
T518FD2CD05,2026-06,2026-06-20,978.8,993.4,14.6,False,False
TCA03B52F53,2026-06,2026-06-23,535.4,550.4,15.0,False,False
TC97F0C81C8,2026-06,2026-06-23,3678.6,3804.8,126.2,False,False
T5825BB17FC,2026-06,2026-06-23,1321.4,1393.7,72.3,False,False
TC5E185C6E8,2026-06,2026-06-20,369.8,381.2,11.4,False,False
TEAD9E81003,2026-06,2026-06-25,1047.7,1047.7,0.0,True,False
TE23D5A574A,2026-06,2026-06-21,1030.7,1030.7,0.0,True,False
T04048D53A3,2026-06,2026-06-23,784.0,790.9,6.9,False,False
TE1AA9E77A7,2026-06,2026-06-22,994.2,999.0,4.8,False,False
TC54C99BA73,2026-06,2026-06-21,1246.0,1283.0,37.0,False,False
T013C0F8B57,2026-06,2026-06-24,1528.4,1543.2,14.8,False,False
T3C23C0A42C,2026-06,2026-06-21,1260.3,1277.6,17.3,False,False
TEDB2598366,2026-06,2026-06-23,1332.3,1347.4,15.1,False,False
T03D524AC98,2026-06,2026-06-20,1648.4,1665.4,17.0,False,False
T9B658694D7,2026-06,2026-06-22,953.8,974.3,20.5,False,False
T827DB403EF,2026-06,2026-06-24,1052.8,1055.8,3.0,False,False
TD5960FA89C,2026-06,2026-06-24,1433.7,1446.1,12.4,False,False
TEB9CD6778B,2026-06,2026-06-22,1652.4,1666.1,13.7,False,False
TCFB896C903,2026-06,2026-06-25,836.2,851.0,14.8,False,False
T4EBE5132B6,2026-06,2026-06-25,1137.4,1196.7,59.3,False,True
TD6D7800440,2026-06,2026-06-24,1581.1,1597.9,16.8,False,False
TB1AE49FA20,2026-06,2026-06-24,657.9,667.0,9.1,False,False
TF4940B0970,2026-06,2026-06-20,1287.6,1300.0,12.4,False,False
T6492EC951E,2026-06,2026-06-22,1337.6,1384.9,47.3,False,False
T5B2FD74A85,2026-06,2026-06-22,1656.5,1681.8,25.3,False,False
TCF1A6CDF80,2026-06,2026-06-20,615.5,631.7,16.2,False,False
TBA965CD37E,2026-06,2026-06-25,439.8,456.2,16.4,False,False
T8917AF33E8,2026-06,2026-06-24,1787.8,1865.1,77.3,False,False
T4F696F6C0E,2026-06,2026-06-23,559.1,582.0,22.9,False,False
TFB9BD0FCA4,2026-06,2026-06-21,2110.1,2110.1,0.0,True,False
T6372E1147F,2026-06,2026-06-21,1322.5,1339.9,17.4,False,False
T8B4FC280C2,2026-06,2026-06-21,605.9,619.8,13.9,False,False
T0AF0DD2FE5,2026-06,2026-06-25,1145.2,1156.1,10.9,False,False
T9BABD62590,2026-06,2026-06-23,1853.8,1916.4,62.6,False,False
TBBD0028CDB,2026-06,2026-06-22,1024.7,1041.0,16.3,False,False
T30E453AB34,2026-06,2026-06-23,1121.3,1134.6,13.3,False,False
T7DC59256DC,2026-06,2026-06-20,959.8,959.8,0.0,True,False
TCC371206BC,2026-06,2026-06-24,616.3,628.2,11.9,False,False
TDEF092A4C5,2026-06,2026-06-25,1541.6,1551.7,10.1,False,False
TE13FCEC631,2026-06,2026-06-23,1226.2,1241.2,15.0,False,False
T7C3F6A8162,2026-06,2026-06-21,1642.0,1665.6,23.6,False,False
T0F4A3A74ED,2026-06,2026-06-21,1035.8,1058.8,23.0,False,False
T5BEF82BC17,2026-06,2026-06-24,1492.9,1509.6,16.7,False,False
T07AC5856A4,2026-06,2026-06-23,726.0,115.30336408655327,10.0,False,False
T0185184B59,2026-06,2026-06-20,1318.3,1334.9,16.6,False,False
T79F8E1FAE8,2026-06,2026-06-25,423.3,441.7,18.4,False,False
T4D40D256FE,2026-06,2026-06-21,1329.0,1348.3,19.3,False,False
TE74495FCDD,2026-06,2026-06-20,1658.9,1675.7,16.8,False,False
TAD9ED625D1,2026-06,2026-06-21,1619.2,1642.8,23.6,False,False
TE7328B9E12,2026-06,2026-06-23,682.7,689.4,6.7,False,False
T5FC1C50126,2026-06,2026-06-23,1456.8,1480.0,23.2,False,False
T203C71CAC2,2026-06,2026-06-22,1824.5,1844.3,19.8,False,False
T1D1F227112,2026-06,2026-06-22,901.1,919.1,18.0,False,False
TF62BDC6E96,2026-06,2026-06-22,1787.9,1804.5,16.6,False,False
T5D35014BC6,2026-06,2026-06-25,1685.2,1685.2,0.0,True,False
T9C80DA594D,2026-06,2026-06-21,786.2,797.3,11.1,False,False
T575100FEE6,2026-06,2026-06-25,809.2,837.9,28.7,False,False
TFF833858D4,2026-06,2026-06-24,1748.5,1762.4,13.9,False,False
T44C452513D,2026-06,2026-06-20,986.8,1002.4,15.6,False,False
TC11C4F89B7,2026-06,2026-06-25,666.8,685.5,18.7,False,False
T519E11C12F,2026-06,2026-06-23,407.0,420.5,13.5,False,False
T1D1C3809AD,2026-06,2026-06-22,1545.1,1592.1,47.0,False,False
T2F89E8ED6F,2026-06,2026-06-25,1577.9,1597.2,19.3,False,False
TED624C9B29,2026-06,2026-06-22,1563.4,123.62448275110854,13.1,False,False
T80599540B9,2026-06,2026-06-22,696.2,725.4,29.2,False,False
T99F86EAA03,2026-06,2026-06-20,1167.5,1186.9,19.4,False,False
T48E474E620,2026-06,2026-06-20,1512.3,1529.2,16.9,False,False
T62F138B69F,2026-06,2026-06-24,1604.3,1624.8,20.5,False,False
T0ABCC73F5F,2026-06,2026-06-20,1454.6,1469.3,14.7,False,False
T451A03E5F4,2026-06,2026-06-24,1299.1,1299.1,0.0,True,False
T28A5C3A212,2026-06,2026-06-22,1012.0,1023.8,11.8,False,False
T9BF23AC92B,2026-06,2026-06-25,1230.1,1246.2,16.1,False,False
T8D847ABAD5,2026-06,2026-06-23,984.7,994.6,9.9,False,False
T79AD100612,2026-06,2026-06-20,1433.7,1453.0,19.3,False,False
T595C48877B,2026-06,2026-06-22,1311.0,1335.2,24.2,False,False
T7E1F631507,2026-06,2026-06-25,509.2,,,False,False
T7CEE29F570,2026-06,2026-06-23,574.0,585.8,11.8,False,False
TB28F8F08F4,2026-06,2026-06-22,942.6,954.6,12.0,False,False
T741A1119FA,2026-06,2026-06-21,735.5,755.5,20.0,False,False
T26862D1A4A,2026-06,2026-06-22,2293.5,2338.2,44.7,False,False
TCB96D14BFD,2026-06,2026-06-20,804.1,819.2,15.1,False,False
TF07D19AE17,2026-06,2026-06-24,953.1,990.9,37.8,False,False
T7AE1E63696,2026-06,2026-06-21,1609.0,1624.8,15.8,False,False
TEA687BEEC8,2026-06,2026-06-20,670.2,686.1,15.9,False,False
T5C97BD73CE,2026-06,2026-06-22,1770.1,1790.7,20.6,False,False
T64DF103F27,2026-06,2026-06-22,530.9,545.6,14.7,False,False
T962D5133B5,2026-06,2026-06-22,1529.2,1547.5,18.3,False,False
TFAE2AFD636,2026-06,2026-06-24,1536.0,1542.3,6.3,False,False
T8237A9AE83,2026-06,2026-06-22,692.1,707.7,15.6,False,False
T124789ED12,2026-06,2026-06-23,973.5,984.3,10.8,False,False
T77D8F1F07B,2026-06,2026-06-21,1684.2,1746.0,61.8,False,False
T88E01EE6A9,2026-06,2026-06-25,991.3,1019.2,27.9,False,False
TCCA2F0E6D1,2026-06,2026-06-24,734.7,750.2,15.5,False,False
TE7C4074532,2026-06,2026-06-21,814.3,844.6,30.3,False,False
TE08ACE6D71,2026-06,2026-06-25,1823.2,1853.1,29.9,False,False
TF5AB4BC37D,2026-06,2026-06-25,785.9,807.7,21.8,False,False
T31A37C291B,2026-06,2026-06-22,332.8,344.3,11.5,False,False
T85072A41C6,2026-06,2026-06-22,1500.4,1513.0,12.6,False,False
T3DB8E8C91B,2026-06,2026-06-22,1236.4,1248.9,12.5,False,False
T1F21C0A526,2026-06,2026-06-22,672.0,705.2,33.2,False,False
TC653350390,2026-06,2026-06-24,1575.4,1588.4,13.0,False,False
TF357DF2C85,2026-06,2026-06-23,971.2,971.2,0.0,True,False
TC2B54F643A,2026-06,2026-06-25,574.2,583.8,9.6,False,False
T62A907AFA1,2026-06,2026-06-23,788.8,801.3,12.5,False,False
T9B926E1A60,2026-06,2026-06-25,980.9,991.4,10.5,False,False
T95A557D58C,2026-06,2026-06-24,4421.9,4564.6,142.7,False,False
T4FD73F8DF8,2026-06,2026-06-20,405.4,417.4,12.0,False,False
TAA9E781779,2026-06,2026-06-23,1306.1,1322.8,16.7,False,False
T5AB667FA59,2026-06,2026-06-22,1577.1,1599.0,21.9,False,False
T2FB8838715,2026-06,2026-06-24,1778.5,1797.6,19.1,False,False
TDC0B728E72,2026-06,2026-06-25,1950.4,2024.6,74.2,False,False
T500E1E73A5,2026-06,2026-06-20,1083.4,1097.7,14.3,False,False
T518D652731,2026-06,2026-06-20,994.6,1018.3,23.7,False,False
T5F78380FF1,2026-06,2026-06-24,1080.1,1101.0,20.9,False,False
T2269F4C04A,2026-06,2026-06-23,1953.1,1953.1,0.0,True,False
T75D0C6EEF9,2026-06,2026-06-23,3877.4,3992.3,114.9,False,False
T08C84C6180,2026-06,2026-06-24,649.8,670.9,21.1,False,False
TBE3328794F,2026-06,2026-06-24,1166.5,1175.3,8.8,False,False
T7BF732B1D4,2026-06,2026-06-25,1371.6,1388.4,16.8,False,False
T680C591820,2026-06,2026-06-22,1248.2,1254.2,6.0,False,False
T87B30A11CA,2026-06,2026-06-24,1697.4,1719.1,21.7,False,False
T2C69DDD554,2026-06,2026-06-20,1724.1,1777.9,53.8,False,False
TB5DCDB3D2B,2026-06,2026-06-25,1483.7,1492.7,9.0,False,False
TF1BF705581,2026-06,2026-06-25,1068.1,1085.9,17.8,False,False
T7861C2062B,2026-06,2026-06-22,2263.4,2293.1,29.7,False,False
T3E7A117328,2026-06,2026-06-24,657.2,674.4,17.2,False,False
T626DE7D352,2026-06,2026-06-25,2254.3,2309.9,55.6,False,False
T30CED3EF6B,2026-06,2026-06-22,1351.2,1369.8,18.6,False,False
T6F621D315F,2026-06,2026-06-25,667.3,691.2,23.9,False,False
T5AEAFABEEB,2026-06,2026-06-20,1219.6,1230.7,11.1,False,False
T6E1A658692,2026-06,2026-06-22,887.8,908.0,20.2,False,False
TDFD739AFF7,2026-06,2026-06-21,1626.8,1642.4,15.6,False,False
T0E7497BE87,2026-06,2026-06-22,481.8,497.3,15.5,False,False
T63245D9338,2026-06,2026-06-21,706.3,725.0,18.7,False,False
T2FC1A9FEB9,2026-06,2026-06-25,708.6,729.0,20.4,False,False
TE5572E3B77,2026-06,2026-06-21,1611.2,1623.0,11.8,False,False
T93AE74FC8C,2026-06,2026-06-20,1202.8,1220.5,17.7,False,False
TCE4F3C1854,2026-06,2026-06-22,2287.0,2321.6,34.6,False,False
T623FDA0FEC,2026-06,2026-06-22,1124.9,1138.6,13.7,False,False
T6FCD9FC327,2026-06,2026-06-25,554.8,561.5,6.7,False,False
T26D49D2B10,2026-06,2026-06-21,1546.0,1569.4,23.4,False,False
T6B0F45148F,2026-06,2026-06-23,2550.0,2629.0,79.0,False,False
T5DA6DABC22,2026-06,2026-06-24,885.9,902.6,16.7,False,False
T4C0FAA9237,2026-06,2026-06-25,1255.6,1279.5,23.9,False,False
T629B85F6AE,2026-06,2026-06-21,1738.7,1755.7,17.0,False,False
TE6221DA147,2026-06,2026-06-20,1023.1,1032.9,9.8,False,False
T7092CB932F,2026-06,2026-06-21,1665.9,1687.0,21.1,False,False
T38F3AD60D6,2026-06,2026-06-20,786.8,808.1,21.3,False,False
T051D6304AA,2026-06,2026-06-23,1285.4,1295.5,10.1,False,False
T1677509027,2026-06,2026-06-25,793.2,,,False,False
TCE43CAAFDD,2026-06,2026-06-22,1233.9,1247.6,13.7,False,False
TD6051C60DD,2026-06,2026-06-24,1873.7,1909.8,36.1,False,False
TD81C7B0AC7,2026-06,2026-06-25,1744.9,1760.8,15.9,False,False
TEB9B6A4FBC,2026-06,2026-06-20,1124.6,1139.9,15.3,False,False
T8E67D26322,2026-06,2026-06-25,1946.8,1967.3,20.5,False,False
T0E8259349E,2026-06,2026-06-21,522.1,536.8,14.7,False,False
TEC586A8374,2026-06,2026-06-25,1221.5,1240.7,19.2,False,False
T1E40F3A239,2026-06,2026-06-25,1276.5,1288.6,12.1,False,False
T716C530DED,2026-06,2026-06-21,861.1,876.2,15.1,False,False
T7562476AEF,2026-06,2026-06-24,1954.3,1979.4,25.1,False,False
TB460453C4D,2026-06,2026-06-21,563.7,582.8,19.1,False,False
T4A69C0BA6F,2026-06,2026-06-25,865.5,890.8,25.3,False,False
TB3006B8F03,2026-06,2026-06-23,985.6,999.1,13.5,False,False
TED3E393477,2026-06,2026-06-22,1924.3,1946.1,21.8,False,False
TA014F1FF15,2026-06,2026-06-25,1406.5,1421.9,15.4,False,False
T08D24C843D,2026-06,2026-06-20,737.1,765.4,28.3,False,False
T328C38D103,2026-06,2026-06-20,1936.1,1962.7,26.6,False,False
T5D52776F44,2026-06,2026-06-23,593.6,603.4,9.8,False,False
T350C7F0CAD,2026-06,2026-06-22,718.2,738.8,20.6,False,False
TE4BF83F9A5,2026-06,2026-06-20,1887.8,1916.9,29.1,False,False
T363192FB18,2026-06,2026-06-25,1378.8,1378.8,0.0,True,False
TE7D390D6E1,2026-06,2026-06-22,1252.0,1303.8,51.8,False,True
TEAED0D702E,2026-06,2026-06-22,1253.9,1277.8,23.9,False,False
T76D2631BBE,2026-06,2026-06-20,1526.9,1526.9,0.0,True,False
T41D9DAD65E,2026-06,2026-06-25,845.8,861.1,15.3,False,False
T4FB688BCF2,2026-06,2026-06-20,1433.4,1458.5,25.1,False,False
T49C247A691,2026-06,2026-06-22,915.0,933.3,18.3,False,False
TAD97E4B580,2026-06,2026-06-22,618.4,636.3,17.9,False,False
TA6D3C701E5,2026-06,2026-06-23,600.7,617.8,17.1,False,False
T1629374829,2026-06,2026-06-23,1373.4,1373.4,0.0,True,False
TE380DFCDD5,2026-06,2026-06-25,1402.7,1417.6,14.9,False,False
TC71E645A97,2026-06,2026-06-22,1079.7,1097.0,17.3,False,False
T3B2D063348,2026-06,2026-06-21,517.2,526.0,8.8,False,False
T6B0703F297,2026-06,2026-06-24,1255.0,1269.7,14.7,False,False
T2442BBD224,2026-06,2026-06-20,941.1,941.1,0.0,True,False
T94AEE9D59A,2026-06,2026-06-25,1169.7,1169.7,0.0,True,False
TC36C8FB548,2026-06,2026-06-25,1561.6,1569.8,8.2,False,False
TEA6C60108F,2026-06,2026-06-24,2300.5,2365.8,65.3,False,False
T5D0DA4A5A3,2026-06,2026-06-22,1170.6,1170.6,0.0,True,False
TCE2F3968A5,2026-06,2026-06-21,1244.0,1264.4,20.4,False,False
T3290CE40ED,2026-06,2026-06-21,1820.0,1820.0,0.0,True,False
TFF800A383C,2026-06,2026-06-25,1359.3,1375.8,16.5,False,False
T43D369AD4F,2026-06,2026-06-22,1010.4,1010.4,0.0,True,False
T2558B25F4A,2026-06,2026-06-21,362.6,377.9,15.3,False,False
TF2D53B5266,2026-06,2026-06-24,1677.8,1677.8,0.0,True,False
T46E626FB09,2026-06,2026-06-22,593.4,616.9,23.5,False,False
T7E0A59EC74,2026-06,2026-06-25,518.2,525.4,7.2,False,False
TDB77C6E5BA,2026-06,2026-06-20,822.8,835.8,13.0,False,False
TB2420A8657,2026-06,2026-06-21,1306.5,1316.7,10.2,False,False
TB1246EBDB6,2026-06,2026-06-21,745.3,751.2,5.9,False,False
T8C8BD1D187,2026-06,2026-06-25,1667.3,1688.2,20.9,False,False
T9A87FD75BB,2026-06,2026-06-21,803.1,819.0,15.9,False,False
T7220DB253B,2026-06,2026-06-21,994.5,1015.1,20.6,False,False
T024582A041,2026-06,2026-06-22,1897.5,1942.3,44.8,False,False
TA3D7EB0EB6,2026-06,2026-06-24,1437.3,1437.3,0.0,True,False
T980F08905D,2026-06,2026-06-23,1571.0,1581.1,10.1,False,False
T0070991C4A,2026-06,2026-06-21,650.8,664.7,13.9,False,False
TE62F9D24A2,2026-06,2026-06-22,1136.1,1136.1,0.0,True,False
T660F58D22C,2026-06,2026-06-25,1585.8,1606.3,20.5,False,False
TC9C59FD3C0,2026-06,2026-06-21,1620.7,1633.4,12.7,False,False
TC85BCF4679,2026-06,2026-06-21,1005.3,1028.0,22.7,False,False
T711A4FB3DC,2026-06,2026-06-25,1416.0,1424.4,8.4,False,False
TDA01857472,2026-06,2026-06-22,766.9,773.7,6.8,False,False
T593C7D2F36,2026-06,2026-06-21,1128.4,1142.2,13.8,False,False
TAD1B3ECAF6,2026-06,2026-06-23,1084.7,1109.6,24.9,False,False
T62DB418771,2026-07,2026-07-21,1548.6,1566.0,17.4,False,False
T516D296A99,2026-07,2026-07-23,937.8,948.7,10.9,False,False
TF6199DECCB,2026-07,2026-07-25,1938.6,1974.4,35.8,False,False
TBFDD3649BD,2026-07,2026-07-23,1664.4,1683.0,18.6,False,False
T1A8F7C05C9,2026-07,2026-07-24,1409.7,1416.1,6.4,False,False
T6B4FC6C7C6,2026-07,2026-07-24,1138.8,1158.2,19.4,False,False
T6EE7490E19,2026-07,2026-07-23,1733.7,1745.7,12.0,False,False
T771EC6B537,2026-07,2026-07-23,1006.4,1011.7,5.3,False,False
TA87CD37475,2026-07,2026-07-23,833.4,852.5,19.1,False,False
T00048F12E2,2026-07,2026-07-25,351.3,359.6,8.3,False,False
TDE3B85E449,2026-07,2026-07-20,1392.4,1413.7,21.3,False,False
TDFD5EF1E2B,2026-07,2026-07-22,975.3,993.4,18.1,False,False
T6BE1C12D07,2026-07,2026-07-25,3828.4,3959.0,130.6,False,False
TE17C7596F7,2026-07,2026-07-21,511.1,523.5,12.4,False,False
TF0590D064A,2026-07,2026-07-21,744.7,752.8,8.1,False,False
T0201C8273D,2026-07,2026-07-24,646.1,656.3,10.2,False,False
T416D725964,2026-07,2026-07-23,1448.1,1463.2,15.1,False,False
T592985E849,2026-07,2026-07-24,733.0,760.0,27.0,False,False
T8CFD079CB6,2026-07,2026-07-25,1864.7,1879.6,14.9,False,False
TD10A6EDCA0,2026-07,2026-07-24,1345.1,1364.2,19.1,False,False
T0CE7987E4B,2026-07,2026-07-24,2418.8,2418.8,0.0,True,False
T0F12629295,2026-07,2026-07-23,461.4,464.7,3.3,False,False
T7833B36159,2026-07,2026-07-20,1014.1,1027.5,13.4,False,False
T997FF51E88,2026-07,2026-07-21,1044.7,1056.1,11.4,False,False
TB0AFAFC426,2026-07,2026-07-20,2895.0,3010.7,115.7,False,True
T4B2228F178,2026-07,2026-07-22,942.7,942.7,0.0,True,False
T5D1D63651A,2026-07,2026-07-24,735.3,757.7,22.4,False,False
T005A9CE174,2026-07,2026-07-22,1500.5,1510.6,10.1,False,False
T0E572DDC2C,2026-07,2026-07-22,1233.8,1242.0,8.2,False,False
T6B4C3EB33E,2026-07,2026-07-21,1439.4,,,False,False
T98621FD0F2,2026-07,2026-07-21,4062.3,4194.0,131.7,False,False
TCED7759D69,2026-07,2026-07-24,1648.9,1666.7,17.8,False,False
T148BA00559,2026-07,2026-07-20,1688.1,1707.3,19.2,False,False
T8EF8382AF5,2026-07,2026-07-21,1757.6,1771.8,14.2,False,False
T294140BCEC,2026-07,2026-07-22,768.9,768.9,0.0,True,False
T2B4ECE5F7A,2026-07,2026-07-21,714.6,731.0,16.4,False,False
TFCDB644B38,2026-07,2026-07-22,748.9,763.2,14.3,False,False
TF46C85CB55,2026-07,2026-07-21,799.4,806.1,6.7,False,False
T635E7348B0,2026-07,2026-07-20,841.9,870.0,28.1,False,False
TD950C1321E,2026-07,2026-07-22,652.4,667.4,15.0,False,False
T79F7CA1313,2026-07,2026-07-23,393.3,400.6,7.3,False,False
T1890D0D69D,2026-07,2026-07-24,1100.8,1112.6,11.8,False,False
T92ED6C6BBC,2026-07,2026-07-24,591.8,599.6,7.8,False,False
T1A234D637E,2026-07,2026-07-24,1464.8,1478.0,13.2,False,False
T0FA07C2AE6,2026-07,2026-07-20,562.2,581.7,19.5,False,True
T85D9327E38,2026-07,2026-07-23,1622.5,1634.6,12.1,False,False
T9B2220E701,2026-07,2026-07-22,1447.6,1473.9,26.3,False,False
T75AE25B236,2026-07,2026-07-24,1173.1,1188.6,15.5,False,False
T85C4B9E9BD,2026-07,2026-07-24,1325.5,1325.5,0.0,True,False
TAAC46C752C,2026-07,2026-07-25,1692.4,1703.3,10.9,False,True
TB5ABA37301,2026-07,2026-07-23,1302.3,1327.7,25.4,False,False
TDB1931905E,2026-07,2026-07-25,1203.8,1213.8,10.0,False,False
T8A79BCF725,2026-07,2026-07-21,1407.9,1412.7,4.8,False,False
T1383BC162C,2026-07,2026-07-23,1862.7,1876.8,14.1,False,False
TE3F34F661C,2026-07,2026-07-20,2394.5,2452.0,57.5,False,False
T945DF5CC73,2026-07,2026-07-24,1255.7,1263.4,7.7,False,False
T89289351AD,2026-07,2026-07-24,1464.6,1480.5,15.9,False,False
T3C6A8E589D,2026-07,2026-07-20,974.6,1007.1,32.5,False,False
T9EDB41553F,2026-07,2026-07-20,386.5,394.8,8.3,False,False
T39FECD2D40,2026-07,2026-07-23,1187.2,1206.9,19.7,False,False
T393F331539,2026-07,2026-07-25,632.2,632.2,0.0,True,False
T44E572D176,2026-07,2026-07-20,783.1,812.3,29.2,False,True
T6A0C9518A5,2026-07,2026-07-25,1498.8,1510.1,11.3,False,False
T6F6C091F32,2026-07,2026-07-21,1626.6,1637.7,11.1,False,False
T0A7DFC3903,2026-07,2026-07-22,1824.8,1854.8,30.0,False,False
T4CA807AAAE,2026-07,2026-07-23,1215.5,1251.7,36.2,False,False
T292B036CC6,2026-07,2026-07-23,1201.9,1216.6,14.7,False,False
TF252236170,2026-07,2026-07-25,495.2,514.3,19.1,False,False
T47A88C447A,2026-07,2026-07-20,890.8,899.7,8.9,False,False
T29274E7656,2026-07,2026-07-22,667.8,685.6,17.8,False,False
TF94B3B4CEA,2026-07,2026-07-24,925.8,940.3,14.5,False,False
TD79C86593F,2026-07,2026-07-25,1415.8,1435.8,20.0,False,False
T042B2178D1,2026-07,2026-07-22,570.8,588.8,18.0,False,False
TE9E2B18053,2026-07,2026-07-24,1887.7,1937.4,49.7,False,False
T80D9A080BE,2026-07,2026-07-24,2726.6,2770.7,44.1,False,False
T580C1D0E5A,2026-07,2026-07-23,1909.1,1961.4,52.3,False,False
T262047037E,2026-07,2026-07-21,810.7,824.2,13.5,False,False
T997FBB56CB,2026-07,2026-07-22,1717.6,1736.3,18.7,False,False
T488907BADA,2026-07,2026-07-23,938.1,958.1,20.0,False,False
T959B664297,2026-07,2026-07-20,384.4,396.5,12.1,False,False
TCE4FA87780,2026-07,2026-07-25,1481.9,1493.9,12.0,False,False
T6A6F416B64,2026-07,2026-07-22,1343.3,1353.9,10.6,False,False
T5C22EC11B8,2026-07,2026-07-21,1842.2,1892.8,50.6,False,False
T132EB7CE2B,2026-07,2026-07-21,1398.9,1408.5,9.6,False,False
T011F73020E,2026-07,2026-07-20,1475.1,1491.7,16.6,False,False
T0197678D11,2026-07,2026-07-24,1605.3,1631.0,25.7,False,False
TBA58CFEBC6,2026-07,2026-07-21,1995.2,2014.3,19.1,False,False
T78A401EEAD,2026-07,2026-07-25,646.5,663.1,16.6,False,False
TE33F90B286,2026-07,2026-07-21,641.6,658.7,17.1,False,False
T761C9E26E6,2026-07,2026-07-21,726.6,739.0,12.4,False,False
T65187CE62C,2026-07,2026-07-22,1461.0,1506.1,45.1,False,False
T6DD4962896,2026-07,2026-07-25,543.2,554.6,11.4,False,False
T57E5EAB9B8,2026-07,2026-07-21,1303.0,1315.9,12.9,False,False
T0D1C506545,2026-07,2026-07-20,1077.1,1088.8,11.7,False,False
T16385BC409,2026-07,2026-07-20,493.8,502.0,8.2,False,False
T703E749B16,2026-07,2026-07-24,982.9,982.9,0.0,True,False
TE03815B898,2026-07,2026-07-25,1812.7,1829.6,16.9,False,False
T5EDC8CD764,2026-07,2026-07-24,1351.5,1369.5,18.0,False,False
T8A0E42EA46,2026-07,2026-07-24,1482.0,1500.4,18.4,False,False
T58E4665FE8,2026-07,2026-07-25,795.9,815.0,19.1,False,False
T45A3829C6C,2026-07,2026-07-20,571.2,586.4,15.2,False,False
T0F2B41D96D,2026-07,2026-07-22,1006.2,1041.0,34.8,False,False
T45E4DAC832,2026-07,2026-07-21,1054.5,1067.6,13.1,False,False
TB308B5DC7A,2026-07,2026-07-21,1444.4,1459.4,15.0,False,False
T5A52BDFD5B,2026-07,2026-07-23,1348.5,1354.6,6.1,False,False
T3B6195226D,2026-07,2026-07-23,843.2,863.8,20.6,False,False
TEF3ACC364D,2026-07,2026-07-20,369.8,381.0,11.2,False,False
T0E3944E1C7,2026-07,2026-07-25,1699.9,1716.2,16.3,False,False
TC5E02C2AE1,2026-07,2026-07-22,1025.5,1031.4,5.9,False,False
T9C181CA6B2,2026-07,2026-07-22,1056.1,1071.0,14.9,False,False
T46D0D9FE06,2026-07,2026-07-25,1207.0,1220.7,13.7,False,False
T3763EE0258,2026-07,2026-07-24,516.0,526.8,10.8,False,False
TB6793708AF,2026-07,2026-07-20,990.3,997.5,7.2,False,False
T02BF3919B7,2026-07,2026-07-24,1459.6,1459.6,0.0,True,False
T61903D0C08,2026-07,2026-07-22,679.3,688.3,9.0,False,False
T1540962193,2026-07,2026-07-24,2352.7,2444.4,91.7,False,False
TE8DF4BFC62,2026-07,2026-07-22,2433.1,2477.6,44.5,False,False
T97A5E4F98E,2026-07,2026-07-25,1508.8,1520.9,12.1,False,False
TB2B631F6DE,2026-07,2026-07-20,417.7,427.5,9.8,False,False
TFD4476DD46,2026-07,2026-07-23,1200.4,1224.3,23.9,False,False
T63AE43B763,2026-07,2026-07-25,1515.8,1541.0,25.2,False,False
TF7E0F3ADFA,2026-07,2026-07-21,631.8,635.1,3.3,False,False
T9F3D4A99A8,2026-07,2026-07-20,1099.3,1104.4,5.1,False,False
T3AF0CA5142,2026-07,2026-07-25,1934.5,1934.5,0.0,True,False
T525C93E294,2026-07,2026-07-24,480.8,491.6,10.8,False,False
TA60FF3309B,2026-07,2026-07-22,1419.5,1432.2,12.7,False,False
T6230F0F81A,2026-07,2026-07-23,438.3,447.8,9.5,False,False
T486DC7662A,2026-07,2026-07-21,5899.3,6064.2,164.9,False,False
T0DD0FDF0BD,2026-07,2026-07-24,1024.9,1050.1,25.2,False,False
T81EEF6FCD3,2026-07,2026-07-22,1024.3,1037.4,13.1,False,False
T6269371CAA,2026-07,2026-07-20,1566.9,1573.3,6.4,False,False
TF7BDB30AC3,2026-07,2026-07-22,1213.6,1237.5,23.9,False,False
TC1EBE75CAC,2026-07,2026-07-21,1373.2,1395.8,22.6,False,False
T0A0805FB46,2026-07,2026-07-23,2016.1,2032.9,16.8,False,False
T7C1EBC3C4C,2026-07,2026-07-20,786.2,814.1,27.9,False,False
TFB5558315C,2026-07,2026-07-22,576.8,596.2,19.4,False,False
T4D34DCD6FE,2026-07,2026-07-22,1017.1,1017.1,0.0,True,False
T8F2163E1AC,2026-07,2026-07-20,1973.4,1973.4,0.0,True,False
T6D36EEA27E,2026-07,2026-07-25,494.9,511.1,16.2,False,False
TD718599337,2026-07,2026-07-25,1717.4,1768.8,51.4,False,False
TACFC1D584E,2026-07,2026-07-20,1686.1,1705.9,19.8,False,False
TE1CE4D9E5A,2026-07,2026-07-25,615.1,626.5,11.4,False,False
TEEB9050E6F,2026-07,2026-07-24,1180.6,1202.4,21.8,False,False
T266175A7E1,2026-07,2026-07-25,1885.4,1901.2,15.8,False,False
T188F8436EB,2026-07,2026-07-22,656.3,665.5,9.2,False,False
TBF5EF4019A,2026-07,2026-07-25,1023.7,1036.7,13.0,False,False
TF8038E3438,2026-07,2026-07-20,918.9,930.0,11.1,False,False
T14A35B501D,2026-07,2026-07-25,1709.8,1736.4,26.6,False,False
TACA1F6575E,2026-07,2026-07-20,302.2,310.8,8.6,False,False
T425CF74F89,2026-07,2026-07-23,1012.7,1014.6,1.9,False,False
T7E561E41DF,2026-07,2026-07-23,1845.6,1863.3,17.7,False,False
TAE21909B09,2026-07,2026-07-21,811.9,823.9,12.0,False,False
TA49FD77129,2026-07,2026-07-22,1728.0,1762.2,34.2,False,False
T83C53CBDE3,2026-07,2026-07-23,1213.7,1230.1,16.4,False,False
T8989E9F3E0,2026-07,2026-07-20,1580.4,1605.6,25.2,False,False
T0E868A3F47,2026-07,2026-07-24,1953.6,1976.1,22.5,False,False
TAA4A146A6F,2026-07,2026-07-23,1154.6,1168.3,13.7,False,False
T929701588B,2026-07,2026-07-21,748.2,754.9,6.7,False,False
TCBA87E8F93,2026-07,2026-07-22,1818.0,1833.9,15.9,False,False
T71B2CE98BC,2026-07,2026-07-25,2032.9,2058.8,25.9,False,False
T3104E606FB,2026-07,2026-07-25,1813.9,1832.5,18.6,False,False
TC9C584B8EF,2026-07,2026-07-22,833.7,847.5,13.8,False,False
T42EAACA5A6,2026-07,2026-07-22,717.3,733.5,16.2,False,False
T27CD292019,2026-07,2026-07-25,1876.5,1899.2,22.7,False,False
T2631941D4D,2026-07,2026-07-23,1958.0,1958.0,0.0,True,False
TD6D0D046B5,2026-07,2026-07-24,538.7,546.8,8.1,False,False
T930BCF26DA,2026-07,2026-07-24,1811.8,1825.4,13.6,False,False
T7A263D97A8,2026-07,2026-07-23,630.6,648.5,17.9,False,False
T84CC232045,2026-07,2026-07-20,1250.0,1262.6,12.6,False,False
T1F7089E5B3,2026-07,2026-07-20,1748.3,1775.6,27.3,False,False
T6DD01C39D7,2026-07,2026-07-20,1756.1,1789.0,32.9,False,False
TE3814F5946,2026-07,2026-07-22,1266.3,1275.5,9.2,False,False
T260F6D657D,2026-07,2026-07-20,1864.8,1880.3,15.5,False,False
TF9F158A927,2026-07,2026-07-23,1107.2,1129.6,22.4,False,False
T2A78E596A5,2026-07,2026-07-25,912.3,929.6,17.3,False,False
T48829C6681,2026-07,2026-07-20,1039.0,1053.9,14.9,False,False
T5446AB5D4F,2026-07,2026-07-23,1585.1,1596.5,11.4,False,False
T6FEE2A0A85,2026-07,2026-07-23,537.0,548.6,11.6,False,False
T37BA3005AD,2026-07,2026-07-23,1537.0,1560.6,23.6,False,False
T599538981A,2026-07,2026-07-21,2017.9,2070.9,53.0,False,False
TC1FE3D7E79,2026-07,2026-07-24,1446.9,1462.0,15.1,False,False
TAB633F4546,2026-07,2026-07-22,582.3,598.0,15.7,False,False
TEF123948C4,2026-07,2026-07-23,817.3,827.5,10.2,False,False
T50EA3E30B0,2026-07,2026-07-22,1350.7,1362.0,11.3,False,False
T10E8B50E63,2026-07,2026-07-20,1866.5,1901.4,34.9,False,False
T75445AB825,2026-07,2026-07-25,1411.2,1425.5,14.3,False,False
T9AEC04CEE6,2026-07,2026-07-24,427.8,438.1,10.3,False,False
TE59C7E0558,2026-07,2026-07-21,606.4,,,False,False
T017F5CC857,2026-07,2026-07-23,1781.8,1804.6,22.8,False,False
T5740214D00,2026-07,2026-07-21,555.9,561.9,6.0,False,False
TA54FDBC969,2026-07,2026-07-24,1653.9,1692.2,38.3,False,False
T79348D1D8C,2026-07,2026-07-25,1736.3,1780.0,43.7,False,False
T0C38B9638D,2026-07,2026-07-25,1377.2,1405.0,27.8,False,False
TF8CD7DEDDA,2026-07,2026-07-25,1088.9,1106.4,17.5,False,False
TD4AA44C620,2026-07,2026-07-25,1073.6,1073.6,0.0,True,False
TBA22021045,2026-07,2026-07-24,1744.5,1805.4,60.9,False,False
TAE4991C39A,2026-07,2026-07-20,1774.9,1793.1,18.2,False,False
T926427EC22,2026-07,2026-07-25,969.5,981.1,11.6,False,False
T03F3726F54,2026-07,2026-07-22,1216.4,1228.2,11.8,False,False
T9C5C1B51E6,2026-07,2026-07-25,626.4,651.2,24.8,False,False
TAB67F85714,2026-07,2026-07-23,1930.2,1947.3,17.1,False,False
T021E4A2B45,2026-07,2026-07-25,830.6,843.6,13.0,False,False
T9C284C6EDE,2026-07,2026-07-21,1817.4,1840.5,23.1,False,False
TE5AE06739E,2026-07,2026-07-22,489.3,501.6,12.3,False,False
T01F422D988,2026-07,2026-07-24,1737.5,1748.7,11.2,False,False
T812E69DF24,2026-07,2026-07-25,1927.7,1987.3,59.6,False,False
T1753290875,2026-07,2026-07-21,1701.4,1719.0,17.6,False,False
T6453265506,2026-07,2026-07-23,4237.8,4323.9,86.1,False,False
T3DCE54CBCD,2026-07,2026-07-24,433.2,441.9,8.7,False,False
T25A59C1230,2026-07,2026-07-24,694.2,734.3,40.1,False,False
T7149DBE7E7,2026-07,2026-07-21,1612.2,1653.9,41.7,False,False
T17B01CE93D,2026-07,2026-07-25,1620.5,1630.3,9.8,False,False
T2A7B7C0706,2026-07,2026-07-20,1614.3,1628.9,14.6,False,False
TA2A12750E0,2026-07,2026-07-22,725.4,734.4,9.0,False,False
TCDF5CCF9D1,2026-07,2026-07-24,1991.1,2010.8,19.7,False,False
T136877D852,2026-07,2026-07-21,1508.8,1525.8,17.0,False,False
TD93E7F3525,2026-07,2026-07-24,1416.4,1424.1,7.7,False,False
T9E698DAD97,2026-07,2026-07-22,628.2,646.0,17.8,False,False
TA7CD008CD2,2026-07,2026-07-20,1808.1,1868.9,60.8,False,True
TB5E2F0D295,2026-07,2026-07-25,1181.1,1191.3,10.2,False,False
T886651EB56,2026-07,2026-07-21,2083.6,2110.3,26.7,False,False
T726E26C014,2026-07,2026-07-23,609.9,619.4,9.5,False,False
T47801013F9,2026-07,2026-07-25,524.2,540.5,16.3,False,False
T7B44E5C01C,2026-07,2026-07-20,1199.6,1204.4,4.8,False,False
T06E1B5C91E,2026-07,2026-07-24,889.6,904.5,14.9,False,False
TBD7AFAA9AB,2026-07,2026-07-22,1486.5,1504.4,17.9,False,False
T3A8AE15DE9,2026-07,2026-07-23,1219.6,1229.9,10.3,False,False
T90FCBE8560,2026-07,2026-07-22,1469.2,1483.8,14.6,False,False
T6B76BCDCC8,2026-07,2026-07-24,2631.2,2671.7,40.5,False,False
T6B61D786E8,2026-07,2026-07-25,1223.1,1235.4,12.3,False,False
TD8B8E83F9D,2026-07,2026-07-20,1584.9,1600.2,15.3,False,False
T353F39960E,2026-07,2026-07-23,580.0,580.0,0.0,True,False
TC44518846F,2026-07,2026-07-22,612.3,628.0,15.7,False,False
T3DBD424B8F,2026-07,2026-07-24,824.8,837.0,12.2,False,False
TB8E4E6CA4C,2026-07,2026-07-25,1422.0,1422.0,0.0,True,False
T54630B6404,2026-07,2026-07-25,614.8,91.40808041758913,0.0,True,False
T71623730B1,2026-07,2026-07-20,1329.4,1346.5,17.1,False,False
T7436A106AE,2026-07,2026-07-22,607.0,619.5,12.5,False,False
T6191B8FD69,2026-07,2026-07-22,1343.9,1354.2,10.3,False,False
TBA7727A83B,2026-07,2026-07-20,681.2,690.9,9.7,False,False
T66B24DDB8C,2026-07,2026-07-24,1858.9,1877.5,18.6,False,False
T0EAA0EDBAF,2026-07,2026-07-20,1280.6,1310.7,30.1,False,False
TDCBC842E3A,2026-07,2026-07-21,916.5,934.2,17.7,False,False
T305BACE840,2026-07,2026-07-24,1067.5,1082.8,15.3,False,False
TAD0E244201,2026-07,2026-07-20,1455.5,1474.3,18.8,False,False
T824A68B378,2026-07,2026-07-21,1361.5,1367.5,6.0,False,False
T9F72B39B89,2026-07,2026-07-25,832.7,845.8,13.1,False,False
T0380D1AD85,2026-07,2026-07-23,1388.1,1408.0,19.9,False,False
TD58AFBB420,2026-07,2026-07-21,2750.9,2804.0,53.1,False,False
TB1A6FA6009,2026-07,2026-07-22,578.6,589.5,10.9,False,False
TB95EB354D9,2026-07,2026-07-22,1408.7,1433.9,25.2,False,False
T6EBEC2B9E3,2026-07,2026-07-22,757.8,768.0,10.2,False,False
TCBAFB86C54,2026-07,2026-07-22,1763.3,1776.2,12.9,False,False
T2D884BEE59,2026-07,2026-07-21,1591.1,1612.9,21.8,False,False
T81E3CAC404,2026-07,2026-07-22,1479.2,1488.2,9.0,False,False
TB13246DF04,2026-07,2026-07-21,2863.5,2915.6,52.1,False,False
T38FC29870C,2026-07,2026-07-25,1061.1,1068.1,7.0,False,False
T0B952300A6,2026-07,2026-07-23,1380.3,1395.0,14.7,False,False
T592EE5AE5A,2026-07,2026-07-25,713.1,726.0,12.9,False,False
T8AB7B992DC,2026-07,2026-07-23,1714.1,1725.0,10.9,False,False
TE13531501B,2026-07,2026-07-23,435.2,435.2,0.0,True,False
T603C6A7DDF,2026-07,2026-07-22,2500.8,2551.2,50.4,False,False
T9B1CF87E17,2026-07,2026-07-24,872.5,885.1,12.6,False,False
T7E47E27FFB,2026-07,2026-07-20,1268.9,1283.0,14.1,False,False
T2FE3E18EED,2026-07,2026-07-25,1253.4,1266.3,12.9,False,False
T518FD2CD05,2026-07,2026-07-21,993.4,1014.0,20.6,False,False
TCA03B52F53,2026-07,2026-07-23,550.4,561.4,11.0,False,False
TC97F0C81C8,2026-07,2026-07-21,3804.8,3960.7,155.9,False,False
T5825BB17FC,2026-07,2026-07-23,1393.7,1450.4,56.7,False,False
TC5E185C6E8,2026-07,2026-07-21,381.2,395.8,14.6,False,False
TEAD9E81003,2026-07,2026-07-22,1047.7,1060.6,12.9,False,False
TE23D5A574A,2026-07,2026-07-25,1030.7,1039.8,9.1,False,False
T04048D53A3,2026-07,2026-07-23,790.9,799.4,8.5,False,False
TE1AA9E77A7,2026-07,2026-07-21,999.0,1004.4,5.4,False,False
TC54C99BA73,2026-07,2026-07-24,1283.0,,,False,False
T013C0F8B57,2026-07,2026-07-25,1543.2,1555.6,12.4,False,False
T3C23C0A42C,2026-07,2026-07-22,1277.6,1277.6,0.0,True,False
TEDB2598366,2026-07,2026-07-23,1347.4,1359.5,12.1,False,False
T03D524AC98,2026-07,2026-07-22,1665.4,1680.7,15.3,False,False
T9B658694D7,2026-07,2026-07-22,974.3,997.7,23.4,False,False
T827DB403EF,2026-07,2026-07-20,1055.8,1058.9,3.1,False,False
TD5960FA89C,2026-07,2026-07-21,1446.1,1461.6,15.5,False,False
TEB9CD6778B,2026-07,2026-07-20,1666.1,1681.8,15.7,False,False
TCFB896C903,2026-07,2026-07-21,851.0,864.9,13.9,False,False
T4EBE5132B6,2026-07,2026-07-23,1196.7,1234.7,38.0,False,True
TD6D7800440,2026-07,2026-07-20,1597.9,1607.4,9.5,False,False
TB1AE49FA20,2026-07,2026-07-22,667.0,674.7,7.7,False,False
TF4940B0970,2026-07,2026-07-23,1300.0,1314.2,14.2,False,False
T6492EC951E,2026-07,2026-07-25,1384.9,1439.7,54.8,False,False
T5B2FD74A85,2026-07,2026-07-22,1681.8,1696.5,14.7,False,False
TCF1A6CDF80,2026-07,2026-07-20,631.7,654.1,22.4,False,False
TBA965CD37E,2026-07,2026-07-23,456.2,471.7,15.5,False,False
T8917AF33E8,2026-07,2026-07-22,1865.1,1933.7,68.6,False,False
T4F696F6C0E,2026-07,2026-07-23,582.0,596.9,14.9,False,False
TFB9BD0FCA4,2026-07,2026-07-23,2110.1,2146.2,36.1,False,False
T6372E1147F,2026-07,2026-07-20,1339.9,1339.9,0.0,True,False
T8B4FC280C2,2026-07,2026-07-20,619.8,634.7,14.9,False,False
T0AF0DD2FE5,2026-07,2026-07-23,1156.1,1167.9,11.8,False,False
T9BABD62590,2026-07,2026-07-24,1916.4,1952.8,36.4,False,False
TBBD0028CDB,2026-07,2026-07-25,1041.0,1056.8,15.8,False,False
T30E453AB34,2026-07,2026-07-24,1134.6,1145.5,10.9,False,False
T7DC59256DC,2026-07,2026-07-20,959.8,981.3,21.5,False,False
TCC371206BC,2026-07,2026-07-23,628.2,642.9,14.7,False,False
TDEF092A4C5,2026-07,2026-07-22,1551.7,1562.6,10.9,False,False
TE13FCEC631,2026-07,2026-07-22,1241.2,1241.2,0.0,True,False
T7C3F6A8162,2026-07,2026-07-22,1665.6,1686.9,21.3,False,False
T0F4A3A74ED,2026-07,2026-07-23,1058.8,1084.2,25.4,False,False
T5BEF82BC17,2026-07,2026-07-25,1509.6,1522.4,12.8,False,False
T07AC5856A4,2026-07,2026-07-24,736.0,744.2,8.2,False,False
T0185184B59,2026-07,2026-07-25,1334.9,1348.6,13.7,False,False
T79F8E1FAE8,2026-07,2026-07-22,441.7,456.6,14.9,False,False
T4D40D256FE,2026-07,2026-07-20,1348.3,1348.3,0.0,True,False
TE74495FCDD,2026-07,2026-07-25,1675.7,1688.1,12.4,False,False
TAD9ED625D1,2026-07,2026-07-24,1642.8,1663.1,20.3,False,False
TE7328B9E12,2026-07,2026-07-20,689.4,694.2,4.8,False,False
T5FC1C50126,2026-07,2026-07-21,1480.0,1499.4,19.4,False,False
T203C71CAC2,2026-07,2026-07-23,1844.3,1864.3,20.0,False,False
T1D1F227112,2026-07,2026-07-24,919.1,935.1,16.0,False,False
TF62BDC6E96,2026-07,2026-07-21,1804.5,1824.1,19.6,False,False
T5D35014BC6,2026-07,2026-07-25,1685.2,1691.1,5.9,False,False
T9C80DA594D,2026-07,2026-07-22,797.3,808.4,11.1,False,False
T575100FEE6,2026-07,2026-07-22,837.9,863.8,25.9,False,False
TFF833858D4,2026-07,2026-07-24,1762.4,1772.6,10.2,False,False
T44C452513D,2026-07,2026-07-24,1002.4,1015.9,13.5,False,False
TC11C4F89B7,2026-07,2026-07-21,685.5,706.7,21.2,False,False
T519E11C12F,2026-07,2026-07-22,420.5,431.5,11.0,False,False
T1D1C3809AD,2026-07,2026-07-21,1592.1,1635.7,43.6,False,False
T2F89E8ED6F,2026-07,2026-07-25,1597.2,1614.1,16.9,False,False
TED624C9B29,2026-07,2026-07-25,1576.5,1592.6,16.1,False,False
T80599540B9,2026-07,2026-07-21,725.4,759.2,33.8,False,False
T99F86EAA03,2026-07,2026-07-21,1186.9,1207.9,21.0,False,False
T48E474E620,2026-07,2026-07-22,1529.2,1545.1,15.9,False,False
T62F138B69F,2026-07,2026-07-20,1624.8,1646.8,22.0,False,False
T0ABCC73F5F,2026-07,2026-07-21,1469.3,1479.8,10.5,False,False
T451A03E5F4,2026-07,2026-07-23,1299.1,1333.1,34.0,False,False
T28A5C3A212,2026-07,2026-07-21,1023.8,1031.8,8.0,False,False
T9BF23AC92B,2026-07,2026-07-24,1246.2,1259.7,13.5,False,False
T8D847ABAD5,2026-07,2026-07-21,994.6,1001.8,7.2,False,False
T79AD100612,2026-07,2026-07-21,1453.0,1476.9,23.9,False,False
T595C48877B,2026-07,2026-07-21,1335.2,1348.1,12.9,False,False
T7E1F631507,2026-07,2026-07-24,527.7,548.2,20.5,False,False
T7CEE29F570,2026-07,2026-07-24,585.8,594.9,9.1,False,False
TB28F8F08F4,2026-07,2026-07-24,954.6,964.3,9.7,False,False
T741A1119FA,2026-07,2026-07-22,755.5,775.4,19.9,False,False
T26862D1A4A,2026-07,2026-07-20,2338.2,2375.5,37.3,False,False
TCB96D14BFD,2026-07,2026-07-20,819.2,836.6,17.4,False,False
TF07D19AE17,2026-07,2026-07-25,990.9,1026.5,35.6,False,False
T7AE1E63696,2026-07,2026-07-24,1624.8,1642.1,17.3,False,False
TEA687BEEC8,2026-07,2026-07-23,686.1,698.4,12.3,False,False
T5C97BD73CE,2026-07,2026-07-21,1790.7,1805.1,14.4,False,False
T64DF103F27,2026-07,2026-07-22,545.6,554.4,8.8,False,False
T962D5133B5,2026-07,2026-07-24,1547.5,1565.9,18.4,False,False
TFAE2AFD636,2026-07,2026-07-21,1542.3,1550.1,7.8,False,False
T8237A9AE83,2026-07,2026-07-20,707.7,723.3,15.6,False,False
T124789ED12,2026-07,2026-07-23,984.3,,,False,False
T77D8F1F07B,2026-07,2026-07-21,1746.0,1793.1,47.1,False,False
T88E01EE6A9,2026-07,2026-07-23,1019.2,1038.4,19.2,False,False
TCCA2F0E6D1,2026-07,2026-07-23,750.2,763.4,13.2,False,False
TE7C4074532,2026-07,2026-07-24,844.6,872.1,27.5,False,False
TE08ACE6D71,2026-07,2026-07-24,1853.1,1874.0,20.9,False,False
TF5AB4BC37D,2026-07,2026-07-20,807.7,827.6,19.9,False,False
T31A37C291B,2026-07,2026-07-22,344.3,357.4,13.1,False,False
T85072A41C6,2026-07,2026-07-25,1513.0,1524.4,11.4,False,False
T3DB8E8C91B,2026-07,2026-07-25,1248.9,1260.3,11.4,False,False
T1F21C0A526,2026-07,2026-07-23,705.2,720.9,15.7,False,False
TC653350390,2026-07,2026-07-22,1588.4,1600.4,12.0,False,False
TF357DF2C85,2026-07,2026-07-22,971.2,988.3,17.1,False,False
TC2B54F643A,2026-07,2026-07-22,583.8,595.6,11.8,False,False
T62A907AFA1,2026-07,2026-07-24,801.3,810.6,9.3,False,False
T9B926E1A60,2026-07,2026-07-23,991.4,1002.4,11.0,False,False
T95A557D58C,2026-07,2026-07-21,4564.6,4727.2,162.6,False,False
T4FD73F8DF8,2026-07,2026-07-24,417.4,426.3,8.9,False,False
TAA9E781779,2026-07,2026-07-23,1322.8,1339.0,16.2,False,False
T5AB667FA59,2026-07,2026-07-20,1599.0,1627.4,28.4,False,False
T2FB8838715,2026-07,2026-07-24,1797.6,1814.8,17.2,False,False
TDC0B728E72,2026-07,2026-07-22,2024.6,2076.5,51.9,False,False
T500E1E73A5,2026-07,2026-07-22,1097.7,1108.7,11.0,False,False
T518D652731,2026-07,2026-07-25,1018.3,1038.7,20.4,False,False
T5F78380FF1,2026-07,2026-07-22,1101.0,1113.4,12.4,False,False
T2269F4C04A,2026-07,2026-07-25,1953.1,1989.1,36.0,False,False
T75D0C6EEF9,2026-07,2026-07-23,3992.3,4101.3,109.0,False,False
T08C84C6180,2026-07,2026-07-20,670.9,692.1,21.2,False,False
TBE3328794F,2026-07,2026-07-22,1175.3,1181.8,6.5,False,False
T7BF732B1D4,2026-07,2026-07-24,1388.4,1402.1,13.7,False,False
T680C591820,2026-07,2026-07-23,1254.2,1260.3,6.1,False,False
T87B30A11CA,2026-07,2026-07-24,1719.1,1731.3,12.2,False,False
T2C69DDD554,2026-07,2026-07-22,1777.9,1832.4,54.5,False,False
TB5DCDB3D2B,2026-07,2026-07-22,1492.7,1502.0,9.3,False,False
TF1BF705581,2026-07,2026-07-24,1085.9,1106.5,20.6,False,False
T7861C2062B,2026-07,2026-07-21,2293.1,2322.6,29.5,False,False
T3E7A117328,2026-07,2026-07-25,674.4,686.6,12.2,False,False
T626DE7D352,2026-07,2026-07-24,2309.9,2309.9,0.0,True,False
T30CED3EF6B,2026-07,2026-07-23,1369.8,1392.1,22.3,False,False
T6F621D315F,2026-07,2026-07-23,691.2,715.3,24.1,False,False
T5AEAFABEEB,2026-07,2026-07-23,1230.7,1230.7,0.0,True,False
T6E1A658692,2026-07,2026-07-21,908.0,924.4,16.4,False,False
TDFD739AFF7,2026-07,2026-07-22,1642.4,1653.3,10.9,False,False
T0E7497BE87,2026-07,2026-07-21,497.3,505.7,8.4,False,False
T63245D9338,2026-07,2026-07-24,725.0,747.1,22.1,False,False
T2FC1A9FEB9,2026-07,2026-07-20,729.0,750.4,21.4,False,False
TE5572E3B77,2026-07,2026-07-20,1623.0,1631.7,8.7,False,False
T93AE74FC8C,2026-07,2026-07-22,1220.5,1236.8,16.3,False,False
TCE4F3C1854,2026-07,2026-07-25,2321.6,2352.3,30.7,False,False
T623FDA0FEC,2026-07,2026-07-20,1138.6,1156.7,18.1,False,False
T6FCD9FC327,2026-07,2026-07-24,561.5,568.3,6.8,False,False
T26D49D2B10,2026-07,2026-07-23,1569.4,1591.5,22.1,False,False
T6B0F45148F,2026-07,2026-07-22,2629.0,2720.3,91.3,False,False
T5DA6DABC22,2026-07,2026-07-21,902.6,915.6,13.0,False,False
T4C0FAA9237,2026-07,2026-07-24,1279.5,1295.0,15.5,False,False
T629B85F6AE,2026-07,2026-07-23,1755.7,1773.6,17.9,False,False
TE6221DA147,2026-07,2026-07-25,1032.9,1032.9,0.0,True,False
T7092CB932F,2026-07,2026-07-23,1687.0,1701.6,14.6,False,False
T38F3AD60D6,2026-07,2026-07-22,808.1,827.1,19.0,False,False
T051D6304AA,2026-07,2026-07-21,1295.5,1308.8,13.3,False,False
T1677509027,2026-07,2026-07-21,813.0,829.9,16.9,False,False
TCE43CAAFDD,2026-07,2026-07-22,1247.6,1258.5,10.9,False,False
TD6051C60DD,2026-07,2026-07-22,1909.8,1946.3,36.5,False,False
TD81C7B0AC7,2026-07,2026-07-24,1760.8,1760.8,0.0,True,False
TEB9B6A4FBC,2026-07,2026-07-20,1139.9,1151.9,12.0,False,False
T8E67D26322,2026-07,2026-07-22,1967.3,1988.8,21.5,False,False
T0E8259349E,2026-07,2026-07-20,536.8,554.9,18.1,False,False
TEC586A8374,2026-07,2026-07-24,1240.7,1252.0,11.3,False,False
T1E40F3A239,2026-07,2026-07-24,1288.6,1297.8,9.2,False,False
T716C530DED,2026-07,2026-07-23,876.2,890.4,14.2,False,False
T7562476AEF,2026-07,2026-07-21,1979.4,2008.3,28.9,False,False
TB460453C4D,2026-07,2026-07-24,582.8,597.4,14.6,False,False
T4A69C0BA6F,2026-07,2026-07-22,890.8,910.0,19.2,False,False
TB3006B8F03,2026-07,2026-07-22,999.1,1011.4,12.3,False,False
TED3E393477,2026-07,2026-07-24,1946.1,1963.6,17.5,False,False
TA014F1FF15,2026-07,2026-07-25,1421.9,1437.2,15.3,False,False
T08D24C843D,2026-07,2026-07-22,765.4,787.3,21.9,False,False
T328C38D103,2026-07,2026-07-21,1962.7,1962.7,0.0,True,False
T5D52776F44,2026-07,2026-07-21,603.4,614.9,11.5,False,False
T350C7F0CAD,2026-07,2026-07-24,738.8,754.2,15.4,False,False
TE4BF83F9A5,2026-07,2026-07-20,1916.9,1949.3,32.4,False,False
T363192FB18,2026-07,2026-07-21,1378.8,1378.8,0.0,True,False
TE7D390D6E1,2026-07,2026-07-25,1303.8,1352.2,48.4,False,True
TEAED0D702E,2026-07,2026-07-24,1277.8,1293.8,16.0,False,False
T76D2631BBE,2026-07,2026-07-23,1526.9,1540.7,13.8,False,False
T41D9DAD65E,2026-07,2026-07-23,861.1,873.0,11.9,False,False
T4FB688BCF2,2026-07,2026-07-24,1458.5,1474.0,15.5,False,False
T49C247A691,2026-07,2026-07-20,933.3,952.6,19.3,False,False
TAD97E4B580,2026-07,2026-07-23,636.3,657.1,20.8,False,False
TA6D3C701E5,2026-07,2026-07-20,617.8,630.5,12.7,False,False
T1629374829,2026-07,2026-07-22,1373.4,1406.2,32.8,False,False
TE380DFCDD5,2026-07,2026-07-25,1417.6,1432.7,15.1,False,False
TC71E645A97,2026-07,2026-07-23,1097.0,1113.6,16.6,False,False
T3B2D063348,2026-07,2026-07-25,526.0,532.0,6.0,False,False
T6B0703F297,2026-07,2026-07-22,1269.7,1280.6,10.9,False,False
T2442BBD224,2026-07,2026-07-20,941.1,956.9,15.8,False,False
T94AEE9D59A,2026-07,2026-07-24,1169.7,1177.7,8.0,False,False
TC36C8FB548,2026-07,2026-07-20,1569.8,1579.3,9.5,False,False
TEA6C60108F,2026-07,2026-07-24,2365.8,2422.8,57.0,False,False
T5D0DA4A5A3,2026-07,2026-07-25,1170.6,1191.7,21.1,False,False
TCE2F3968A5,2026-07,2026-07-24,1264.4,1287.6,23.2,False,False
T3290CE40ED,2026-07,2026-07-22,1820.0,1845.2,25.2,False,False
TFF800A383C,2026-07,2026-07-24,1375.8,1386.6,10.8,False,False
T43D369AD4F,2026-07,2026-07-25,1010.4,1025.1,14.7,False,False
T2558B25F4A,2026-07,2026-07-20,377.9,390.2,12.3,False,False
TF2D53B5266,2026-07,2026-07-22,1677.8,1688.0,10.2,False,False
T46E626FB09,2026-07,2026-07-21,616.9,637.4,20.5,False,False
T7E0A59EC74,2026-07,2026-07-21,525.4,532.8,7.4,False,False
TDB77C6E5BA,2026-07,2026-07-23,835.8,848.1,12.3,False,False
TB2420A8657,2026-07,2026-07-25,1316.7,1329.0,12.3,False,False
TB1246EBDB6,2026-07,2026-07-25,751.2,758.4,7.2,False,False
T8C8BD1D187,2026-07,2026-07-22,1688.2,1712.0,23.8,False,False
T9A87FD75BB,2026-07,2026-07-25,819.0,833.0,14.0,False,False
T7220DB253B,2026-07,2026-07-21,1015.1,1038.4,23.3,False,False
T024582A041,2026-07,2026-07-20,1942.3,1976.5,34.2,False,False
TA3D7EB0EB6,2026-07,2026-07-22,1437.3,1439.0,1.7,False,False
T980F08905D,2026-07,2026-07-22,1581.1,1593.0,11.9,False,False
T0070991C4A,2026-07,2026-07-22,664.7,673.4,8.7,False,False
TE62F9D24A2,2026-07,2026-07-22,1136.1,1155.8,19.7,False,False
T660F58D22C,2026-07,2026-07-25,1606.3,1622.6,16.3,False,False
TC9C59FD3C0,2026-07,2026-07-22,1633.4,1643.6,10.2,False,False
TC85BCF4679,2026-07,2026-07-22,1028.0,1046.3,18.3,False,False
T711A4FB3DC,2026-07,2026-07-21,1424.4,1434.3,9.9,False,False
TDA01857472,2026-07,2026-07-23,773.7,778.4,4.7,False,False
T593C7D2F36,2026-07,2026-07-24,1142.2,1151.9,9.7,False,False
TAD1B3ECAF6,2026-07,2026-07-24,1109.6,1132.2,22.6,False,False
T62DB418771,2026-08,2026-08-21,1566.0,1584.5,18.5,False,False
T516D296A99,2026-08,2026-08-23,948.7,955.5,6.8,False,False
TF6199DECCB,2026-08,2026-08-22,1974.4,2016.7,42.3,False,False
TBFDD3649BD,2026-08,2026-08-23,1683.0,1694.7,11.7,False,False
T1A8F7C05C9,2026-08,2026-08-23,1416.1,1422.8,6.7,False,False
T6B4FC6C7C6,2026-08,2026-08-23,1158.2,1178.3,20.1,False,False
T6EE7490E19,2026-08,2026-08-20,1745.7,1757.7,12.0,False,False
T771EC6B537,2026-08,2026-08-21,1011.7,1011.7,0.0,True,False
TA87CD37475,2026-08,2026-08-24,852.5,875.0,22.5,False,False
T00048F12E2,2026-08,2026-08-21,359.6,370.0,10.4,False,False
TDE3B85E449,2026-08,2026-08-21,1413.7,1431.0,17.3,False,False
TDFD5EF1E2B,2026-08,2026-08-22,993.4,1011.4,18.0,False,False
T6BE1C12D07,2026-08,2026-08-21,3959.0,4091.3,132.3,False,False
TE17C7596F7,2026-08,2026-08-23,523.5,535.9,12.4,False,False
TF0590D064A,2026-08,2026-08-20,752.8,767.0,14.2,False,False
T0201C8273D,2026-08,2026-08-22,656.3,668.7,12.4,False,False
T416D725964,2026-08,2026-08-21,1463.2,1481.9,18.7,False,False
T592985E849,2026-08,2026-08-23,760.0,784.0,24.0,False,False
T8CFD079CB6,2026-08,2026-08-23,1879.6,1894.6,15.0,False,False
TD10A6EDCA0,2026-08,2026-08-23,1364.2,1384.8,20.6,False,False
T0CE7987E4B,2026-08,2026-08-20,2418.8,2490.0,71.2,False,False
T0F12629295,2026-08,2026-08-25,464.7,468.8,4.1,False,False
T7833B36159,2026-08,2026-08-23,1027.5,1041.1,13.6,False,False
T997FF51E88,2026-08,2026-08-21,1056.1,1065.7,9.6,False,False
TB0AFAFC426,2026-08,2026-08-25,3010.7,3127.9,117.2,False,True
T4B2228F178,2026-08,2026-08-23,942.7,959.2,16.5,False,False
T5D1D63651A,2026-08,2026-08-24,757.7,771.1,13.4,False,False
T005A9CE174,2026-08,2026-08-24,1510.6,1519.1,8.5,False,False
T0E572DDC2C,2026-08,2026-08-24,1242.0,1251.7,9.7,False,False
T6B4C3EB33E,2026-08,2026-08-23,1443.2,1447.3,4.1,False,False
T98621FD0F2,2026-08,2026-08-23,4194.0,4194.0,0.0,True,False
TCED7759D69,2026-08,2026-08-21,1666.7,1683.2,16.5,False,False
T148BA00559,2026-08,2026-08-20,1707.3,1735.9,28.6,False,False
T8EF8382AF5,2026-08,2026-08-22,1771.8,1782.2,10.4,False,False
T294140BCEC,2026-08,2026-08-21,768.9,787.7,18.8,False,False
T2B4ECE5F7A,2026-08,2026-08-24,731.0,745.2,14.2,False,False
TFCDB644B38,2026-08,2026-08-23,763.2,780.0,16.8,False,False
TF46C85CB55,2026-08,2026-08-23,806.1,811.6,5.5,False,False
T635E7348B0,2026-08,2026-08-20,870.0,892.4,22.4,False,False
TD950C1321E,2026-08,2026-08-25,667.4,681.6,14.2,False,False
T79F7CA1313,2026-08,2026-08-24,400.6,408.5,7.9,False,False
T1890D0D69D,2026-08,2026-08-22,1112.6,1129.4,16.8,False,False
T92ED6C6BBC,2026-08,2026-08-23,599.6,606.6,7.0,False,False
T1A234D637E,2026-08,2026-08-25,1478.0,1490.8,12.8,False,False
T0FA07C2AE6,2026-08,2026-08-23,581.7,597.3,15.6,False,True
T85D9327E38,2026-08,2026-08-23,1634.6,1646.4,11.8,False,False
T9B2220E701,2026-08,2026-08-21,1473.9,1495.1,21.2,False,False
T75AE25B236,2026-08,2026-08-25,1188.6,1188.6,0.0,True,False
T85C4B9E9BD,2026-08,2026-08-23,1325.5,1333.4,7.9,False,False
TAAC46C752C,2026-08,2026-08-25,1703.3,1709.3,6.0,False,False
TB5ABA37301,2026-08,2026-08-25,1327.7,1346.8,19.1,False,False
TDB1931905E,2026-08,2026-08-21,1213.8,1225.4,11.6,False,False
T8A79BCF725,2026-08,2026-08-20,1412.7,1419.3,6.6,False,False
T1383BC162C,2026-08,2026-08-20,1876.8,1889.5,12.7,False,False
TE3F34F661C,2026-08,2026-08-23,2452.0,2529.5,77.5,False,False
T945DF5CC73,2026-08,2026-08-20,1263.4,1271.6,8.2,False,False
T89289351AD,2026-08,2026-08-25,1480.5,1494.1,13.6,False,False
T3C6A8E589D,2026-08,2026-08-24,1007.1,1035.0,27.9,False,False
T9EDB41553F,2026-08,2026-08-20,394.8,400.9,6.1,False,False
T39FECD2D40,2026-08,2026-08-21,1206.9,1230.0,23.1,False,False
T393F331539,2026-08,2026-08-22,632.2,641.5,9.3,False,False
T44E572D176,2026-08,2026-08-23,812.3,860.9,48.6,False,True
T6A0C9518A5,2026-08,2026-08-25,1510.1,1521.4,11.3,False,False
T6F6C091F32,2026-08,2026-08-21,1637.7,1648.0,10.3,False,False
T0A7DFC3903,2026-08,2026-08-22,1854.8,1877.3,22.5,False,False
T4CA807AAAE,2026-08,2026-08-20,1251.7,1287.2,35.5,False,False
T292B036CC6,2026-08,2026-08-20,1216.6,1237.0,20.4,False,False
TF252236170,2026-08,2026-08-25,514.3,532.3,18.0,False,False
T47A88C447A,2026-08,2026-08-21,899.7,907.4,7.7,False,False
T29274E7656,2026-08,2026-08-21,685.6,703.0,17.4,False,False
TF94B3B4CEA,2026-08,2026-08-20,940.3,954.0,13.7,False,False
TD79C86593F,2026-08,2026-08-24,1435.8,1455.0,19.2,False,False
T042B2178D1,2026-08,2026-08-21,588.8,606.7,17.9,False,False
TE9E2B18053,2026-08,2026-08-21,1937.4,2009.0,71.6,False,False
T80D9A080BE,2026-08,2026-08-22,2770.7,2811.8,41.1,False,False
T580C1D0E5A,2026-08,2026-08-24,1961.4,2002.0,40.6,False,False
T262047037E,2026-08,2026-08-22,824.2,838.1,13.9,False,False
T997FBB56CB,2026-08,2026-08-21,1736.3,1750.9,14.6,False,False
T488907BADA,2026-08,2026-08-21,958.1,980.1,22.0,False,False
T959B664297,2026-08,2026-08-25,396.5,396.5,0.0,True,False
TCE4FA87780,2026-08,2026-08-22,1493.9,1505.8,11.9,False,False
T6A6F416B64,2026-08,2026-08-21,1353.9,1353.9,0.0,True,False
T5C22EC11B8,2026-08,2026-08-25,1892.8,1928.7,35.9,False,False
T132EB7CE2B,2026-08,2026-08-20,1408.5,1420.4,11.9,False,False
T011F73020E,2026-08,2026-08-23,1491.7,1505.7,14.0,False,False
T0197678D11,2026-08,2026-08-25,1631.0,1667.9,36.9,False,False
TBA58CFEBC6,2026-08,2026-08-24,2014.3,2034.6,20.3,False,False
T78A401EEAD,2026-08,2026-08-23,663.1,679.2,16.1,False,False
TE33F90B286,2026-08,2026-08-22,658.7,673.8,15.1,False,False
T761C9E26E6,2026-08,2026-08-20,739.0,752.7,13.7,False,False
T65187CE62C,2026-08,2026-08-21,1506.1,1548.3,42.2,False,False
T6DD4962896,2026-08,2026-08-23,554.6,554.6,0.0,True,False
T57E5EAB9B8,2026-08,2026-08-22,1315.9,1327.0,11.1,False,False
T0D1C506545,2026-08,2026-08-21,1088.8,1105.2,16.4,False,False
T16385BC409,2026-08,2026-08-20,502.0,509.3,7.3,False,False
T703E749B16,2026-08,2026-08-25,982.9,996.7,13.8,False,False
TE03815B898,2026-08,2026-08-21,1829.6,1847.8,18.2,False,False
T5EDC8CD764,2026-08,2026-08-22,1369.5,1385.2,15.7,False,False
T8A0E42EA46,2026-08,2026-08-24,1500.4,1512.1,11.7,False,False
T58E4665FE8,2026-08,2026-08-20,815.0,832.1,17.1,False,False
T45A3829C6C,2026-08,2026-08-24,586.4,600.6,14.2,False,False
T0F2B41D96D,2026-08,2026-08-20,1041.0,1071.5,30.5,False,False
T45E4DAC832,2026-08,2026-08-24,1067.6,1081.3,13.7,False,False
TB308B5DC7A,2026-08,2026-08-24,1459.4,1472.8,13.4,False,False
T5A52BDFD5B,2026-08,2026-08-20,1354.6,1354.6,0.0,True,False
T3B6195226D,2026-08,2026-08-23,863.8,884.3,20.5,False,False
TEF3ACC364D,2026-08,2026-08-22,381.0,396.0,15.0,False,False
T0E3944E1C7,2026-08,2026-08-21,1716.2,1726.1,9.9,False,False
TC5E02C2AE1,2026-08,2026-08-25,1031.4,1040.4,9.0,False,False
T9C181CA6B2,2026-08,2026-08-24,1071.0,1086.2,15.2,False,False
T46D0D9FE06,2026-08,2026-08-22,1220.7,1232.2,11.5,False,False
T3763EE0258,2026-08,2026-08-20,526.8,537.1,10.3,False,False
TB6793708AF,2026-08,2026-08-24,997.5,1007.2,9.7,False,False
T02BF3919B7,2026-08,2026-08-21,1459.6,1472.6,13.0,False,False
T61903D0C08,2026-08,2026-08-20,688.3,700.0,11.7,False,False
T1540962193,2026-08,2026-08-20,2444.4,2515.2,70.8,False,False
TE8DF4BFC62,2026-08,2026-08-22,2477.6,2512.2,34.6,False,False
T97A5E4F98E,2026-08,2026-08-22,1520.9,1540.3,19.4,False,False
TB2B631F6DE,2026-08,2026-08-21,427.5,436.6,9.1,False,False
TFD4476DD46,2026-08,2026-08-21,1224.3,1246.1,21.8,False,False
T63AE43B763,2026-08,2026-08-21,1541.0,1560.8,19.8,False,False
TF7E0F3ADFA,2026-08,2026-08-24,635.1,637.8,2.7,False,False
T9F3D4A99A8,2026-08,2026-08-25,1104.4,1108.8,4.4,False,False
T3AF0CA5142,2026-08,2026-08-21,1934.5,1975.1,40.6,False,False
T525C93E294,2026-08,2026-08-23,491.6,498.4,6.8,False,False
TA60FF3309B,2026-08,2026-08-25,1432.2,1447.0,14.8,False,False
T6230F0F81A,2026-08,2026-08-20,447.8,458.6,10.8,False,False
T486DC7662A,2026-08,2026-08-21,6064.2,6235.3,171.1,False,False
T0DD0FDF0BD,2026-08,2026-08-25,1050.1,1071.9,21.8,False,False
T81EEF6FCD3,2026-08,2026-08-23,1037.4,1049.0,11.6,False,False
T6269371CAA,2026-08,2026-08-21,1573.3,1585.6,12.3,False,False
TF7BDB30AC3,2026-08,2026-08-23,1237.5,1262.2,24.7,False,False
TC1EBE75CAC,2026-08,2026-08-22,1395.8,1395.8,0.0,True,False
T0A0805FB46,2026-08,2026-08-22,2032.9,2054.7,21.8,False,False
T7C1EBC3C4C,2026-08,2026-08-22,814.1,829.4,15.3,False,False
TFB5558315C,2026-08,2026-08-22,596.2,612.0,15.8,False,False
T4D34DCD6FE,2026-08,2026-08-24,1017.1,1034.1,17.0,False,False
T8F2163E1AC,2026-08,2026-08-25,1973.4,2000.4,27.0,False,False
T6D36EEA27E,2026-08,2026-08-20,511.1,524.7,13.6,False,False
TD718599337,2026-08,2026-08-22,1768.8,1807.6,38.8,False,False
TACFC1D584E,2026-08,2026-08-23,1705.9,1724.2,18.3,False,False
TE1CE4D9E5A,2026-08,2026-08-20,626.5,659.0,32.5,False,True
TEEB9050E6F,2026-08,2026-08-24,1202.4,1230.7,28.3,False,False
T266175A7E1,2026-08,2026-08-24,1901.2,1921.7,20.5,False,False
T188F8436EB,2026-08,2026-08-20,665.5,671.8,6.3,False,False
TBF5EF4019A,2026-08,2026-08-23,1036.7,1036.7,0.0,True,False
TF8038E3438,2026-08,2026-08-22,930.0,930.0,0.0,True,False
T14A35B501D,2026-08,2026-08-20,1736.4,1736.4,0.0,True,False
TACA1F6575E,2026-08,2026-08-21,310.8,320.1,9.3,False,False
T425CF74F89,2026-08,2026-08-21,1014.6,1017.3,2.7,False,False
T7E561E41DF,2026-08,2026-08-22,1863.3,1881.3,18.0,False,False
TAE21909B09,2026-08,2026-08-24,823.9,833.7,9.8,False,False
TA49FD77129,2026-08,2026-08-22,1762.2,1789.7,27.5,False,False
T83C53CBDE3,2026-08,2026-08-21,1230.1,1255.3,25.2,False,False
T8989E9F3E0,2026-08,2026-08-21,1605.6,1627.7,22.1,False,False
T0E868A3F47,2026-08,2026-08-24,1976.1,1996.0,19.9,False,False
TAA4A146A6F,2026-08,2026-08-21,1168.3,1168.3,0.0,True,False
T929701588B,2026-08,2026-08-22,754.9,760.8,5.9,False,False
TCBA87E8F93,2026-08,2026-08-25,1833.9,1853.2,19.3,False,False
T71B2CE98BC,2026-08,2026-08-21,2058.8,2077.6,18.8,False,False
T3104E606FB,2026-08,2026-08-25,1832.5,1847.3,14.8,False,False
TC9C584B8EF,2026-08,2026-08-20,847.5,856.6,9.1,False,False
T42EAACA5A6,2026-08,2026-08-23,733.5,743.6,10.1,False,False
T27CD292019,2026-08,2026-08-20,1899.2,1918.1,18.9,False,False
T2631941D4D,2026-08,2026-08-25,1958.0,1978.7,20.7,False,False
TD6D0D046B5,2026-08,2026-08-25,546.8,552.5,5.7,False,False
T930BCF26DA,2026-08,2026-08-20,1825.4,1844.4,19.0,False,False
T7A263D97A8,2026-08,2026-08-21,648.5,664.8,16.3,False,False
T84CC232045,2026-08,2026-08-20,1262.6,1273.1,10.5,False,False
T1F7089E5B3,2026-08,2026-08-20,1775.6,1801.5,25.9,False,False
T6DD01C39D7,2026-08,2026-08-20,1789.0,1821.8,32.8,False,False
TE3814F5946,2026-08,2026-08-21,1275.5,1283.6,8.1,False,False
T260F6D657D,2026-08,2026-08-21,1880.3,1898.7,18.4,False,False
TF9F158A927,2026-08,2026-08-24,1129.6,1145.6,16.0,False,False
T2A78E596A5,2026-08,2026-08-24,929.6,953.2,23.6,False,False
T48829C6681,2026-08,2026-08-20,1053.9,1070.1,16.2,False,False
T5446AB5D4F,2026-08,2026-08-22,1596.5,1604.1,7.6,False,False
T6FEE2A0A85,2026-08,2026-08-21,548.6,562.5,13.9,False,False
T37BA3005AD,2026-08,2026-08-23,1560.6,1579.9,19.3,False,False
T599538981A,2026-08,2026-08-21,2070.9,2116.5,45.6,False,False
TC1FE3D7E79,2026-08,2026-08-24,1462.0,1477.8,15.8,False,False
TAB633F4546,2026-08,2026-08-24,598.0,611.3,13.3,False,False
TEF123948C4,2026-08,2026-08-20,827.5,835.4,7.9,False,False
T50EA3E30B0,2026-08,2026-08-24,1362.0,1372.9,10.9,False,False
T10E8B50E63,2026-08,2026-08-24,1901.4,1938.9,37.5,False,False
T75445AB825,2026-08,2026-08-23,1425.5,1434.8,9.3,False,False
T9AEC04CEE6,2026-08,2026-08-21,438.1,449.7,11.6,False,False
TE59C7E0558,2026-08,2026-08-25,617.0,626.0,9.0,False,False
T017F5CC857,2026-08,2026-08-25,1804.6,1826.2,21.6,False,False
T5740214D00,2026-08,2026-08-20,561.9,577.6,15.7,False,True
TA54FDBC969,2026-08,2026-08-21,1692.2,1730.4,38.2,False,False
T79348D1D8C,2026-08,2026-08-22,1780.0,1832.9,52.9,False,False
T0C38B9638D,2026-08,2026-08-25,1405.0,1434.4,29.4,False,False
TF8CD7DEDDA,2026-08,2026-08-20,1106.4,1130.7,24.3,False,False
TD4AA44C620,2026-08,2026-08-20,1073.6,1088.8,15.2,False,False
TBA22021045,2026-08,2026-08-25,1805.4,1872.2,66.8,False,False
TAE4991C39A,2026-08,2026-08-20,1793.1,1809.1,16.0,False,False
T926427EC22,2026-08,2026-08-21,981.1,995.3,14.2,False,False
T03F3726F54,2026-08,2026-08-22,1228.2,1240.1,11.9,False,False
T9C5C1B51E6,2026-08,2026-08-21,651.2,666.7,15.5,False,False
TAB67F85714,2026-08,2026-08-20,1947.3,1964.2,16.9,False,False
T021E4A2B45,2026-08,2026-08-22,843.6,854.9,11.3,False,False
T9C284C6EDE,2026-08,2026-08-20,1840.5,1857.2,16.7,False,False
TE5AE06739E,2026-08,2026-08-22,501.6,514.9,13.3,False,False
T01F422D988,2026-08,2026-08-20,1748.7,1757.7,9.0,False,False
T812E69DF24,2026-08,2026-08-24,1987.3,1987.3,0.0,True,False
T1753290875,2026-08,2026-08-22,1719.0,1737.0,18.0,False,False
T6453265506,2026-08,2026-08-24,4323.9,4447.8,123.9,False,False
T3DCE54CBCD,2026-08,2026-08-21,441.9,448.5,6.6,False,False
T25A59C1230,2026-08,2026-08-25,734.3,752.9,18.6,False,False
T7149DBE7E7,2026-08,2026-08-24,1653.9,1685.7,31.8,False,False
T17B01CE93D,2026-08,2026-08-20,1630.3,1641.7,11.4,False,False
T2A7B7C0706,2026-08,2026-08-25,1628.9,562.5880734650779,10.9,False,False
TA2A12750E0,2026-08,2026-08-21,734.4,748.2,13.8,False,False
TCDF5CCF9D1,2026-08,2026-08-23,2010.8,2029.5,18.7,False,False
T136877D852,2026-08,2026-08-24,1525.8,1548.6,22.8,False,False
TD93E7F3525,2026-08,2026-08-25,1424.1,1430.8,6.7,False,False
T9E698DAD97,2026-08,2026-08-25,646.0,646.0,0.0,True,False
TA7CD008CD2,2026-08,2026-08-23,1868.9,1940.7,71.8,False,True
TB5E2F0D295,2026-08,2026-08-20,1191.3,1202.9,11.6,False,False
T886651EB56,2026-08,2026-08-20,2110.3,2130.4,20.1,False,False
T726E26C014,2026-08,2026-08-20,619.4,624.8,5.4,False,False
T47801013F9,2026-08,2026-08-24,540.5,554.8,14.3,False,False
T7B44E5C01C,2026-08,2026-08-22,1204.4,1208.1,3.7,False,False
T06E1B5C91E,2026-08,2026-08-23,904.5,914.3,9.8,False,False
TBD7AFAA9AB,2026-08,2026-08-21,1504.4,1518.9,14.5,False,False
T3A8AE15DE9,2026-08,2026-08-21,1229.9,1240.3,10.4,False,False
T90FCBE8560,2026-08,2026-08-25,1483.8,1501.3,17.5,False,False
T6B76BCDCC8,2026-08,2026-08-24,2671.7,2734.0,62.3,False,False
T6B61D786E8,2026-08,2026-08-22,1235.4,1249.4,14.0,False,False
TD8B8E83F9D,2026-08,2026-08-25,1600.2,1616.4,16.2,False,False
T353F39960E,2026-08,2026-08-22,580.0,585.4,5.4,False,False
TC44518846F,2026-08,2026-08-21,628.0,641.1,13.1,False,False
T3DBD424B8F,2026-08,2026-08-25,837.0,847.3,10.3,False,False
TB8E4E6CA4C,2026-08,2026-08-24,1422.0,1449.3,27.3,False,False
T54630B6404,2026-08,2026-08-23,614.8,631.0,16.2,False,False
T71623730B1,2026-08,2026-08-24,1346.5,1346.5,0.0,True,False
T7436A106AE,2026-08,2026-08-25,619.5,627.4,7.9,False,False
T6191B8FD69,2026-08,2026-08-22,1354.2,1362.4,8.2,False,False
TBA7727A83B,2026-08,2026-08-24,690.9,702.2,11.3,False,False
T66B24DDB8C,2026-08,2026-08-23,1877.5,1892.8,15.3,False,False
T0EAA0EDBAF,2026-08,2026-08-22,1310.7,1334.5,23.8,False,False
TDCBC842E3A,2026-08,2026-08-25,934.2,950.1,15.9,False,False
T305BACE840,2026-08,2026-08-24,1082.8,1098.4,15.6,False,False
TAD0E244201,2026-08,2026-08-22,1474.3,1499.5,25.2,False,False
T824A68B378,2026-08,2026-08-22,1367.5,1373.1,5.6,False,False
T9F72B39B89,2026-08,2026-08-20,845.8,855.3,9.5,False,False
T0380D1AD85,2026-08,2026-08-21,1408.0,1428.2,20.2,False,False
TD58AFBB420,2026-08,2026-08-24,2804.0,2856.1,52.1,False,False
TB1A6FA6009,2026-08,2026-08-20,589.5,599.0,9.5,False,False
TB95EB354D9,2026-08,2026-08-21,1433.9,1450.0,16.1,False,False
T6EBEC2B9E3,2026-08,2026-08-22,768.0,778.3,10.3,False,False
TCBAFB86C54,2026-08,2026-08-23,1776.2,1786.8,10.6,False,False
T2D884BEE59,2026-08,2026-08-22,1612.9,1632.0,19.1,False,False
T81E3CAC404,2026-08,2026-08-25,1488.2,1497.5,9.3,False,False
TB13246DF04,2026-08,2026-08-20,2915.6,2980.0,64.4,False,False
T38FC29870C,2026-08,2026-08-23,1068.1,1077.1,9.0,False,False
T0B952300A6,2026-08,2026-08-22,1395.0,1406.7,11.7,False,False
T592EE5AE5A,2026-08,2026-08-23,726.0,741.0,15.0,False,False
T8AB7B992DC,2026-08,2026-08-23,1725.0,1735.6,10.6,False,False
TE13531501B,2026-08,2026-08-23,435.2,444.8,9.6,False,False
T603C6A7DDF,2026-08,2026-08-22,2551.2,2600.5,49.3,False,False
T9B1CF87E17,2026-08,2026-08-24,885.1,899.5,14.4,False,False
T7E47E27FFB,2026-08,2026-08-22,1283.0,1294.8,11.8,False,False
T2FE3E18EED,2026-08,2026-08-22,1266.3,1280.4,14.1,False,False
T518FD2CD05,2026-08,2026-08-20,1014.0,1028.1,14.1,False,False
TCA03B52F53,2026-08,2026-08-24,561.4,581.9,20.5,False,False
TC97F0C81C8,2026-08,2026-08-23,3960.7,4086.3,125.6,False,False
T5825BB17FC,2026-08,2026-08-22,1450.4,1488.8,38.4,False,False
TC5E185C6E8,2026-08,2026-08-23,395.8,408.4,12.6,False,False
TEAD9E81003,2026-08,2026-08-21,1060.6,1072.5,11.9,False,False
TE23D5A574A,2026-08,2026-08-22,1039.8,1048.9,9.1,False,False
T04048D53A3,2026-08,2026-08-20,799.4,807.4,8.0,False,False
TE1AA9E77A7,2026-08,2026-08-25,1004.4,1009.5,5.1,False,False
TC54C99BA73,2026-08,2026-08-21,1319.5,1319.5,0.0,True,False
T013C0F8B57,2026-08,2026-08-22,1555.6,1567.8,12.2,False,False
T3C23C0A42C,2026-08,2026-08-25,1277.6,1295.3,17.7,False,False
TEDB2598366,2026-08,2026-08-25,1359.5,1371.8,12.3,False,False
T03D524AC98,2026-08,2026-08-22,1680.7,1693.7,13.0,False,False
T9B658694D7,2026-08,2026-08-25,997.7,1018.6,20.9,False,False
T827DB403EF,2026-08,2026-08-20,1058.9,1061.0,2.1,False,False
TD5960FA89C,2026-08,2026-08-23,1461.6,1476.1,14.5,False,False
TEB9CD6778B,2026-08,2026-08-22,1681.8,1693.5,11.7,False,False
TCFB896C903,2026-08,2026-08-22,864.9,879.2,14.3,False,False
T4EBE5132B6,2026-08,2026-08-21,1234.7,1280.1,45.4,False,True
TD6D7800440,2026-08,2026-08-20,1607.4,1619.6,12.2,False,False
TB1AE49FA20,2026-08,2026-08-25,674.7,681.6,6.9,False,False
TF4940B0970,2026-08,2026-08-23,1314.2,1325.1,10.9,False,False
T6492EC951E,2026-08,2026-08-20,1439.7,1475.6,35.9,False,False
T5B2FD74A85,2026-08,2026-08-21,1696.5,1714.9,18.4,False,False
TCF1A6CDF80,2026-08,2026-08-23,654.1,670.3,16.2,False,False
TBA965CD37E,2026-08,2026-08-25,471.7,484.4,12.7,False,False
T8917AF33E8,2026-08,2026-08-22,1933.7,1978.2,44.5,False,False
T4F696F6C0E,2026-08,2026-08-25,596.9,616.0,19.1,False,False
TFB9BD0FCA4,2026-08,2026-08-21,2146.2,2173.9,27.7,False,False
T6372E1147F,2026-08,2026-08-21,1339.9,1357.4,17.5,False,False
T8B4FC280C2,2026-08,2026-08-25,634.7,645.9,11.2,False,False
T0AF0DD2FE5,2026-08,2026-08-23,1167.9,1184.7,16.8,False,False
T9BABD62590,2026-08,2026-08-20,1952.8,1994.8,42.0,False,False
TBBD0028CDB,2026-08,2026-08-24,1056.8,1068.5,11.7,False,False
T30E453AB34,2026-08,2026-08-24,1145.5,1155.8,10.3,False,False
T7DC59256DC,2026-08,2026-08-22,981.3,1004.6,23.3,False,False
TCC371206BC,2026-08,2026-08-20,642.9,654.6,11.7,False,False
TDEF092A4C5,2026-08,2026-08-25,1562.6,1575.4,12.8,False,False
TE13FCEC631,2026-08,2026-08-20,1241.2,1258.5,17.3,False,False
T7C3F6A8162,2026-08,2026-08-20,1686.9,1704.7,17.8,False,False
T0F4A3A74ED,2026-08,2026-08-20,1084.2,1098.8,14.6,False,False
T5BEF82BC17,2026-08,2026-08-25,1522.4,,,False,False
T07AC5856A4,2026-08,2026-08-21,744.2,754.3,10.1,False,False
T0185184B59,2026-08,2026-08-25,1348.6,1360.4,11.8,False,False
T79F8E1FAE8,2026-08,2026-08-23,456.6,468.8,12.2,False,False
T4D40D256FE,2026-08,2026-08-22,1348.3,1371.9,23.6,False,False
TE74495FCDD,2026-08,2026-08-24,1688.1,1698.4,10.3,False,False
TAD9ED625D1,2026-08,2026-08-20,1663.1,1674.3,11.2,False,False
TE7328B9E12,2026-08,2026-08-23,694.2,701.4,7.2,False,False
T5FC1C50126,2026-08,2026-08-23,1499.4,1531.4,32.0,False,False
T203C71CAC2,2026-08,2026-08-23,1864.3,1886.0,21.7,False,False
T1D1F227112,2026-08,2026-08-25,935.1,947.5,12.4,False,False
TF62BDC6E96,2026-08,2026-08-25,1824.1,1842.5,18.4,False,False
T5D35014BC6,2026-08,2026-08-22,1691.1,1697.8,6.7,False,False
T9C80DA594D,2026-08,2026-08-24,808.4,819.7,11.3,False,False
T575100FEE6,2026-08,2026-08-24,863.8,887.0,23.2,False,False
TFF833858D4,2026-08,2026-08-24,1772.6,1784.4,11.8,False,False
T44C452513D,2026-08,2026-08-22,1015.9,1034.0,18.1,False,False
TC11C4F89B7,2026-08,2026-08-24,706.7,731.1,24.4,False,False
T519E11C12F,2026-08,2026-08-21,431.5,442.3,10.8,False,False
T1D1C3809AD,2026-08,2026-08-23,1635.7,,,False,False
T2F89E8ED6F,2026-08,2026-08-25,1614.1,1630.6,16.5,False,False
TED624C9B29,2026-08,2026-08-21,1592.6,1606.5,13.9,False,False
T80599540B9,2026-08,2026-08-22,759.2,781.8,22.6,False,False
T99F86EAA03,2026-08,2026-08-20,1207.9,1227.9,20.0,False,False
T48E474E620,2026-08,2026-08-25,1545.1,1560.8,15.7,False,False
T62F138B69F,2026-08,2026-08-25,1646.8,1661.0,14.2,False,False
T0ABCC73F5F,2026-08,2026-08-25,1479.8,1490.3,10.5,False,False
T451A03E5F4,2026-08,2026-08-23,1333.1,1358.7,25.6,False,False
T28A5C3A212,2026-08,2026-08-23,1031.8,1041.0,9.2,False,False
T9BF23AC92B,2026-08,2026-08-25,1259.7,1274.3,14.6,False,False
T8D847ABAD5,2026-08,2026-08-23,1001.8,1011.0,9.2,False,False
T79AD100612,2026-08,2026-08-21,1476.9,1499.3,22.4,False,False
T595C48877B,2026-08,2026-08-25,1348.1,1366.1,18.0,False,False
T7E1F631507,2026-08,2026-08-25,548.2,564.7,16.5,False,False
T7CEE29F570,2026-08,2026-08-22,594.9,602.5,7.6,False,False
TB28F8F08F4,2026-08,2026-08-23,964.3,,,False,False
T741A1119FA,2026-08,2026-08-24,775.4,794.8,19.4,False,False
T26862D1A4A,2026-08,2026-08-24,2375.5,2417.9,42.4,False,False
TCB96D14BFD,2026-08,2026-08-25,836.6,845.5,8.9,False,False
TF07D19AE17,2026-08,2026-08-20,1026.5,1061.1,34.6,False,False
T7AE1E63696,2026-08,2026-08-21,1642.1,1656.0,13.9,False,False
TEA687BEEC8,2026-08,2026-08-24,698.4,716.7,18.3,False,False
T5C97BD73CE,2026-08,2026-08-23,1805.1,1820.4,15.3,False,False
T64DF103F27,2026-08,2026-08-21,554.4,566.7,12.3,False,False
T962D5133B5,2026-08,2026-08-20,1565.9,1582.7,16.8,False,False
TFAE2AFD636,2026-08,2026-08-21,1550.1,1550.1,0.0,True,False
T8237A9AE83,2026-08,2026-08-25,723.3,738.7,15.4,False,False
T124789ED12,2026-08,2026-08-23,990.3,997.4,7.1,False,False
T77D8F1F07B,2026-08,2026-08-22,1793.1,1839.7,46.6,False,False
T88E01EE6A9,2026-08,2026-08-21,1038.4,1064.0,25.6,False,False
TCCA2F0E6D1,2026-08,2026-08-21,763.4,779.6,16.2,False,False
TE7C4074532,2026-08,2026-08-21,872.1,893.3,21.2,False,False
TE08ACE6D71,2026-08,2026-08-25,1874.0,1888.2,14.2,False,False
TF5AB4BC37D,2026-08,2026-08-22,827.6,,,False,False
T31A37C291B,2026-08,2026-08-22,357.4,370.0,12.6,False,False
T85072A41C6,2026-08,2026-08-20,1524.4,1537.0,12.6,False,False
T3DB8E8C91B,2026-08,2026-08-24,1260.3,1272.2,11.9,False,False
T1F21C0A526,2026-08,2026-08-22,720.9,742.8,21.9,False,False
TC653350390,2026-08,2026-08-22,1600.4,1612.6,12.2,False,False
TF357DF2C85,2026-08,2026-08-22,988.3,988.3,0.0,True,False
TC2B54F643A,2026-08,2026-08-23,595.6,606.3,10.7,False,False
T62A907AFA1,2026-08,2026-08-25,810.6,820.2,9.6,False,False
T9B926E1A60,2026-08,2026-08-21,1002.4,1015.3,12.9,False,False
T95A557D58C,2026-08,2026-08-20,4727.2,4891.9,164.7,False,False
T4FD73F8DF8,2026-08,2026-08-25,426.3,434.1,7.8,False,False
TAA9E781779,2026-08,2026-08-22,1339.0,1353.3,14.3,False,False
T5AB667FA59,2026-08,2026-08-24,1627.4,1649.2,21.8,False,False
T2FB8838715,2026-08,2026-08-21,1814.8,1830.6,15.8,False,False
TDC0B728E72,2026-08,2026-08-24,2076.5,2123.6,47.1,False,False
T500E1E73A5,2026-08,2026-08-24,1108.7,1119.2,10.5,False,False
T518D652731,2026-08,2026-08-21,1038.7,1052.3,13.6,False,False
T5F78380FF1,2026-08,2026-08-25,1113.4,1126.4,13.0,False,False
T2269F4C04A,2026-08,2026-08-21,1989.1,2052.2,63.1,False,False
T75D0C6EEF9,2026-08,2026-08-24,4101.3,4212.8,111.5,False,False
T08C84C6180,2026-08,2026-08-24,692.1,708.2,16.1,False,False
TBE3328794F,2026-08,2026-08-20,1181.8,1188.2,6.4,False,False
T7BF732B1D4,2026-08,2026-08-22,1402.1,1418.5,16.4,False,False
T680C591820,2026-08,2026-08-23,1260.3,1265.3,5.0,False,False
T87B30A11CA,2026-08,2026-08-22,1731.3,1743.9,12.6,False,False
T2C69DDD554,2026-08,2026-08-24,1832.4,1870.8,38.4,False,False
TB5DCDB3D2B,2026-08,2026-08-20,1502.0,1508.8,6.8,False,False
TF1BF705581,2026-08,2026-08-25,1106.5,1121.4,14.9,False,False
T7861C2062B,2026-08,2026-08-23,2322.6,2356.5,33.9,False,False
T3E7A117328,2026-08,2026-08-24,686.6,698.8,12.2,False,False
T626DE7D352,2026-08,2026-08-20,2309.9,2357.2,47.3,False,False
T30CED3EF6B,2026-08,2026-08-24,1392.1,1407.5,15.4,False,False
T6F621D315F,2026-08,2026-08-20,715.3,740.9,25.6,False,False
T5AEAFABEEB,2026-08,2026-08-21,1230.7,1243.8,13.1,False,False
T6E1A658692,2026-08,2026-08-21,924.4,943.6,19.2,False,False
TDFD739AFF7,2026-08,2026-08-22,1653.3,1666.1,12.8,False,False
T0E7497BE87,2026-08,2026-08-25,505.7,517.3,11.6,False,False
T63245D9338,2026-08,2026-08-23,747.1,764.0,16.9,False,False
T2FC1A9FEB9,2026-08,2026-08-23,750.4,,,False,False
TE5572E3B77,2026-08,2026-08-23,1631.7,1638.1,6.4,False,False
T93AE74FC8C,2026-08,2026-08-25,1236.8,1252.6,15.8,False,False
TCE4F3C1854,2026-08,2026-08-25,2352.3,2383.6,31.3,False,False
T623FDA0FEC,2026-08,2026-08-20,1156.7,1173.4,16.7,False,False
T6FCD9FC327,2026-08,2026-08-21,568.3,574.2,5.9,False,False
T26D49D2B10,2026-08,2026-08-21,1591.5,1619.5,28.0,False,False
T6B0F45148F,2026-08,2026-08-25,2720.3,2822.2,101.9,False,False
T5DA6DABC22,2026-08,2026-08-21,915.6,929.6,14.0,False,False
T4C0FAA9237,2026-08,2026-08-25,1295.0,1310.1,15.1,False,False
T629B85F6AE,2026-08,2026-08-21,1773.6,1786.6,13.0,False,False
TE6221DA147,2026-08,2026-08-25,1032.9,,,False,False
T7092CB932F,2026-08,2026-08-22,1701.6,1717.0,15.4,False,False
T38F3AD60D6,2026-08,2026-08-24,827.1,844.2,17.1,False,False
T051D6304AA,2026-08,2026-08-21,1308.8,1320.5,11.7,False,False
T1677509027,2026-08,2026-08-21,829.9,842.5,12.6,False,False
TCE43CAAFDD,2026-08,2026-08-21,1258.5,1271.0,12.5,False,False
TD6051C60DD,2026-08,2026-08-25,1946.3,1986.9,40.6,False,False
TD81C7B0AC7,2026-08,2026-08-25,1760.8,1770.6,9.8,False,False
TEB9B6A4FBC,2026-08,2026-08-25,1151.9,1162.7,10.8,False,False
T8E67D26322,2026-08,2026-08-24,1988.8,2004.3,15.5,False,False
T0E8259349E,2026-08,2026-08-24,554.9,583.4,28.5,False,False
TEC586A8374,2026-08,2026-08-23,1252.0,1265.4,13.4,False,False
T1E40F3A239,2026-08,2026-08-25,1297.8,1309.2,11.4,False,False
T716C530DED,2026-08,2026-08-20,890.4,910.2,19.8,False,False
T7562476AEF,2026-08,2026-08-25,2008.3,2027.7,19.4,False,False
TB460453C4D,2026-08,2026-08-21,597.4,615.4,18.0,False,False
T4A69C0BA6F,2026-08,2026-08-22,910.0,933.2,23.2,False,False
TB3006B8F03,2026-08,2026-08-22,1011.4,1023.4,12.0,False,False
TED3E393477,2026-08,2026-08-23,1963.6,1984.4,20.8,False,False
TA014F1FF15,2026-08,2026-08-21,1437.2,1449.0,11.8,False,False
T08D24C843D,2026-08,2026-08-23,787.3,804.5,17.2,False,False
T328C38D103,2026-08,2026-08-20,1962.7,1962.7,0.0,True,False
T5D52776F44,2026-08,2026-08-24,614.9,623.0,8.1,False,False
T350C7F0CAD,2026-08,2026-08-21,754.2,766.7,12.5,False,False
TE4BF83F9A5,2026-08,2026-08-25,1949.3,1981.5,32.2,False,False
T363192FB18,2026-08,2026-08-23,1378.8,1397.0,18.2,False,False
TE7D390D6E1,2026-08,2026-08-21,1352.2,1374.0,21.8,False,False
TEAED0D702E,2026-08,2026-08-22,1293.8,1308.7,14.9,False,False
T76D2631BBE,2026-08,2026-08-25,1540.7,1553.1,12.4,False,False
T41D9DAD65E,2026-08,2026-08-22,873.0,884.3,11.3,False,False
T4FB688BCF2,2026-08,2026-08-23,1474.0,1497.4,23.4,False,False
T49C247A691,2026-08,2026-08-24,952.6,973.0,20.4,False,False
TAD97E4B580,2026-08,2026-08-20,657.1,675.8,18.7,False,False
TA6D3C701E5,2026-08,2026-08-21,630.5,644.4,13.9,False,False
T1629374829,2026-08,2026-08-24,1406.2,1438.9,32.7,False,False
TE380DFCDD5,2026-08,2026-08-22,1432.7,1444.8,12.1,False,False
TC71E645A97,2026-08,2026-08-21,1113.6,1126.8,13.2,False,False
T3B2D063348,2026-08,2026-08-23,532.0,538.6,6.6,False,False
T6B0703F297,2026-08,2026-08-20,1280.6,1290.0,9.4,False,False
T2442BBD224,2026-08,2026-08-25,956.9,972.1,15.2,False,False
T94AEE9D59A,2026-08,2026-08-21,1177.7,1184.7,7.0,False,False
TC36C8FB548,2026-08,2026-08-25,1579.3,1587.8,8.5,False,False
TEA6C60108F,2026-08,2026-08-22,2422.8,2422.8,0.0,True,False
T5D0DA4A5A3,2026-08,2026-08-22,1191.7,1209.8,18.1,False,False
TCE2F3968A5,2026-08,2026-08-24,1287.6,1308.0,20.4,False,False
T3290CE40ED,2026-08,2026-08-23,1845.2,1860.8,15.6,False,False
TFF800A383C,2026-08,2026-08-25,1386.6,1398.0,11.4,False,False
T43D369AD4F,2026-08,2026-08-25,1025.1,1038.1,13.0,False,False
T2558B25F4A,2026-08,2026-08-20,390.2,401.9,11.7,False,False
TF2D53B5266,2026-08,2026-08-24,1688.0,1700.9,12.9,False,False
T46E626FB09,2026-08,2026-08-22,637.4,659.0,21.6,False,False
T7E0A59EC74,2026-08,2026-08-20,532.8,542.4,9.6,False,False
TDB77C6E5BA,2026-08,2026-08-24,848.1,856.2,8.1,False,False
TB2420A8657,2026-08,2026-08-25,1329.0,,,False,False
TB1246EBDB6,2026-08,2026-08-22,758.4,763.9,5.5,False,False
T8C8BD1D187,2026-08,2026-08-24,1712.0,1728.8,16.8,False,False
T9A87FD75BB,2026-08,2026-08-22,833.0,844.4,11.4,False,False
T7220DB253B,2026-08,2026-08-24,1038.4,1057.8,19.4,False,False
T024582A041,2026-08,2026-08-25,1976.5,2003.3,26.8,False,False
TA3D7EB0EB6,2026-08,2026-08-24,1439.0,1440.5,1.5,False,False
T980F08905D,2026-08,2026-08-22,1593.0,1602.6,9.6,False,False
T0070991C4A,2026-08,2026-08-23,673.4,684.5,11.1,False,False
TE62F9D24A2,2026-08,2026-08-20,1155.8,1176.8,21.0,False,False
T660F58D22C,2026-08,2026-08-20,1622.6,1639.4,16.8,False,False
TC9C59FD3C0,2026-08,2026-08-25,1643.6,1652.6,9.0,False,False
TC85BCF4679,2026-08,2026-08-21,1046.3,1069.4,23.1,False,False
T711A4FB3DC,2026-08,2026-08-24,1434.3,1442.1,7.8,False,False
TDA01857472,2026-08,2026-08-24,778.4,783.8,5.4,False,False
T593C7D2F36,2026-08,2026-08-21,1151.9,1162.5,10.6,False,False
TAD1B3ECAF6,2026-08,2026-08-21,1132.2,1149.9,17.7,False,False
T62DB418771,2026-09,2026-09-21,1584.5,1606.9,22.4,False,False
T516D296A99,2026-09,2026-09-25,955.5,961.9,6.4,False,False
TF6199DECCB,2026-09,2026-09-24,2016.7,2051.5,34.8,False,False
TBFDD3649BD,2026-09,2026-09-20,1694.7,1707.5,12.8,False,False
T1A8F7C05C9,2026-09,2026-09-23,1422.8,1429.5,6.7,False,False
T6B4FC6C7C6,2026-09,2026-09-23,1178.3,1196.3,18.0,False,False
T6EE7490E19,2026-09,2026-09-24,1757.7,1768.0,10.3,False,False
T771EC6B537,2026-09,2026-09-23,1011.7,1015.9,4.2,False,False
TA87CD37475,2026-09,2026-09-21,875.0,899.0,24.0,False,False
T00048F12E2,2026-09,2026-09-24,370.0,382.4,12.4,False,False
TDE3B85E449,2026-09,2026-09-25,1431.0,1452.9,21.9,False,False
TDFD5EF1E2B,2026-09,2026-09-21,1011.4,1026.8,15.4,False,False
T6BE1C12D07,2026-09,2026-09-22,4091.3,4204.8,113.5,False,False
TE17C7596F7,2026-09,2026-09-22,535.9,547.9,12.0,False,False
TF0590D064A,2026-09,2026-09-25,767.0,775.0,8.0,False,False
T0201C8273D,2026-09,2026-09-23,668.7,678.8,10.1,False,False
T416D725964,2026-09,2026-09-24,1481.9,1491.9,10.0,False,False
T592985E849,2026-09,2026-09-24,784.0,815.3,31.3,False,False
T8CFD079CB6,2026-09,2026-09-22,1894.6,1908.5,13.9,False,False
TD10A6EDCA0,2026-09,2026-09-22,1384.8,1404.2,19.4,False,False
T0CE7987E4B,2026-09,2026-09-24,2490.0,2555.9,65.9,False,False
T0F12629295,2026-09,2026-09-23,468.8,471.8,3.0,False,False
T7833B36159,2026-09,2026-09-20,1041.1,1057.0,15.9,False,False
T997FF51E88,2026-09,2026-09-22,1065.7,1072.7,7.0,False,False
TB0AFAFC426,2026-09,2026-09-20,3127.9,3241.5,113.6,False,True
T4B2228F178,2026-09,2026-09-24,959.2,975.2,16.0,False,False
T5D1D63651A,2026-09,2026-09-22,771.1,16.36427911287822,15.4,False,False
T005A9CE174,2026-09,2026-09-20,1519.1,1529.8,10.7,False,False
T0E572DDC2C,2026-09,2026-09-21,1251.7,1261.0,9.3,False,False
T6B4C3EB33E,2026-09,2026-09-25,1447.3,1452.4,5.1,False,False
T98621FD0F2,2026-09,2026-09-21,4194.0,4295.8,101.8,False,False
TCED7759D69,2026-09,2026-09-21,1683.2,1699.6,16.4,False,False
T148BA00559,2026-09,2026-09-22,1735.9,1752.7,16.8,False,False
T8EF8382AF5,2026-09,2026-09-21,1782.2,1796.7,14.5,False,False
T294140BCEC,2026-09,2026-09-21,787.7,820.0,32.3,False,False
T2B4ECE5F7A,2026-09,2026-09-21,745.2,745.2,0.0,True,False
TFCDB644B38,2026-09,2026-09-25,780.0,807.2,27.2,False,False
TF46C85CB55,2026-09,2026-09-23,811.6,818.4,6.8,False,False
T635E7348B0,2026-09,2026-09-20,892.4,914.6,22.2,False,False
TD950C1321E,2026-09,2026-09-20,681.6,681.6,0.0,True,False
T79F7CA1313,2026-09,2026-09-22,408.5,414.0,5.5,False,False
T1890D0D69D,2026-09,2026-09-24,1129.4,1141.2,11.8,False,False
T92ED6C6BBC,2026-09,2026-09-22,606.6,612.9,6.3,False,False
T1A234D637E,2026-09,2026-09-23,1490.8,1502.8,12.0,False,False
T0FA07C2AE6,2026-09,2026-09-22,597.3,623.7,26.4,False,True
T85D9327E38,2026-09,2026-09-25,1646.4,1659.1,12.7,False,False
T9B2220E701,2026-09,2026-09-20,1495.1,1519.0,23.9,False,False
T75AE25B236,2026-09,2026-09-22,1188.6,1199.2,10.6,False,False
T85C4B9E9BD,2026-09,2026-09-24,1333.4,1339.1,5.7,False,False
TAAC46C752C,2026-09,2026-09-24,1709.3,1715.0,5.7,False,False
TB5ABA37301,2026-09,2026-09-22,1346.8,1362.7,15.9,False,False
TDB1931905E,2026-09,2026-09-21,1225.4,1235.9,10.5,False,False
T8A79BCF725,2026-09,2026-09-20,1419.3,1424.2,4.9,False,False
T1383BC162C,2026-09,2026-09-24,1889.5,1902.1,12.6,False,False
TE3F34F661C,2026-09,2026-09-24,2529.5,2582.4,52.9,False,False
T945DF5CC73,2026-09,2026-09-25,1271.6,1278.6,7.0,False,False
T89289351AD,2026-09,2026-09-24,1494.1,1507.0,12.9,False,False
T3C6A8E589D,2026-09,2026-09-22,1035.0,1059.8,24.8,False,False
T9EDB41553F,2026-09,2026-09-22,400.9,407.3,6.4,False,False
T39FECD2D40,2026-09,2026-09-25,1230.0,1247.5,17.5,False,False
T393F331539,2026-09,2026-09-21,641.5,651.3,9.8,False,False
T44E572D176,2026-09,2026-09-25,860.9,898.6,37.7,False,True
T6A0C9518A5,2026-09,2026-09-24,1521.4,1532.8,11.4,False,False
T6F6C091F32,2026-09,2026-09-21,1648.0,1663.4,15.4,False,False
T0A7DFC3903,2026-09,2026-09-24,1877.3,1897.5,20.2,False,False
T4CA807AAAE,2026-09,2026-09-24,1287.2,1320.8,33.6,False,False
T292B036CC6,2026-09,2026-09-22,1237.0,1252.4,15.4,False,False
TF252236170,2026-09,2026-09-25,532.3,550.7,18.4,False,False
T47A88C447A,2026-09,2026-09-22,907.4,918.5,11.1,False,False
T29274E7656,2026-09,2026-09-21,703.0,723.1,20.1,False,False
TF94B3B4CEA,2026-09,2026-09-20,954.0,976.7,22.7,False,False
TD79C86593F,2026-09,2026-09-20,1455.0,1471.7,16.7,False,False
T042B2178D1,2026-09,2026-09-22,606.7,627.4,20.7,False,False
TE9E2B18053,2026-09,2026-09-23,2009.0,2057.7,48.7,False,False
T80D9A080BE,2026-09,2026-09-25,2811.8,2850.0,38.2,False,False
T580C1D0E5A,2026-09,2026-09-23,2002.0,2047.4,45.4,False,False
T262047037E,2026-09,2026-09-23,838.1,850.8,12.7,False,False
T997FBB56CB,2026-09,2026-09-24,1750.9,1765.8,14.9,False,False
T488907BADA,2026-09,2026-09-25,980.1,,,False,False
T959B664297,2026-09,2026-09-24,396.5,410.5,14.0,False,False
TCE4FA87780,2026-09,2026-09-20,1505.8,1516.6,10.8,False,False
T6A6F416B64,2026-09,2026-09-20,1353.9,1367.7,13.8,False,False
T5C22EC11B8,2026-09,2026-09-24,1928.7,1978.7,50.0,False,False
T132EB7CE2B,2026-09,2026-09-23,1420.4,1432.7,12.3,False,False
T011F73020E,2026-09,2026-09-25,1505.7,1522.4,16.7,False,False
T0197678D11,2026-09,2026-09-23,1667.9,1792.4,124.5,False,True
TBA58CFEBC6,2026-09,2026-09-25,2034.6,2059.1,24.5,False,False
T78A401EEAD,2026-09,2026-09-25,679.2,697.5,18.3,False,False
TE33F90B286,2026-09,2026-09-22,673.8,686.9,13.1,False,False
T761C9E26E6,2026-09,2026-09-21,752.7,764.7,12.0,False,False
T65187CE62C,2026-09,2026-09-21,1548.3,1587.2,38.9,False,False
T6DD4962896,2026-09,2026-09-25,554.6,566.7,12.1,False,False
T57E5EAB9B8,2026-09,2026-09-20,1327.0,1338.8,11.8,False,False
T0D1C506545,2026-09,2026-09-25,1105.2,1118.4,13.2,False,False
T16385BC409,2026-09,2026-09-20,509.3,517.5,8.2,False,False
T703E749B16,2026-09,2026-09-25,996.7,1007.4,10.7,False,False
TE03815B898,2026-09,2026-09-22,1847.8,1863.5,15.7,False,False
T5EDC8CD764,2026-09,2026-09-25,1385.2,1399.7,14.5,False,False
T8A0E42EA46,2026-09,2026-09-24,1512.1,1527.1,15.0,False,False
T58E4665FE8,2026-09,2026-09-25,832.1,852.7,20.6,False,False
T45A3829C6C,2026-09,2026-09-23,600.6,614.3,13.7,False,False
T0F2B41D96D,2026-09,2026-09-20,1071.5,1101.5,30.0,False,False
T45E4DAC832,2026-09,2026-09-22,1081.3,1101.0,19.7,False,False
TB308B5DC7A,2026-09,2026-09-21,1472.8,1491.7,18.9,False,False
T5A52BDFD5B,2026-09,2026-09-21,1354.6,1361.0,6.4,False,False
T3B6195226D,2026-09,2026-09-23,884.3,901.4,17.1,False,False
TEF3ACC364D,2026-09,2026-09-22,396.0,404.9,8.9,False,False
T0E3944E1C7,2026-09,2026-09-20,1726.1,1737.6,11.5,False,False
TC5E02C2AE1,2026-09,2026-09-25,1040.4,1047.1,6.7,False,False
T9C181CA6B2,2026-09,2026-09-23,1086.2,1107.4,21.2,False,False
T46D0D9FE06,2026-09,2026-09-25,1232.2,1246.9,14.7,False,False
T3763EE0258,2026-09,2026-09-21,537.1,544.8,7.7,False,False
TB6793708AF,2026-09,2026-09-24,1007.2,1018.8,11.6,False,False
T02BF3919B7,2026-09,2026-09-23,1472.6,1485.7,13.1,False,False
T61903D0C08,2026-09,2026-09-23,700.0,711.2,11.2,False,False
T1540962193,2026-09,2026-09-21,2515.2,2583.8,68.6,False,False
TE8DF4BFC62,2026-09,2026-09-23,2512.2,2550.2,38.0,False,False
T97A5E4F98E,2026-09,2026-09-23,1540.3,1554.0,13.7,False,False
TB2B631F6DE,2026-09,2026-09-21,436.6,453.2,16.6,False,False
TFD4476DD46,2026-09,2026-09-22,1246.1,1269.9,23.8,False,False
T63AE43B763,2026-09,2026-09-24,1560.8,1586.1,25.3,False,False
TF7E0F3ADFA,2026-09,2026-09-24,637.8,640.8,3.0,False,False
T9F3D4A99A8,2026-09,2026-09-24,1108.8,1113.7,4.9,False,False
T3AF0CA5142,2026-09,2026-09-23,1975.1,2026.8,51.7,False,False
T525C93E294,2026-09,2026-09-24,498.4,506.0,7.6,False,False
TA60FF3309B,2026-09,2026-09-25,1447.0,1464.3,17.3,False,False
T6230F0F81A,2026-09,2026-09-25,458.6,471.9,13.3,False,False
T486DC7662A,2026-09,2026-09-24,6235.3,6441.8,206.5,False,False
T0DD0FDF0BD,2026-09,2026-09-24,1071.9,1092.5,20.6,False,False
T81EEF6FCD3,2026-09,2026-09-23,1049.0,1061.5,12.5,False,False
T6269371CAA,2026-09,2026-09-24,1585.6,1595.2,9.6,False,False
TF7BDB30AC3,2026-09,2026-09-20,1262.2,1295.7,33.5,False,False
TC1EBE75CAC,2026-09,2026-09-24,1395.8,1410.9,15.1,False,False
T0A0805FB46,2026-09,2026-09-21,2054.7,2069.7,15.0,False,False
T7C1EBC3C4C,2026-09,2026-09-22,829.4,843.8,14.4,False,False
TFB5558315C,2026-09,2026-09-21,612.0,627.4,15.4,False,False
T4D34DCD6FE,2026-09,2026-09-22,1034.1,1049.1,15.0,False,False
T8F2163E1AC,2026-09,2026-09-24,2000.4,2034.6,34.2,False,False
T6D36EEA27E,2026-09,2026-09-20,524.7,539.4,14.7,False,False
TD718599337,2026-09,2026-09-24,1807.6,1860.5,52.9,False,False
TACFC1D584E,2026-09,2026-09-23,1724.2,1739.8,15.6,False,False
TE1CE4D9E5A,2026-09,2026-09-20,659.0,659.0,0.0,True,False
TEEB9050E6F,2026-09,2026-09-23,1230.7,1251.1,20.4,False,False
T266175A7E1,2026-09,2026-09-21,1921.7,1953.0,31.3,False,False
T188F8436EB,2026-09,2026-09-22,671.8,680.9,9.1,False,False
TBF5EF4019A,2026-09,2026-09-24,1036.7,1043.0,6.3,False,False
TF8038E3438,2026-09,2026-09-25,930.0,939.2,9.2,False,False
T14A35B501D,2026-09,2026-09-22,1736.4,1765.7,29.3,False,False
TACA1F6575E,2026-09,2026-09-20,320.1,333.8,13.7,False,False
T425CF74F89,2026-09,2026-09-24,1017.3,1019.8,2.5,False,False
T7E561E41DF,2026-09,2026-09-22,1881.3,1894.2,12.9,False,False
TAE21909B09,2026-09,2026-09-20,833.7,847.2,13.5,False,False
TA49FD77129,2026-09,2026-09-20,1789.7,,,False,False
T83C53CBDE3,2026-09,2026-09-20,1255.3,1278.7,23.4,False,False
T8989E9F3E0,2026-09,2026-09-24,1627.7,1656.2,28.5,False,False
T0E868A3F47,2026-09,2026-09-21,1996.0,2010.6,14.6,False,False
TAA4A146A6F,2026-09,2026-09-20,1168.3,1179.8,11.5,False,False
T929701588B,2026-09,2026-09-22,760.8,767.5,6.7,False,False
TCBA87E8F93,2026-09,2026-09-20,1853.2,1869.1,15.9,False,False
T71B2CE98BC,2026-09,2026-09-23,2077.6,2106.3,28.7,False,False
T3104E606FB,2026-09,2026-09-24,1847.3,1847.3,0.0,True,False
TC9C584B8EF,2026-09,2026-09-23,856.6,869.0,12.4,False,False
T42EAACA5A6,2026-09,2026-09-20,743.6,757.4,13.8,False,False
T27CD292019,2026-09,2026-09-20,1918.1,1937.2,19.1,False,False
T2631941D4D,2026-09,2026-09-23,1978.7,1997.9,19.2,False,False
TD6D0D046B5,2026-09,2026-09-20,552.5,562.5,10.0,False,False
T930BCF26DA,2026-09,2026-09-20,1844.4,1864.1,19.7,False,False
T7A263D97A8,2026-09,2026-09-22,664.8,682.8,18.0,False,False
T84CC232045,2026-09,2026-09-23,1273.1,1281.6,8.5,False,False
T1F7089E5B3,2026-09,2026-09-22,1801.5,1823.6,22.1,False,False
T6DD01C39D7,2026-09,2026-09-23,1821.8,,,False,False
TE3814F5946,2026-09,2026-09-21,1283.6,1292.1,8.5,False,False
T260F6D657D,2026-09,2026-09-25,1898.7,1916.5,17.8,False,False
TF9F158A927,2026-09,2026-09-24,1145.6,1163.2,17.6,False,False
T2A78E596A5,2026-09,2026-09-20,953.2,976.3,23.1,False,False
T48829C6681,2026-09,2026-09-24,1070.1,1090.9,20.8,False,False
T5446AB5D4F,2026-09,2026-09-25,1604.1,1612.9,8.8,False,False
T6FEE2A0A85,2026-09,2026-09-21,562.5,574.9,12.4,False,False
T37BA3005AD,2026-09,2026-09-22,1579.9,1579.9,0.0,True,False
T599538981A,2026-09,2026-09-21,2116.5,2154.7,38.2,False,False
TC1FE3D7E79,2026-09,2026-09-25,1477.8,1497.8,20.0,False,False
TAB633F4546,2026-09,2026-09-20,611.3,630.3,19.0,False,False
TEF123948C4,2026-09,2026-09-21,835.4,844.8,9.4,False,False
T50EA3E30B0,2026-09,2026-09-25,1372.9,1383.3,10.4,False,False
T10E8B50E63,2026-09,2026-09-21,1938.9,1969.0,30.1,False,False
T75445AB825,2026-09,2026-09-20,1434.8,1446.5,11.7,False,False
T9AEC04CEE6,2026-09,2026-09-23,449.7,459.1,9.4,False,False
TE59C7E0558,2026-09,2026-09-21,626.0,633.3,7.3,False,False
T017F5CC857,2026-09,2026-09-23,1826.2,1846.4,20.2,False,False
T5740214D00,2026-09,2026-09-20,577.6,587.2,9.6,False,True
TA54FDBC969,2026-09,2026-09-25,1730.4,1764.5,34.1,False,False
T79348D1D8C,2026-09,2026-09-20,1832.9,1876.0,43.1,False,False
T0C38B9638D,2026-09,2026-09-22,1434.4,1463.3,28.9,False,False
TF8CD7DEDDA,2026-09,2026-09-22,1130.7,1146.5,15.8,False,False
TD4AA44C620,2026-09,2026-09-20,1088.8,1105.1,16.3,False,False
TBA22021045,2026-09,2026-09-25,1872.2,1939.2,67.0,False,False
TAE4991C39A,2026-09,2026-09-25,1809.1,1826.9,17.8,False,False
T926427EC22,2026-09,2026-09-25,995.3,1012.2,16.9,False,False
T03F3726F54,2026-09,2026-09-23,1240.1,1251.9,11.8,False,False
T9C5C1B51E6,2026-09,2026-09-24,666.7,666.7,0.0,True,False
TAB67F85714,2026-09,2026-09-23,1964.2,1976.9,12.7,False,False
T021E4A2B45,2026-09,2026-09-24,854.9,871.3,16.4,False,False
T9C284C6EDE,2026-09,2026-09-24,1857.2,1873.9,16.7,False,False
TE5AE06739E,2026-09,2026-09-25,514.9,528.8,13.9,False,False
T01F422D988,2026-09,2026-09-24,1757.7,1766.1,8.4,False,False
T812E69DF24,2026-09,2026-09-23,1987.3,2055.5,68.2,False,False
T1753290875,2026-09,2026-09-25,1737.0,1751.8,14.8,False,False
T6453265506,2026-09,2026-09-23,4447.8,4565.2,117.4,False,False
T3DCE54CBCD,2026-09,2026-09-20,448.5,458.0,9.5,False,False
T25A59C1230,2026-09,2026-09-23,752.9,775.0,22.1,False,False
T7149DBE7E7,2026-09,2026-09-25,1685.7,1717.5,31.8,False,False
T17B01CE93D,2026-09,2026-09-24,1641.7,1655.7,14.0,False,False
T2A7B7C0706,2026-09,2026-09-23,1639.8,1654.8,15.0,False,False
TA2A12750E0,2026-09,2026-09-22,748.2,760.1,11.9,False,False
TCDF5CCF9D1,2026-09,2026-09-21,2029.5,2047.0,17.5,False,False
T136877D852,2026-09,2026-09-24,1548.6,1569.8,21.2,False,False
TD93E7F3525,2026-09,2026-09-21,1430.8,1436.5,5.7,False,False
T9E698DAD97,2026-09,2026-09-20,646.0,661.3,15.3,False,False
TA7CD008CD2,2026-09,2026-09-22,1940.7,1964.9,24.2,False,False
TB5E2F0D295,2026-09,2026-09-25,1202.9,1214.1,11.2,False,False
T886651EB56,2026-09,2026-09-20,2130.4,2150.8,20.4,False,False
T726E26C014,2026-09,2026-09-21,624.8,632.6,7.8,False,False
T47801013F9,2026-09,2026-09-21,554.8,572.1,17.3,False,False
T7B44E5C01C,2026-09,2026-09-25,1208.1,1212.1,4.0,False,False
T06E1B5C91E,2026-09,2026-09-22,914.3,923.8,9.5,False,False
TBD7AFAA9AB,2026-09,2026-09-20,1518.9,1533.3,14.4,False,False
T3A8AE15DE9,2026-09,2026-09-22,1240.3,1248.6,8.3,False,False
T90FCBE8560,2026-09,2026-09-23,1501.3,1511.8,10.5,False,False
T6B76BCDCC8,2026-09,2026-09-20,2734.0,2783.1,49.1,False,False
T6B61D786E8,2026-09,2026-09-20,1249.4,1264.0,14.6,False,False
TD8B8E83F9D,2026-09,2026-09-23,1616.4,1629.4,13.0,False,False
T353F39960E,2026-09,2026-09-20,585.4,591.5,6.1,False,False
TC44518846F,2026-09,2026-09-24,641.1,655.0,13.9,False,False
T3DBD424B8F,2026-09,2026-09-24,847.3,858.4,11.1,False,False
TB8E4E6CA4C,2026-09,2026-09-21,1449.3,1479.7,30.4,False,False
T54630B6404,2026-09,2026-09-21,631.0,650.9,19.9,False,False
T71623730B1,2026-09,2026-09-24,1346.5,1359.1,12.6,False,False
T7436A106AE,2026-09,2026-09-21,627.4,637.8,10.4,False,False
T6191B8FD69,2026-09,2026-09-21,1362.4,1371.2,8.8,False,False
TBA7727A83B,2026-09,2026-09-21,702.2,714.1,11.9,False,False
T66B24DDB8C,2026-09,2026-09-21,1892.8,1906.1,13.3,False,False
T0EAA0EDBAF,2026-09,2026-09-22,1334.5,1363.8,29.3,False,False
TDCBC842E3A,2026-09,2026-09-23,950.1,968.7,18.6,False,False
T305BACE840,2026-09,2026-09-20,1098.4,1116.8,18.4,False,False
TAD0E244201,2026-09,2026-09-25,1499.5,1520.7,21.2,False,False
T824A68B378,2026-09,2026-09-23,1373.1,1378.4,5.3,False,False
T9F72B39B89,2026-09,2026-09-20,855.3,863.4,8.1,False,False
T0380D1AD85,2026-09,2026-09-25,1428.2,1449.2,21.0,False,False
TD58AFBB420,2026-09,2026-09-25,2856.1,2927.1,71.0,False,False
TB1A6FA6009,2026-09,2026-09-25,599.0,609.6,10.6,False,False
TB95EB354D9,2026-09,2026-09-25,1450.0,1471.5,21.5,False,False
T6EBEC2B9E3,2026-09,2026-09-22,778.3,,,False,False
TCBAFB86C54,2026-09,2026-09-21,1786.8,1797.0,10.2,False,False
T2D884BEE59,2026-09,2026-09-25,1632.0,1653.6,21.6,False,False
T81E3CAC404,2026-09,2026-09-22,1497.5,1507.2,9.7,False,False
TB13246DF04,2026-09,2026-09-20,2980.0,3057.2,77.2,False,False
T38FC29870C,2026-09,2026-09-22,1077.1,1084.2,7.1,False,False
T0B952300A6,2026-09,2026-09-24,1406.7,1422.5,15.8,False,False
T592EE5AE5A,2026-09,2026-09-24,741.0,741.0,0.0,True,False
T8AB7B992DC,2026-09,2026-09-22,1735.6,1745.4,9.8,False,False
TE13531501B,2026-09,2026-09-24,444.8,455.2,10.4,False,False
T603C6A7DDF,2026-09,2026-09-20,2600.5,2657.2,56.7,False,False
T9B1CF87E17,2026-09,2026-09-23,899.5,914.8,15.3,False,False
T7E47E27FFB,2026-09,2026-09-21,1294.8,1306.2,11.4,False,False
T2FE3E18EED,2026-09,2026-09-25,1280.4,1291.4,11.0,False,False
T518FD2CD05,2026-09,2026-09-22,1028.1,1046.4,18.3,False,False
TCA03B52F53,2026-09,2026-09-24,581.9,592.1,10.2,False,False
TC97F0C81C8,2026-09,2026-09-20,4086.3,4201.2,114.9,False,False
T5825BB17FC,2026-09,2026-09-23,1488.8,1488.8,0.0,True,False
TC5E185C6E8,2026-09,2026-09-25,408.4,408.4,0.0,True,False
TEAD9E81003,2026-09,2026-09-20,1072.5,1090.6,18.1,False,False
TE23D5A574A,2026-09,2026-09-21,1048.9,1048.9,0.0,True,False
T04048D53A3,2026-09,2026-09-21,807.4,817.6,10.2,False,False
TE1AA9E77A7,2026-09,2026-09-23,1009.5,1014.4,4.9,False,False
TC54C99BA73,2026-09,2026-09-20,1319.5,1348.0,28.5,False,False
T013C0F8B57,2026-09,2026-09-22,1567.8,1579.9,12.1,False,False
T3C23C0A42C,2026-09,2026-09-20,1295.3,1321.9,26.6,False,False
TEDB2598366,2026-09,2026-09-22,1371.8,1382.1,10.3,False,False
T03D524AC98,2026-09,2026-09-25,1693.7,1709.6,15.9,False,False
T9B658694D7,2026-09,2026-09-21,1018.6,1039.4,20.8,False,False
T827DB403EF,2026-09,2026-09-22,1061.0,1063.9,2.9,False,False
TD5960FA89C,2026-09,2026-09-20,1476.1,1476.1,0.0,True,False
TEB9CD6778B,2026-09,2026-09-20,1693.5,1706.5,13.0,False,False
TCFB896C903,2026-09,2026-09-22,879.2,886.1,6.9,False,False
T4EBE5132B6,2026-09,2026-09-20,1280.1,1318.8,38.7,False,True
TD6D7800440,2026-09,2026-09-21,1619.6,1635.3,15.7,False,False
TB1AE49FA20,2026-09,2026-09-24,681.6,694.2,12.6,False,False
TF4940B0970,2026-09,2026-09-24,1325.1,1335.0,9.9,False,False
T6492EC951E,2026-09,2026-09-22,1475.6,1529.4,53.8,False,False
T5B2FD74A85,2026-09,2026-09-22,1714.9,1733.2,18.3,False,False
TCF1A6CDF80,2026-09,2026-09-24,670.3,686.0,15.7,False,False
TBA965CD37E,2026-09,2026-09-20,484.4,497.6,13.2,False,False
T8917AF33E8,2026-09,2026-09-20,1978.2,2032.9,54.7,False,False
T4F696F6C0E,2026-09,2026-09-20,616.0,630.2,14.2,False,False
TFB9BD0FCA4,2026-09,2026-09-21,2173.9,2196.1,22.2,False,False
T6372E1147F,2026-09,2026-09-23,1357.4,1380.1,22.7,False,False
T8B4FC280C2,2026-09,2026-09-24,645.9,654.4,8.5,False,False
T0AF0DD2FE5,2026-09,2026-09-20,1184.7,1193.8,9.1,False,False
T9BABD62590,2026-09,2026-09-20,1994.8,2048.1,53.3,False,False
TBBD0028CDB,2026-09,2026-09-23,1068.5,1080.3,11.8,False,False
T30E453AB34,2026-09,2026-09-25,1155.8,1169.9,14.1,False,False
T7DC59256DC,2026-09,2026-09-21,1004.6,1004.6,0.0,True,False
TCC371206BC,2026-09,2026-09-23,654.6,669.6,15.0,False,False
TDEF092A4C5,2026-09,2026-09-23,1575.4,1586.5,11.1,False,False
TE13FCEC631,2026-09,2026-09-23,1258.5,,,False,False
T7C3F6A8162,2026-09,2026-09-23,1704.7,1723.5,18.8,False,False
T0F4A3A74ED,2026-09,2026-09-22,1098.8,1120.7,21.9,False,False
T5BEF82BC17,2026-09,2026-09-23,1533.1,1548.4,15.3,False,False
T07AC5856A4,2026-09,2026-09-20,754.3,766.1,11.8,False,False
T0185184B59,2026-09,2026-09-21,1360.4,1360.4,0.0,True,False
T79F8E1FAE8,2026-09,2026-09-20,468.8,481.3,12.5,False,False
T4D40D256FE,2026-09,2026-09-21,1371.9,1393.2,21.3,False,False
TE74495FCDD,2026-09,2026-09-24,1698.4,1710.3,11.9,False,False
TAD9ED625D1,2026-09,2026-09-21,1674.3,1694.0,19.7,False,False
TE7328B9E12,2026-09,2026-09-25,701.4,707.4,6.0,False,False
T5FC1C50126,2026-09,2026-09-21,1531.4,1554.3,22.9,False,False
T203C71CAC2,2026-09,2026-09-20,1886.0,1899.0,13.0,False,False
T1D1F227112,2026-09,2026-09-20,947.5,966.1,18.6,False,False
TF62BDC6E96,2026-09,2026-09-21,1842.5,1861.2,18.7,False,False
T5D35014BC6,2026-09,2026-09-20,1697.8,1704.4,6.6,False,False
T9C80DA594D,2026-09,2026-09-23,819.7,828.7,9.0,False,False
T575100FEE6,2026-09,2026-09-23,887.0,915.5,28.5,False,False
TFF833858D4,2026-09,2026-09-20,1784.4,1794.4,10.0,False,False
T44C452513D,2026-09,2026-09-21,1034.0,1050.2,16.2,False,False
TC11C4F89B7,2026-09,2026-09-20,731.1,745.4,14.3,False,False
T519E11C12F,2026-09,2026-09-20,442.3,451.9,9.6,False,False
T1D1C3809AD,2026-09,2026-09-24,1675.5,1729.4,53.9,False,False
T2F89E8ED6F,2026-09,2026-09-25,1630.6,1645.9,15.3,False,False
TED624C9B29,2026-09,2026-09-24,1606.5,1624.1,17.6,False,False
T80599540B9,2026-09,2026-09-21,781.8,810.1,28.3,False,False
T99F86EAA03,2026-09,2026-09-23,1227.9,1247.0,19.1,False,False
T48E474E620,2026-09,2026-09-22,1560.8,1572.6,11.8,False,False
T62F138B69F,2026-09,2026-09-23,1661.0,1682.7,21.7,False,False
T0ABCC73F5F,2026-09,2026-09-22,1490.3,1490.3,0.0,True,False
T451A03E5F4,2026-09,2026-09-22,1358.7,1392.7,34.0,False,False
T28A5C3A212,2026-09,2026-09-25,1041.0,1050.0,9.0,False,False
T9BF23AC92B,2026-09,2026-09-23,1274.3,1289.1,14.8,False,False
T8D847ABAD5,2026-09,2026-09-21,1011.0,1020.3,9.3,False,False
T79AD100612,2026-09,2026-09-24,1499.3,1520.0,20.7,False,False
T595C48877B,2026-09,2026-09-22,1366.1,1382.1,16.0,False,False
T7E1F631507,2026-09,2026-09-24,564.7,577.1,12.4,False,False
T7CEE29F570,2026-09,2026-09-23,602.5,616.8,14.3,False,False
TB28F8F08F4,2026-09,2026-09-23,975.3,983.9,8.6,False,False
T741A1119FA,2026-09,2026-09-22,794.8,811.8,17.0,False,False
T26862D1A4A,2026-09,2026-09-24,2417.9,2453.8,35.9,False,False
TCB96D14BFD,2026-09,2026-09-20,845.5,855.1,9.6,False,False
TF07D19AE17,2026-09,2026-09-25,1061.1,1061.1,0.0,True,False
T7AE1E63696,2026-09,2026-09-23,1656.0,1665.4,9.4,False,False
TEA687BEEC8,2026-09,2026-09-20,716.7,730.0,13.3,False,False
T5C97BD73CE,2026-09,2026-09-22,1820.4,1836.4,16.0,False,False
T64DF103F27,2026-09,2026-09-22,566.7,575.8,9.1,False,False
T962D5133B5,2026-09,2026-09-24,1582.7,1602.7,20.0,False,False
TFAE2AFD636,2026-09,2026-09-20,1550.1,1557.1,7.0,False,False
T8237A9AE83,2026-09,2026-09-22,738.7,754.8,16.1,False,False
T124789ED12,2026-09,2026-09-20,997.4,1004.6,7.2,False,False
T77D8F1F07B,2026-09,2026-09-22,1839.7,1882.9,43.2,False,False
T88E01EE6A9,2026-09,2026-09-20,1064.0,1083.3,19.3,False,False
TCCA2F0E6D1,2026-09,2026-09-23,779.6,789.4,9.8,False,False
TE7C4074532,2026-09,2026-09-22,893.3,893.3,0.0,True,False
TE08ACE6D71,2026-09,2026-09-25,1888.2,1904.8,16.6,False,False
TF5AB4BC37D,2026-09,2026-09-21,838.2,850.3,12.1,False,False
T31A37C291B,2026-09,2026-09-23,370.0,382.0,12.0,False,False
T85072A41C6,2026-09,2026-09-20,1537.0,1545.7,8.7,False,False
T3DB8E8C91B,2026-09,2026-09-21,1272.2,1281.5,9.3,False,False
T1F21C0A526,2026-09,2026-09-23,742.8,761.7,18.9,False,False
TC653350390,2026-09,2026-09-22,1612.6,1622.1,9.5,False,False
TF357DF2C85,2026-09,2026-09-20,988.3,988.3,0.0,True,False
TC2B54F643A,2026-09,2026-09-22,606.3,617.5,11.2,False,False
T62A907AFA1,2026-09,2026-09-23,820.2,827.8,7.6,False,False
T9B926E1A60,2026-09,2026-09-21,1015.3,1023.6,8.3,False,False
T95A557D58C,2026-09,2026-09-22,4891.9,,,False,False
T4FD73F8DF8,2026-09,2026-09-25,434.1,445.0,10.9,False,False
TAA9E781779,2026-09,2026-09-24,1353.3,1361.4,8.1,False,False
T5AB667FA59,2026-09,2026-09-23,1649.2,1670.7,21.5,False,False
T2FB8838715,2026-09,2026-09-21,1830.6,1849.2,18.6,False,False
TDC0B728E72,2026-09,2026-09-25,2123.6,2179.4,55.8,False,False
T500E1E73A5,2026-09,2026-09-20,1119.2,1131.6,12.4,False,False
T518D652731,2026-09,2026-09-22,1052.3,1070.4,18.1,False,False
T5F78380FF1,2026-09,2026-09-24,1126.4,1135.8,9.4,False,False
T2269F4C04A,2026-09,2026-09-23,2052.2,2085.0,32.8,False,False
T75D0C6EEF9,2026-09,2026-09-24,4212.8,4341.6,128.8,False,False
T08C84C6180,2026-09,2026-09-21,708.2,728.7,20.5,False,False
TBE3328794F,2026-09,2026-09-25,1188.2,1198.1,9.9,False,False
T7BF732B1D4,2026-09,2026-09-23,1418.5,1431.7,13.2,False,False
T680C591820,2026-09,2026-09-24,1265.3,1272.1,6.8,False,False
T87B30A11CA,2026-09,2026-09-20,1743.9,1760.6,16.7,False,False
T2C69DDD554,2026-09,2026-09-22,1870.8,1916.9,46.1,False,False
TB5DCDB3D2B,2026-09,2026-09-24,1508.8,1515.7,6.9,False,False
TF1BF705581,2026-09,2026-09-20,1121.4,1142.9,21.5,False,False
T7861C2062B,2026-09,2026-09-23,2356.5,2382.4,25.9,False,False
T3E7A117328,2026-09,2026-09-20,698.8,720.3,21.5,False,False
T626DE7D352,2026-09,2026-09-20,2357.2,2357.2,0.0,True,False
T30CED3EF6B,2026-09,2026-09-23,1407.5,1427.0,19.5,False,False
T6F621D315F,2026-09,2026-09-25,740.9,763.2,22.3,False,False
T5AEAFABEEB,2026-09,2026-09-25,1243.8,1253.2,9.4,False,False
T6E1A658692,2026-09,2026-09-20,943.6,960.4,16.8,False,False
TDFD739AFF7,2026-09,2026-09-23,1666.1,1677.1,11.0,False,False
T0E7497BE87,2026-09,2026-09-24,517.3,517.3,0.0,True,False
T63245D9338,2026-09,2026-09-25,764.0,789.8,25.8,False,False
T2FC1A9FEB9,2026-09,2026-09-23,764.8,777.5,12.7,False,False
TE5572E3B77,2026-09,2026-09-25,1638.1,1643.4,5.3,False,False
T93AE74FC8C,2026-09,2026-09-20,1252.6,1270.6,18.0,False,False
TCE4F3C1854,2026-09,2026-09-25,2383.6,2415.1,31.5,False,False
T623FDA0FEC,2026-09,2026-09-21,1173.4,1193.2,19.8,False,False
T6FCD9FC327,2026-09,2026-09-24,574.2,579.8,5.6,False,False
T26D49D2B10,2026-09,2026-09-25,1619.5,1643.1,23.6,False,False
T6B0F45148F,2026-09,2026-09-21,2822.2,2919.5,97.3,False,False
T5DA6DABC22,2026-09,2026-09-22,929.6,947.2,17.6,False,False
T4C0FAA9237,2026-09,2026-09-20,1310.1,1331.0,20.9,False,False
T629B85F6AE,2026-09,2026-09-23,1786.6,1804.7,18.1,False,False
TE6221DA147,2026-09,2026-09-25,1048.8,1057.9,9.1,False,False
T7092CB932F,2026-09,2026-09-20,1717.0,1735.6,18.6,False,False
T38F3AD60D6,2026-09,2026-09-23,844.2,863.1,18.9,False,False
T051D6304AA,2026-09,2026-09-24,1320.5,1332.3,11.8,False,False
T1677509027,2026-09,2026-09-20,842.5,856.0,13.5,False,False
TCE43CAAFDD,2026-09,2026-09-22,1271.0,1283.8,12.8,False,False
TD6051C60DD,2026-09,2026-09-20,1986.9,2018.7,31.8,False,False
TD81C7B0AC7,2026-09,2026-09-24,1770.6,1786.0,15.4,False,False
TEB9B6A4FBC,2026-09,2026-09-20,1162.7,1180.4,17.7,False,False
T8E67D26322,2026-09,2026-09-21,2004.3,2030.7,26.4,False,False
T0E8259349E,2026-09,2026-09-23,583.4,599.0,15.6,False,False
TEC586A8374,2026-09,2026-09-20,1265.4,1277.9,12.5,False,False
T1E40F3A239,2026-09,2026-09-25,1309.2,1320.7,11.5,False,False
T716C530DED,2026-09,2026-09-22,910.2,927.0,16.8,False,False
T7562476AEF,2026-09,2026-09-23,2027.7,2054.7,27.0,False,False
TB460453C4D,2026-09,2026-09-21,615.4,629.7,14.3,False,False
T4A69C0BA6F,2026-09,2026-09-24,933.2,950.4,17.2,False,False
TB3006B8F03,2026-09,2026-09-23,1023.4,1038.1,14.7,False,False
TED3E393477,2026-09,2026-09-24,1984.4,2011.4,27.0,False,False
TA014F1FF15,2026-09,2026-09-25,1449.0,1462.1,13.1,False,False
T08D24C843D,2026-09,2026-09-21,804.5,827.8,23.3,False,False
T328C38D103,2026-09,2026-09-21,1962.7,1983.3,20.6,False,False
T5D52776F44,2026-09,2026-09-21,623.0,630.3,7.3,False,False
T350C7F0CAD,2026-09,2026-09-22,766.7,776.2,9.5,False,False
TE4BF83F9A5,2026-09,2026-09-21,1981.5,1999.2,17.7,False,False
T363192FB18,2026-09,2026-09-22,1397.0,1412.7,15.7,False,False
TE7D390D6E1,2026-09,2026-09-23,1374.0,1390.6,16.6,False,False
TEAED0D702E,2026-09,2026-09-23,1308.7,1323.1,14.4,False,False
T76D2631BBE,2026-09,2026-09-23,1553.1,1567.2,14.1,False,False
T41D9DAD65E,2026-09,2026-09-23,884.3,897.8,13.5,False,False
T4FB688BCF2,2026-09,2026-09-23,1497.4,1522.4,25.0,False,False
T49C247A691,2026-09,2026-09-23,973.0,991.8,18.8,False,False
TAD97E4B580,2026-09,2026-09-22,675.8,691.7,15.9,False,False
TA6D3C701E5,2026-09,2026-09-23,644.4,660.3,15.9,False,False
T1629374829,2026-09,2026-09-22,1438.9,1472.6,33.7,False,False
TE380DFCDD5,2026-09,2026-09-22,1444.8,1457.8,13.0,False,False
TC71E645A97,2026-09,2026-09-23,1126.8,1142.5,15.7,False,False
T3B2D063348,2026-09,2026-09-24,538.6,547.4,8.8,False,False
T6B0703F297,2026-09,2026-09-20,1290.0,1300.2,10.2,False,False
T2442BBD224,2026-09,2026-09-20,972.1,987.2,15.1,False,False
T94AEE9D59A,2026-09,2026-09-20,1184.7,1193.6,8.9,False,False
TC36C8FB548,2026-09,2026-09-25,1587.8,1598.4,10.6,False,False
TEA6C60108F,2026-09,2026-09-22,2422.8,2461.3,38.5,False,False
T5D0DA4A5A3,2026-09,2026-09-24,1209.8,1221.3,11.5,False,False
TCE2F3968A5,2026-09,2026-09-23,1308.0,1329.0,21.0,False,False
T3290CE40ED,2026-09,2026-09-25,1860.8,1881.1,20.3,False,False
TFF800A383C,2026-09,2026-09-25,1398.0,1410.6,12.6,False,False
T43D369AD4F,2026-09,2026-09-25,1038.1,1051.9,13.8,False,False
T2558B25F4A,2026-09,2026-09-25,401.9,412.1,10.2,False,False
TF2D53B5266,2026-09,2026-09-24,1700.9,1713.4,12.5,False,False
T46E626FB09,2026-09,2026-09-21,659.0,679.9,20.9,False,False
T7E0A59EC74,2026-09,2026-09-22,542.4,548.2,5.8,False,False
TDB77C6E5BA,2026-09,2026-09-25,856.2,869.3,13.1,False,False
TB2420A8657,2026-09,2026-09-22,1338.6,1347.9,9.3,False,False
TB1246EBDB6,2026-09,2026-09-21,763.9,768.4,4.5,False,False
T8C8BD1D187,2026-09,2026-09-22,1728.8,1746.0,17.2,False,False
T9A87FD75BB,2026-09,2026-09-20,844.4,858.5,14.1,False,False
T7220DB253B,2026-09,2026-09-20,1057.8,1076.1,18.3,False,False
T024582A041,2026-09,2026-09-22,2003.3,2029.4,26.1,False,False
TA3D7EB0EB6,2026-09,2026-09-22,1440.5,1442.5,2.0,False,False
T980F08905D,2026-09,2026-09-25,1602.6,1616.0,13.4,False,False
T0070991C4A,2026-09,2026-09-23,684.5,700.7,16.2,False,False
TE62F9D24A2,2026-09,2026-09-22,1176.8,1195.5,18.7,False,False
T660F58D22C,2026-09,2026-09-25,1639.4,1655.7,16.3,False,False
TC9C59FD3C0,2026-09,2026-09-23,1652.6,1664.2,11.6,False,False
TC85BCF4679,2026-09,2026-09-21,1069.4,1085.3,15.9,False,False
T711A4FB3DC,2026-09,2026-09-20,1442.1,1450.5,8.4,False,False
TDA01857472,2026-09,2026-09-21,783.8,793.5,9.7,False,False
T593C7D2F36,2026-09,2026-09-25,1162.5,1171.9,9.4,False,False
TAD1B3ECAF6,2026-09,2026-09-24,1149.9,1169.8,19.9,False,False
T77D8F1F07B,2026-07,2026-07-21,1746.0,1793.1,47.1,False,False
TA60FF3309B,2024-05,2024-05-22,1115.6,1132.1,16.5,False,False
T1540962193,2025-12,2025-12-23,1686.9,1774.1,87.2,False,False
TCF1A6CDF80,2025-09,2025-09-25,472.7,489.6,16.9,False,False
TAD1B3ECAF6,2024-11,2024-11-20,722.1,737.4,15.3,False,False
T017F5CC857,2025-12,2025-12-21,1623.2,1653.6,30.4,False,False
T14A35B501D,2024-05,2024-05-20,858.0,885.0,27.0,False,False
TDB77C6E5BA,2025-03,2025-03-22,620.9,635.8,14.9,False,False
T25A59C1230,2024-07,2024-07-23,112.0,137.4,25.4,False,False
T89289351AD,2026-07,2026-07-24,1464.6,1480.5,15.9,False,False
TDE3B85E449,2025-01,2025-01-23,1077.4,1089.2,11.8,False,False
T8E67D26322,2025-01,2025-01-22,1650.6,1665.9,15.3,False,False
T87B30A11CA,2026-01,2026-01-22,1628.8,1638.1,9.3,False,False
TFCDB644B38,2024-12,2024-12-22,353.4,378.8,25.4,False,False
TF2D53B5266,2025-05,2025-05-20,1472.0,1502.3,30.3,False,False
TC653350390,2025-09,2025-09-24,1473.5,1485.0,11.5,False,False
T013C0F8B57,2024-12,2024-12-24,1311.1,1324.0,12.9,False,False
T0E7497BE87,2024-04,2024-04-24,204.0,217.9,13.9,False,False
TA49FD77129,2025-09,2025-09-21,1386.6,1386.6,0.0,True,False
T132EB7CE2B,2025-01,2025-01-23,1169.9,1179.2,9.3,False,False
T500E1E73A5,2025-01,2025-01-25,845.2,854.5,9.3,False,False
T0E3944E1C7,2026-09,2026-09-20,1726.1,1737.6,11.5,False,False
TC5E185C6E8,2024-07,2024-07-20,99.5,110.3,10.8,False,False
TD8B8E83F9D,2024-04,2024-04-23,1209.0,1226.7,17.7,False,False
T7BF732B1D4,2025-12,2025-12-22,1276.6,1291.0,14.4,False,False
TBD7AFAA9AB,2025-10,2025-10-25,1327.3,1343.8,16.5,False,False
T997FBB56CB,2026-03,2026-03-24,1657.8,1670.4,12.6,False,False
T03D524AC98,2024-07,2024-07-25,1324.9,1337.8,12.9,False,False
T680C591820,2024-04,2024-04-25,1076.0,1083.1,7.1,False,False
T6DD01C39D7,2025-09,2025-09-21,1453.4,1486.0,32.6,False,False
T25A59C1230,2025-07,2025-07-22,414.2,436.4,22.2,False,False
T516D296A99,2026-03,2026-03-22,898.2,906.2,8.0,False,False
T7E1F631507,2025-07,2025-07-21,249.2,289.3,40.1,False,True
T8AB7B992DC,2026-02,2026-02-25,1653.4,1665.6,12.2,False,False
T17B01CE93D,2024-12,2024-12-25,1369.5,1388.7,19.2,False,False
T7562476AEF,2026-09,2026-09-23,2027.7,2054.7,27.0,False,False
T042B2178D1,2025-10,2025-10-21,412.0,412.0,0.0,True,False
T5D35014BC6,2026-01,2026-01-20,1644.7,1651.5,6.8,False,False
T80599540B9,2026-04,2026-04-24,632.7,661.8,29.1,False,False
T6F6C091F32,2024-06,2024-06-20,1313.5,1326.5,13.0,False,False
T2FC1A9FEB9,2025-05,2025-05-21,473.2,495.9,22.7,False,False
T592985E849,2024-08,2024-08-23,285.1,309.8,24.7,False,False
T57E5EAB9B8,2025-12,2025-12-20,1234.5,1234.5,0.0,True,False
T761C9E26E6,2024-09,2024-09-22,275.2,289.2,14.0,False,False
TB28F8F08F4,2025-04,2025-04-20,799.4,812.8,13.4,False,False
TA60FF3309B,2024-07,2024-07-22,1144.9,1155.0,10.1,False,False
TA014F1FF15,2025-05,2025-05-23,1212.2,1232.1,19.9,False,False
T6492EC951E,2024-07,2024-07-25,254.5,,,False,False
TE7328B9E12,2025-05,2025-05-20,606.6,613.1,6.5,False,False
TB1246EBDB6,2025-12,2025-12-21,704.9,712.2,7.3,False,False
T45A3829C6C,2024-12,2024-12-23,280.6,295.9,15.3,False,False
TFAE2AFD636,2026-07,2026-07-21,1542.3,1550.1,7.8,False,False
T292B036CC6,2026-09,2026-09-22,1237.0,1252.4,15.4,False,False
T71623730B1,2024-07,2024-07-20,1004.1,1018.8,14.7,False,False
T626DE7D352,2024-12,2024-12-20,1229.3,1292.8,63.5,False,False
T017F5CC857,2024-04,2024-04-25,1217.0,1243.6,26.6,False,False
T9B658694D7,2024-10,2024-10-20,532.5,551.8,19.3,False,False
T47801013F9,2024-10,2024-10-21,196.4,210.7,14.3,False,False
T7436A106AE,2026-08,2026-08-25,619.5,627.4,7.9,False,False
TE7D390D6E1,2024-08,2024-08-24,876.7,895.4,18.7,False,False
T0F12629295,2024-12,2024-12-24,396.1,399.1,3.0,False,False
T48829C6681,2025-07,2025-07-25,831.6,848.3,16.7,False,False
T599538981A,2025-09,2025-09-25,1521.2,1570.7,49.5,False,False
TD950C1321E,2025-12,2025-12-22,551.5,551.5,0.0,True,False
TBFDD3649BD,2025-01,2025-01-21,1383.8,1398.4,14.6,False,False
T9BABD62590,2024-04,2024-04-20,642.0,688.5,46.5,False,False
T886651EB56,2024-11,2024-11-20,1591.8,1611.8,20.0,False,False
T7562476AEF,2025-06,2025-06-25,1687.0,1706.1,19.1,False,False
T0EAA0EDBAF,2026-06,2026-06-22,1250.1,1280.6,30.5,False,False
T63AE43B763,2026-03,2026-03-21,1380.4,1410.3,29.9,False,False
TCBA87E8F93,2026-09,2026-09-20,1853.2,1869.1,15.9,False,False
T9B926E1A60,2026-06,2026-06-25,980.9,991.4,10.5,False,False
T80599540B9,2026-03,2026-03-22,609.1,632.7,23.6,False,False
T97A5E4F98E,2025-06,2025-06-21,1350.5,1363.9,13.4,False,False
TB460453C4D,2025-04,2025-04-23,344.9,363.6,18.7,False,False
T741A1119FA,2024-11,2024-11-24,375.0,396.7,21.7,False,False
T5F78380FF1,2026-07,2026-07-22,1101.0,1113.4,12.4,False,False
T592985E849,2024-12,2024-12-20,348.9,372.6,23.7,False,False
T90FCBE8560,2026-05,2026-05-21,1441.3,1458.5,17.2,False,False
T519E11C12F,2025-08,2025-08-24,285.3,298.6,13.3,False,False
T425CF74F89,2026-06,2026-06-25,1010.4,1012.7,2.3,False,False
T61903D0C08,2026-05,2026-05-20,652.0,665.1,13.1,False,False
T3B6195226D,2026-03,2026-03-23,769.1,785.2,16.1,False,False
T305BACE840,2024-10,2024-10-21,701.1,715.7,14.6,False,False
T051D6304AA,2024-05,2024-05-23,972.0,984.8,12.8,False,False
TA49FD77129,2025-02,2025-02-25,1122.4,1152.2,29.8,False,False
